G_H_Opening_MoneyLine,G_H_Closing_MoneyLine
-150,-141
115,128
-133,-141
-155,-159
-170,-161
-215,-202
-146,-142
108,114
-260,-255
-225,-220
-175,-198
-145,-130
-155,-136
-144,-138
-108,-130
-127,-141
-105,-108
112,102
153,145
-135,-148
-116,-112
102,-111
-181,-160
-123,-127
-129,-136
-171,-157
-160,-139
148,153
104,105
112,120
117,128
-170,-193
-114,-128
-104,-103
-152,-136
138,157
115,124
-144,-166
108,-107
-139,-165
-149,-159
128,141
-119,-112
180,168
-170,-181
-117,-136
-125,-125
-120,-116
-155,-152
146,136
-115,110
-135,-124
-202,-202
-202,-183
-145,-158
-170,-168
-115,-133
-125,-134
-110,-106
115,-104
-105,-105
-175,-205
150,149
110,138
112,116
-145,-148
115,123
-180,-192
-151,-145
-122,-128
-158,-152
-220,-230
-150,-142
-125,-130
-135,-133
-242,-250
146,146
116,122
-110,114
-125,-134
-130,-147
-165,-159
-105,-110
-127,-104
135,113
-135,-122
-160,-171
138,134
108,-101
-125,-132
-103,-108
-200,-208
100,100
-155,-138
-125,-111
-102,122
113,119
-164,-171
-137,-117
127,137
-117,-120
-135,-146
-108,-117
-170,-166
102,-124
-144,-162
-122,-133
-114,-123
-150,-136
-122,-116
-122,-108
-146,-144
155,160
105,117
135,124
-105,-105
-146,-164
150,141
182,210
-185,-225
-147,-158
112,-109
-147,-144
112,104
-230,-257
-105,-111
-232,-255
130,129
-115,-101
138,126
-215,-185
-140,-145
-160,-174
103,106
-125,-114
-232,-255
107,-101
-175,-190
-108,104
-165,-181
105,107
125,118
-197,-186
-220,-290
-155,-145
-155,-148
-105,111
-140,-154
129,142
-128,-139
120,116
118,129
105,120
-128,-139
-148,-147
120,116
-110,-104
-192,-198
-135,-130
-123,-122
-140,-141
110,123
-108,-101
110,-102
118,129
-130,-132
-107,-134
110,-102
125,133
-123,-129
-145,-141
-110,112
-235,-243
-130,-118
170,176
-145,-148
108,142
-130,-136
170,176
-115,-132
-105,-125
-220,-247
-197,-201
-130,-114
-152,-164
-150,-153
142,159
107,-102
-105,-102
-190,-201
-127,-103
-160,-145
-152,-153
-120,-121
-215,-251
-125,-112
-120,-140
-111,101
-135,-141
-235,-263
147,155
-112,-104
-111,-117
-167,-196
-195,-188
-155,-161
-108,-102
-130,-138
127,125
-215,-195
-105,-111
101,105
-140,-145
-140,-137
-195,-230
140,153
-150,-162
-140,-144
-140,-147
-155,-162
153,144
-230,-210
-118,-120
-102,102
-140,-159
-173,-174
-112,-102
-120,-115
-225,-241
-151,-179
-116,-130
-197,-198
-147,-167
-110,-130
133,152
-160,-163
-113,-114
-120,-131
160,157
-187,-218
-120,-102
-120,-121
-230,-260
-180,-165
135,148
-240,-260
115,116
-202,-240
135,137
-131,-121
-105,-105
-130,-124
140,140
-215,-235
115,133
-145,-152
-148,-160
-202,-184
121,110
-235,-219
140,135
-150,-141
-180,-180
-130,-114
-150,-150
135,131
-183,-188
-205,-222
-124,-114
-168,-178
-144,-128
-138,-121
145,143
-163,-169
-210,-233
-155,-139
-140,-141
106,110
140,145
-105,-102
-115,-121
-125,-126
110,104
163,165
-192,-227
-170,-160
115,102
-142,-145
-195,-180
-160,-167
-105,-103
-178,-173
117,127
-131,-132
112,115
114,110
-107,-123
-115,-125
-160,-152
-138,-123
162,157
120,118
-170,-171
-126,-119
-147,-138
-176,-170
117,112
100,115
-115,-125
-138,-138
111,110
125,104
117,139
134,109
-102,-110
-150,-142
115,101
-140,-153
-225,-240
140,127
112,-110
-147,-142
-197,-205
-148,-138
-103,-111
142,149
115,112
-134,-155
-172,-176
-146,-163
-192,-180
-153,-135
-235,-265
135,115
115,134
-139,-130
-138,-127
-135,-137
130,117
105,-112
-123,-128
116,126
-145,-153
-117,-119
-142,-151
-125,-101
125,133
-135,-141
-235,-210
-168,-169
105,108
-125,-121
-120,-130
130,129
-165,-141
153,145
120,115
-140,-153
-175,-168
107,112
-145,-132
-130,-115
-113,-113
-108,-102
153,160
-115,-128
107,112
113,112
-105,-109
-132,-127
-107,114
-144,-160
-155,-144
-129,-124
-132,-119
-150,-156
-108,-109
-115,-134
115,116
113,112
-190,-203
-113,106
-155,-166
150,142
130,120
-130,-114
-215,-246
101,106
-155,-146
-127,-131
110,112
115,118
-180,-183
115,131
-132,-140
-122,-139
108,118
131,140
-140,-153
-137,-145
145,151
-192,-197
-118,-113
155,147
-150,-142
-150,-138
110,124
-103,-109
-180,-199
-118,-125
100,101
-133,-144
-160,-161
170,151
-135,-135
140,131
128,111
105,115
134,138
-242,-270
130,118
-108,-110
-113,-116
105,128
-165,-168
-170,-158
150,129
-171,-165
-113,-103
-125,-126
150,158
-154,-142
-115,-120
-164,-160
-115,-107
-140,-142
-105,103
107,105
-210,-240
146,131
-126,-132
-125,-120
113,-101
110,102
-108,103
126,125
-145,-157
-106,-104
-120,-132
-107,-110
-137,-148
130,120
-155,-147
105,108
-135,-150
-131,-135
140,131
104,-102
125,139
-140,-141
113,123
-160,-166
110,118
-125,-127
-170,-164
-127,-122
-158,-148
-155,-153
-112,-105
115,134
-145,-142
110,113
-112,-104
-170,-178
110,102
-120,-125
-155,-154
113,120
-128,-123
120,120
-155,-146
-105,102
113,120
121,119
-146,-152
111,118
182,190
-123,-110
120,107
-121,-108
-247,-250
-163,-147
-123,-142
-112,-101
-155,-141
100,-106
-110,103
105,102
-175,-206
103,103
187,222
-160,-163
-135,-150
-155,-150
-142,-125
-161,-166
-113,-115
-202,-178
-115,-113
165,167
-155,-168
162,161
-110,-107
-265,-272
105,-101
110,116
-156,-147
-133,-152
-177,-175
121,134
-119,-110
-190,-190
-160,-154
-160,-155
115,118
112,128
-160,-162
-163,-165
-192,-186
-130,-119
115,120
-180,-189
-167,-176
-105,100
-130,-144
-145,-138
123,120
135,149
-165,-155
-148,-152
-177,-165
148,143
-131,-123
-147,-163
-163,-165
-105,102
-117,-107
-170,-157
-140,-127
-175,-202
135,131
-176,-177
-125,-140
-138,-146
-202,-191
-140,-145
-119,-103
-128,-131
111,103
120,105
-175,-178
-173,-168
138,141
-128,-118
-165,-164
-143,-133
-112,-115
-125,-130
120,107
-145,-144
-165,-168
105,117
155,131
-140,-143
-190,-187
-165,-164
187,210
100,-107
-170,-156
-140,-133
-110,-118
-120,-114
-145,-149
-160,-152
-130,-120
-225,-220
108,-111
-190,-184
-222,-213
120,139
100,100
-140,-137
-135,-125
-115,-115
120,104
117,129
-130,-130
-125,-121
-105,107
-215,-219
100,-110
-165,-181
-210,-205
-170,-157
-170,-160
-135,-138
-123,-143
120,110
130,111
-106,106
-250,-320
-106,-103
132,129
-110,-124
-130,-129
-133,-128
-115,-106
-197,-206
121,105
-143,-136
-130,-141
115,123
-143,-131
-245,-263
110,-107
-105,-116
-130,-123
-160,-173
-130,-122
-115,-105
-140,-143
182,180
-160,-159
-111,-111
-121,-124
-111,-111
-150,-165
115,132
-210,-215
111,125
-102,101
-163,-187
-121,-124
-115,-118
-255,-262
-118,-136
-143,-136
-158,-130
-110,-105
-128,-135
-105,103
103,116
-130,-125
-125,-120
115,-105
108,120
-232,-227
-192,-215
110,103
-125,-152
-158,-143
-138,-148
-107,-110
126,114
201,175
-152,-152
-168,-168
127,127
110,115
-169,-181
-178,-191
-125,-152
116,116
135,115
-170,-162
-128,-128
-132,-134
120,122
-235,-261
-137,-143
120,102
-220,-220
-185,-189
-118,-111
107,107
-157,-176
-127,-110
-131,-126
110,102
-125,-118
118,105
-125,-114
-115,-111
-138,-128
-175,-172
102,-102
122,117
-125,-116
115,111
-158,-166
113,128
-192,-195
120,133
-165,-166
195,180
-140,-144
-103,-102
-107,-109
-170,-156
115,110
-118,-116
-131,-115
-141,-140
-135,-135
-155,-159
128,131
-153,-152
140,150
-130,-123
-192,-190
-138,-145
-155,-159
-177,-166
150,166
120,112
-110,-118
-167,-167
-118,-113
110,125
113,-102
-122,-120
-113,-117
145,140
-169,-172
-120,-120
-150,-156
-155,-151
-155,-149
147,140
-150,-155
135,133
-177,-161
-151,-159
-175,-166
-120,-109
200,205
-170,-162
-170,-166
-160,-138
115,119
-148,-146
113,128
-170,-175
-150,-167
-134,-133
-130,-135
-178,-155
105,-104
-215,-205
-140,-158
-151,-137
-143,-136
105,122
123,121
-145,-150
105,101
-117,-119
-135,-130
-145,-147
-160,-152
-105,-104
110,115
-117,-126
-170,-168
-162,-166
-146,-156
-117,-112
-113,-115
-181,-187
-147,-142
-119,-114
-110,100
-235,-230
147,160
116,105
107,119
-215,-200
-129,-138
-123,-109
114,106
-155,-138
-141,-124
-122,-121
-148,-154
-137,-144
-115,-111
-138,-130
-172,-175
142,140
-147,-158
126,141
-183,-183
100,-111
-159,-157
-155,-157
-122,-110
-158,-162
-105,-107
-187,-212
-105,-105
-116,-116
-144,-137
155,175
-105,107
135,143
-235,-242
105,-102
-130,-140
-113,-102
-120,-113
-127,-115
129,122
-148,-153
115,115
100,104
-170,-190
-118,-102
-235,-259
-144,-135
-130,-123
124,125
130,116
-143,-137
-128,-136
-108,-102
160,145
-163,-155
-107,-111
-125,-130
-148,-140
-117,-122
-110,-110
-132,-125
125,131
-160,-155
-114,100
-133,-132
102,103
-125,-124
-120,-107
127,123
110,108
-127,-120
-105,104
-160,-155
-230,-230
-165,-163
-120,-115
-140,-128
127,127
105,102
115,103
-205,-226
140,133
-117,-125
111,-105
-140,-135
-151,-151
117,108
101,-101
102,-105
110,108
-120,-127
-130,-105
-135,-130
148,159
-138,-130
-122,-117
-128,-113
127,139
-138,-131
-123,-141
107,-108
-102,-114
137,125
-142,-134
103,103
106,-102
-108,-108
138,142
115,118
-138,-140
106,103
136,135
-156,-146
-128,-110
-146,-159
-175,-185
-110,-112
-210,-260
118,122
113,113
149,162
-117,-112
-120,-135
-157,-150
-105,-108
-150,-150
-133,-135
-169,-172
-130,-134
-120,-135
104,106
135,127
-118,-114
-144,-156
-185,-195
-156,-156
-155,-148
160,155
-165,-143
-165,-155
-132,-132
-180,-215
-146,-147
-135,-139
140,148
-121,-122
-149,-163
-155,-143
125,123
-168,-155
106,125
105,106
-113,-110
-133,-123
-197,-220
-155,-157
-118,-118
-184,-170
167,207
106,110
-150,-146
-171,-143
-172,-175
123,143
-135,-130
-133,-152
107,110
-122,-123
-167,-175
-156,-145
-171,-185
115,105
-193,-213
104,108
-167,-162
-135,-130
-124,-123
-144,-134
-147,-152
149,163
153,150
-182,-179
-270,-282
-190,-210
-112,-110
-197,-227
-127,-116
-131,-131
-156,-150
-122,-119
-128,-133
-137,-141
-102,101
-167,-173
100,102
137,138
-202,-236
-182,-204
107,104
-178,-186
-131,-125
-220,-249
-133,-158
-121,-119
102,107
-133,-120
-163,-182
104,100
-167,-164
-122,-115
-133,-128
-160,-153
-225,-243
103,110
-117,-123
-160,-165
-112,101
-133,-138
117,106
-141,-135
-126,-143
-132,-130
-186,-183
-148,-142
-101,-108
-189,-188
-146,-145
-131,-123
113,118
-144,-144
-220,-245
-150,-148
101,103
-137,-143
-119,-122
-118,-126
-169,-163
-168,-164
-149,-148
123,123
-187,-197
-114,-111
109,121
-177,-184
-126,-139
-108,113
-280,-301
-109,-111
-122,-142
-127,-134
-152,-152
-193,-209
120,136
-187,-203
-107,-113
-112,-108
121,123
-159,-169
-156,-157
-107,-114
-117,-130
-120,-123
-122,-126
-158,-148
-191,-194
113,110
-154,-163
145,149
-109,-120
-110,-113
160,156
-107,-108
132,117
-107,-112
108,116
100,-104
109,111
-180,-184
132,131
-192,-220
161,169
104,106
-134,-140
-116,-119
117,124
-106,-115
-113,-108
-118,-123
106,101
109,112
119,113
137,148
-107,100
180,170
-189,-205
143,155
-121,-117
-148,-152
174,165
120,121
-122,-134
-124,-124
140,135
-141,-150
-142,-159
-124,-125
120,123
-193,-207
110,118
-180,-195
134,138
-141,-140
-156,-148
107,100
129,140
-141,-146
111,123
131,139
-130,-138
-149,-152
102,101
-144,-140
-140,-147
-173,-158
131,129
-134,-141
104,-111
130,124
-132,-128
-151,-148
114,119
-106,102
-111,-111
-161,-163
-107,-103
-119,-117
-145,-139
132,146
-140,-128
101,-109
-150,-143
117,105
-167,-166
-122,-119
-240,-240
-111,-113
-160,-164
-161,-165
-137,-136
124,130
-149,-150
-171,-176
-152,-148
136,141
-145,-143
-107,105
-157,-140
-250,-280
-171,-181
-118,-118
-171,-181
-108,-107
-155,-158
-171,-171
-117,-115
173,193
-141,-147
-116,-116
-165,-163
103,109
-172,-173
-174,-164
-210,-219
-175,-179
102,107
134,131
-153,-159
105,110
-149,-135
127,124
-135,-144
-189,-184
-166,-162
-119,-111
-162,-168
-137,-139
-156,-163
-149,-148
117,100
-132,-126
128,130
-107,-106
-119,-118
135,149
-149,-148
-147,-147
-128,-133
-133,-154
-133,-136
-171,-169
-132,-131
-131,-140
-111,101
-110,-106
122,113
-135,-132
-175,-190
-152,-157
-162,-171
-132,-138
-142,-150
103,104
-116,-121
-162,-156
-114,-124
-149,-168
-213,-245
109,105
169,159
126,123
-152,-139
103,-118
-140,-151
104,-113
-119,-115
-200,-226
-152,-157
126,129
-136,-131
-278,-347
103,100
-119,-120
-171,-166
-142,-154
111,105
-117,-117
134,129
105,107
-132,-141
-162,-156
114,113
128,125
-290,-292
-107,-105
197,202
144,146
-108,111
-152,-152
102,-103
-150,-147
125,120
-112,-113
-148,-140
-200,-210
-140,-141
144,146
-132,-142
-235,-251
115,118
-193,-183
-130,-149
158,154
-142,-156
110,109
122,131
-115,-108
-152,-156
-175,-167
-113,-103
124,118
-192,-173
114,108
141,146
-103,102
-135,-146
-167,-158
-147,-157
-169,-165
-116,-132
-190,-189
112,110
-120,-116
-134,-166
-230,-235
-107,-120
109,-104
126,127
-141,-160
-178,-181
-124,-116
-147,-139
-159,-156
-235,-250
134,125
-198,-241
-205,-207
-104,-105
128,119
142,130
142,147
-131,-122
-127,-126
-107,104
-156,-156
-160,-167
-218,-223
-142,-144
-131,-154
122,125
-117,-133
-153,-160
110,119
-130,-118
195,185
147,152
-135,-144
-152,-151
178,182
-240,-235
121,110
-109,-106
-150,-126
-153,-160
-103,-121
113,108
103,-105
137,129
122,137
139,150
-160,-165
-115,-122
-131,-116
-166,-170
-117,-116
-131,-120
-154,-159
-186,-178
118,103
114,115
126,125
143,134
-143,-140
-136,-144
205,200
-250,-267
-166,-172
-160,-170
112,104
149,144
153,156
105,103
-144,-133
-149,-150
-133,-138
-108,-129
-265,-291
-149,-150
-133,-122
-140,-133
-193,-206
-151,-149
-125,-121
-260,-304
200,248
191,192
-132,-135
-155,-159
-166,-177
-140,-145
-174,-195
-165,-163
-146,-139
-178,-177
146,151
240,240
119,108
138,137
-128,-141
-149,-155
-156,-184
-282,-301
-140,-138
134,139
-152,-160
-126,-127
-118,-113
-119,-118
-178,-178
166,160
104,110
-168,-173
-103,116
-273,-290
-132,-126
-209,-222
116,-105
-135,-122
-155,-154
-150,-155
-123,-116
-168,-176
-103,-107
-175,-175
-102,-115
127,139
-169,-165
-103,-105
114,121
-189,-197
-116,-115
-118,-130
-150,-134
-161,-159
-156,-155
167,165
-187,-212
117,129
-166,-180
118,110
122,128
-185,-212
-103,103
-111,-118
-172,-169
-175,-180
-145,-159
-150,-145
-191,-190
126,115
-230,-229
-138,-159
163,160
162,175
-133,-132
188,231
107,-108
-265,-275
-116,-119
-225,-245
-104,113
-162,-169
-140,-150
-170,-169
106,113
203,162
-245,-324
-116,-121
-107,-107
152,145
118,121
-148,-150
102,-102
-158,-160
-270,-330
-103,110
-245,-260
-157,-173
-157,-162
-202,-243
-171,-170
-135,-141
138,129
134,125
-128,-136
-132,-122
-147,-151
-105,-107
121,116
-150,-134
-118,-113
-139,-133
122,124
-135,-134
-202,-222
-162,-153
-141,-144
182,175
-131,-131
-142,-129
-176,-177
112,105
-198,-205
123,130
-117,-125
-144,-139
-117,-125
-114,-121
-196,-217
115,123
-121,-112
138,151
-235,-240
102,113
-171,-161
-124,-127
123,120
-325,-312
132,123
-122,-126
115,-101
-103,-102
-285,-285
-144,-137
144,146
-112,-125
-106,-106
-275,-290
-143,-149
-161,-160
-171,-188
141,130
-144,-137
-130,-135
123,122
106,116
-183,-178
-131,-127
129,140
108,110
122,125
-140,-131
-120,-121
152,166
-131,-127
-150,-156
-164,-179
-156,-150
-114,-110
137,133
-120,-120
-181,-183
-105,-101
-112,-111
-128,-127
-144,-147
135,145
-103,-110
-164,-179
-138,-142
133,163
-150,-136
-151,-148
-122,-120
-118,-104
-105,-121
-107,-107
-114,-124
-123,-125
138,145
125,130
-210,-251
-135,-133
115,126
-160,-142
-154,-170
-117,-119
-107,-104
-122,-118
103,115
-125,-128
111,135
-138,-141
-158,-156
109,133
110,123
-246,-272
-136,-146
112,127
-155,-164
-166,-166
-187,-179
200,179
106,101
-260,-282
148,175
-152,-160
113,131
133,135
-187,-168
-260,-325
-190,-182
134,132
-117,-143
-189,-187
-235,-271
144,143
-197,-211
169,175
-111,-107
106,127
-145,-146
175,177
-142,-136
117,121
178,169
-107,100
-245,-259
131,131
-186,-207
-162,-177
140,146
-110,-103
-108,-108
-128,-140
180,176
-131,-125
-178,-206
-148,-149
-174,-194
-180,-186
-190,-223
-160,-160
112,122
-132,-123
142,151
114,112
-158,-157
171,171
-123,-143
-128,-138
-132,-139
-186,-192
-132,-138
-147,-142
118,123
-171,-171
-125,-128
141,158
150,146
-166,-165
180,198
-186,-190
-147,-140
-153,-166
-154,-145
-116,-117
-193,-202
-275,-302
-125,-148
-147,-140
179,177
-132,-138
-119,109
148,148
161,161
127,127
185,182
-215,-251
-156,-175
-134,-126
-112,-117
-188,-212
-185,-200
-176,-182
-171,-172
120,114
-168,-176
-172,-185
150,146
166,183
-180,-180
105,102
-225,-253
-132,-117
165,198
128,140
-107,106
113,118
113,102
-150,-169
-190,-186
-110,-107
-119,-118
173,172
-193,-206
-181,-195
140,143
136,149
101,-104
-122,-108
157,166
-143,-140
-150,-149
-132,-130
106,100
-150,-140
104,112
-111,-102
190,175
-182,-185
-180,-201
131,134
-109,-109
178,196
119,127
180,192
-117,-136
-162,-176
-141,-128
-107,100
-134,-121
-128,-126
-190,-205
-240,-294
178,180
215,245
116,110
-134,-133
-138,-138
146,161
-225,-270
176,190
-193,-200
-104,108
-190,-207
100,102
-340,-420
-157,-170
141,152
-159,-162
-113,-117
-280,-316
159,165
-295,-341
182,200
-193,-190
101,103
-167,-172
-216,-235
-170,-181
-116,-127
157,168
-169,-174
-152,-159
-197,-216
115,112
-125,-123
150,170
-200,-210
104,109
-233,-265
-218,-240
-143,-146
-156,-173
-173,-180
-104,-105
-230,-263
-118,-124
-229,-214
-172,-168
112,121
-128,-136
-275,-268
-120,-120
132,138
-310,-420
-190,-203
-104,102
-164,-152
-285,-330
-217,-220
129,138
116,121
-298,-307
-202,-199
179,178
108,112
-300,-346
-240,-245
-175,-172
-365,-360
127,124
-103,-101
-330,-290
112,117
171,186
-335,-365
-290,-321
-175,-172
106,-112
123,124
-320,-340
-123,-104
-197,-177
-320,-340
-325,-350
157,172
-105,110
-123,-104
-197,-177
-127,-130
-207,-224
-166,-172
-107,-110
-320,-340
-205,-235
-145,-135
265,298
-169,-183
-230,-264
-145,-135
166,171
-146,-144
104,-102
-265,-299
149,151
-106,-105
116,112
-107,-110
113,121
-121,-117
-163,-169
178,183
-205,-222
-173,-170
-155,-156
167,168
-134,-135
109,109
-193,-201
161,160
142,152
135,135
225,220
108,110
-122,-124
-187,-189
195,186
-205,-200
-175,-178
100,116
211,212
114,124
-110,-110
141,146
122,130
147,140
205,228
141,149
-111,-110
-188,-170
240,225
228,220
240,225
-112,-102
136,143
139,142
-290,-317
191,207
121,145
-137,-134
-225,-246
187,180
188,175
-217,-234
-121,-118
-227,-235
225,227
152,156
-200,-227
-155,-165
101,112
-400,-451
-161,-168
-275,-325
200,188
144,144
-134,-134
-109,-104
-163,-174
-133,-120
-175,-182
-275,-325
225,245
148,148
-171,-161
-132,-115
164,172
-273,-307
-193,-190
180,169
152,144
-122,108
-132,-140
200,187
128,137
-184,-221
-170,-180
-193,-193
-139,-136
139,150
-405,-433
-176,-163
-285,-330
131,133
-135,-125
-153,-151
182,170
-120,-114
-215,-254
106,103
-190,-200
-195,-231
180,167
101,-102
-155,-156
-185,-224
-351,-390
-132,-129
-168,-158
-130,-120
187,179
-145,-137
-192,-188
120,110
-230,-231
-220,-210
-106,104
220,215
-176,-175
-215,-277
-129,-121
-350,-368
118,115
-276,-301
127,127
167,142
-156,-145
-168,-166
109,-102
-270,-260
-210,-211
-129,-121
125,124
-124,-107
-128,-112
-222,-226
-123,-130
-123,-130
-192,-190
-121,-134
-156,-158
-146,-144
-235,-250
213,212
-280,-297
190,181
-230,-242
-151,-148
-125,-119
-120,-119
-122,-132
-116,-120
112,-101
-158,-150
-216,-203
158,159
-163,-160
116,117
-187,-200
124,134
-235,-260
-102,104
119,127
-132,-138
-144,-142
-112,-118
-121,-132
110,111
111,115
-249,-265
112,115
-240,-260
-310,-363
-140,-145
-140,-145
-191,-187
210,195
-245,-233
-227,-231
-181,-185
-160,-160
-107,100
142,152
-148,-142
149,146
-265,-280
144,125
-126,-108
-145,-160
-173,-175
183,163
-230,-210
-131,-125
240,251
-165,-151
-148,-138
127,147
-147,-149
141,130
-112,-112
-280,-333
225,240
-131,-137
-142,-147
119,125
171,155
-235,-252
-140,-145
127,124
-116,-111
-142,-147
139,135
-187,-180
-113,-121
-335,-373
163,185
-147,-130
-157,-166
-149,-136
153,148
-186,-176
-154,-137
110,119
-178,-173
-119,-121
104,-108
-230,-235
114,125
190,171
-119,-110
-285,-294
140,129
-186,-180
142,131
-134,-122
-116,-107
-205,-206
-134,-149
-125,-151
150,148
195,169
-114,-110
-275,-267
121,130
-186,-180
-102,-104
-139,-132
-210,-220
-255,-261
129,130
-119,-120
-210,-220
-103,-104
-156,-152
-114,-114
270,290
109,119
-230,-222
-103,-104
-235,-220
148,142
-127,-112
-103,-104
-225,-229
-156,-152
-210,-210
-131,-118
-169,-170
-114,-114
-109,-114
-109,-114
165,154
177,190
-295,-317
-197,-176
-118,-112
-197,-220
-181,-167
-200,-205
-128,-131
-151,-167
-116,-107
-165,-183
-140,-141
145,145
-129,-125
-171,-179
-145,-151
-181,-180
-151,-168
111,-108
-124,-126
195,237
-127,-125
-146,-150
111,123
-145,-136
-106,-103
-156,-160
-145,-136
115,112
-119,-116
-295,-335
-102,-101
-144,-143
-128,-129
-109,-106
-109,-109
-175,-172
-121,-119
118,107
-175,-177
-138,-135
-107,-110
-104,-119
-166,-161
-225,-210
-153,-150
-151,-166
114,114
131,137
120,122
177,182
-159,-150
-115,-122
-105,-106
145,147
-156,-172
-164,-204
112,111
105,114
-175,-200
115,120
153,145
-155,-147
-158,-153
151,147
-119,-111
123,133
-175,-160
116,107
126,134
136,135
-230,-220
-230,-223
-150,-148
-155,-151
-104,100
-167,-163
-146,-149
143,130
-112,-140
-161,-160
-220,-224
-111,-110
-118,-121
-176,-161
-120,-126
-124,-136
-112,-104
-137,-133
-141,-130
-161,-162
-154,-141
-145,-172
-197,-210
-109,-119
-102,-104
113,-101
-156,-145
-125,-125
-137,-142
103,107
120,114
-107,-113
-138,-124
-139,-131
-153,-162
101,-110
-133,-139
-138,-149
-183,-198
-137,-149
-148,-151
101,110
-108,-112
-104,100
-131,-138
-126,-138
-104,100
-119,-124
-111,-117
117,104
-120,-117
-124,-125
-163,-160
-122,-111
-141,-157
109,119
-102,-110
142,131
-105,-108
-116,-142
-126,-130
103,100
115,108
108,-111
-132,-135
-175,-195
145,153
-116,-127
128,119
148,153
124,125
-109,-120
-102,-111
101,-113
103,-101
131,126
-117,-120
-128,-136
-153,-166
-141,-143
112,111
-116,-118
118,112
113,-105
149,145
-189,-192
-107,-108
126,123
116,129
-106,-104
-136,-131
-104,-119
-103,-110
102,100
-184,-185
121,127
-144,-156
-101,-115
102,101
115,-105
-130,-142
111,121
-114,-122
-123,-140
-187,-220
-135,-156
-200,-237
-121,-146
144,129
108,124
-118,-119
-106,102
-108,-106
-137,-136
-168,-186
129,102
-109,-116
-112,-120
135,135
110,114
-107,-125
-114,-105
-126,-135
-124,-133
-307,-360
-113,-106
-101,113
-138,-146
106,-104
-114,-122
-128,-133
107,-112
-187,-215
-168,-184
130,120
-127,-134
-301,-330
-147,-145
101,-118
-106,-122
-143,-117
-123,-116
-122,-128
-111,-112
120,103
-187,-210
-171,-158
-114,-116
110,104
118,140
-140,-149
-143,-139
-147,-171
104,112
-189,-176
-148,-156
-101,-105
-161,-187
122,117
126,138
-164,-192
-104,105
-142,-151
-173,-188
131,110
-104,-108
-137,-155
102,-114
-130,-115
-120,-105
-114,-110
136,123
-179,-220
146,133
-161,-183
106,121
-160,-158
-121,-130
-197,-235
126,126
100,-110
127,132
-124,-120
-170,-155
-105,-107
-115,-142
-139,-129
-207,-235
-139,-162
-170,-173
-135,-150
-131,-160
115,111
-138,-123
129,125
-122,-136
-160,-186
145,156
109,103
-153,-130
129,128
109,-106
-204,-179
-122,-142
-114,-105
-162,-152
-105,-107
-124,-142
-132,-141
-141,-150
-130,-141
-153,-158
154,135
-118,-135
-138,-145
250,225
-107,-108
-192,-185
-128,-126
101,101
122,107
-104,-114
-120,-101
127,104
-104,-114
-132,-123
-145,-158
-128,-117
143,125
-136,-150
-184,-187
-126,-119
116,122
-192,-205
-130,-150
-116,-138
-144,-154
121,116
-112,-116
-167,-171
-174,-190
111,105
-116,-115
-214,-230
-128,-126
-143,-141
102,116
-115,-116
-127,-142
-157,-164
-107,-110
-163,-168
112,109
-122,-128
-166,-177
-103,-112
-185,-180
-123,-115
107,110
126,111
-101,-107
-106,-110
-139,-142
101,-101
-153,-163
102,120
-101,-107
-165,-156
-192,-184
-184,-199
133,128
-102,-110
-110,-113
-167,-172
-137,-150
-117,-119
-133,-131
-127,-126
-165,-169
113,110
-128,-141
-141,-144
-162,-162
-148,-148
115,100
-132,-161
-177,-167
104,103
131,121
-111,-113
142,146
-149,-149
-105,105
-217,-225
127,129
-123,-120
-127,-131
-102,-109
-138,-135
-106,-117
-112,-126
121,116
-132,-153
170,169
-121,-129
-229,-229
-139,-152
-103,-119
-110,-121
-116,-111
-212,-205
-189,-178
-113,-127
-120,-126
-110,-128
136,132
118,126
-148,-159
122,110
-104,106
-163,-160
-145,-139
-162,-177
123,133
-165,-169
154,158
-166,-170
-149,-163
-157,-150
-104,-118
-192,-193
-211,-224
-123,-124
-131,-140
-160,-176
-116,-114
-125,-148
-102,-110
205,204
-130,-127
-156,-169
122,113
-139,-160
-204,-237
-230,-260
184,178
-146,-168
-160,-157
-123,-137
128,113
-154,-162
-101,-121
-136,-162
-131,-134
-205,-181
-105,-128
-103,-106
-220,-232
-131,-134
-114,-124
-115,-124
-155,-157
-117,112
-142,-155
-185,-220
101,-122
-157,-186
121,112
-141,-138
-131,-136
-150,-160
-132,-160
-240,-229
-162,-151
-118,-110
157,139
-131,-137
-146,-148
-136,-115
138,134
-157,-160
160,160
-133,-148
-135,-144
-180,-225
-151,-158
-162,-164
-183,-180
-120,-110
100,-106
121,115
-104,105
113,102
-202,-219
132,123
-120,-121
-163,-155
-163,-148
-101,-103
-178,-168
144,143
-113,-120
-157,-159
-157,-156
-170,-177
-136,-126
135,150
-123,-125
-160,-179
-112,-117
-140,-155
-107,-114
111,129
-131,-145
-135,-128
-197,-173
-109,-109
124,117
-132,-129
-105,-120
-137,-128
-103,-137
113,103
123,-102
103,101
-110,-111
-134,-129
-101,-102
-116,-133
-111,-124
-125,-124
-162,-168
-135,-135
-115,-115
-109,-108
110,107
112,120
-151,-167
110,105
-101,-102
-113,-115
-113,-111
100,104
-101,-106
-123,-139
-122,-136
-122,-131
-105,102
-110,-122
175,205
105,-104
116,-107
-101,-105
-122,-136
136,152
127,102
-101,-113
-104,-113
-147,-163
-135,-143
163,164
-102,-114
148,136
-123,-148
-116,-113
106,104
139,132
-132,-147
-152,-158
-130,-137
-228,-220
-121,-128
126,110
138,129
157,163
110,115
-137,-136
119,123
-106,-114
-150,-144
-155,-158
-125,-128
102,106
-137,-134
-128,-126
-124,-135
161,165
-132,-138
156,153
109,106
-121,-125
-110,-126
-119,-108
-125,-136
-167,-168
-153,-153
157,142
-127,-127
102,-107
-102,-110
-138,-150
-119,-113
121,117
-143,-142
-192,-182
-151,-153
131,128
-119,-110
-104,-113
-125,-122
150,146
122,120
-175,-176
-177,-188
-202,-232
-162,-169
-129,-155
-154,-166
-112,-111
-123,-136
112,134
-127,-140
195,190
-119,-134
158,137
-102,102
-192,-193
-177,-166
-134,-142
-132,-132
-139,-140
-110,-132
-225,-262
105,123
110,116
100,104
-102,116
-143,-147
-125,-132
-110,100
109,105
-149,-152
-132,-141
125,118
-122,-145
109,-105
-192,-205
-157,-151
-108,-119
-127,-120
-210,-222
109,109
-127,-129
106,116
-112,-120
-135,-121
-150,-152
119,-103
-170,-164
-109,-106
-153,-160
-119,-115
-151,-131
-113,-121
-112,-105
-171,-166
132,134
-156,-153
-123,-138
-105,-106
-130,-126
-110,-127
-163,-170
-127,-118
-131,-126
-205,-215
-135,-136
-107,-122
-167,-169
118,130
114,111
-106,-122
100,117
100,106
-101,108
-250,-249
-218,-227
-116,-127
-161,-175
157,153
-145,-150
130,129
-102,-101
103,106
-175,-189
-103,104
-155,-150
-101,-113
-192,-200
-113,102
-130,-145
-104,-116
-174,-218
-113,-128
-169,-222
-186,-224
-114,-122
-180,-200
-103,-108
-141,-140
114,105
-151,-159
101,-101
-144,-155
-180,-206
-160,-160
-163,-172
-141,-157
-140,-133
-223,-249
-110,-107
100,-101
-116,-125
103,-102
-184,-194
-169,-178
-106,106
-102,-111
-107,-115
-142,-150
-143,-165
-143,-159
146,143
101,-111
-122,-134
102,-125
-102,-105
110,104
-137,-135
-145,-164
119,118
-146,-160
-144,-136
-134,-135
-111,-105
155,158
-118,-145
-210,-250
118,120
150,156
-104,-104
115,105
-143,-152
-157,-181
116,140
-103,-111
-129,-124
-162,-163
-129,-120
143,144
-142,-161
-129,-139
-113,-122
-130,-120
215,270
139,145
-167,-181
113,112
-251,-280
134,117
-169,-191
144,142
-230,-237
-101,-115
-136,-125
203,230
123,115
107,-110
-113,-144
136,125
-115,-114
130,127
138,154
-133,-156
-157,-180
-145,-148
-102,-110
133,125
-105,-110
120,117
-115,-118
101,107
139,141
-115,-118
103,103
139,138
106,109
-104,-114
-113,-134
-127,-121
-170,-167
133,125
149,155
-157,-151
-115,-112
-136,-132
-154,-157
-136,-143
106,115
122,125
-127,-126
-128,-141
120,113
-157,-173
-131,-146
109,107
155,143
-149,-161
-136,-132
121,122
110,107
-110,-121
152,165
128,126
-125,-124
-115,-125
-145,-144
-141,-147
-156,-153
-148,-144
-105,-136
-158,-174
-142,-171
106,106
128,134
110,104
-109,-117
-118,-142
-107,-109
-119,-141
-103,-111
-101,105
102,111
149,167
-174,-191
105,100
-154,-165
114,131
-105,-101
-225,-225
-124,-122
-117,-116
-128,-135
-105,-116
-147,-152
-144,-149
-153,-162
-157,-165
-207,-201
-148,-140
-126,-128
-125,-138
-166,-166
108,111
100,-102
-177,-195
-165,-195
117,119
-148,-157
116,111
-125,-131
-101,-101
115,117
-121,-137
-119,-122
-111,-129
-106,-112
128,124
-155,-156
-146,-155
-144,-147
109,109
114,120
-161,-170
-129,-135
-104,116
-112,-128
-103,-109
-142,-124
109,108
-124,-127
-116,-124
-169,-162
-165,-169
-120,-126
122,102
110,102
114,124
-150,-176
-106,101
117,120
102,102
-183,-183
-124,-126
-129,-123
-138,-154
-205,-239
-142,-156
153,139
-165,-188
-119,-144
123,113
-131,-137
-144,-134
-197,-227
-158,-163
-173,-176
164,148
130,123
-121,-121
-103,-141
108,-105
113,111
122,126
113,101
103,111
-202,-210
-176,-172
-207,-242
147,121
-168,-170
-152,-155
-116,-131
116,101
118,109
149,142
-167,-171
116,123
-144,-138
116,126
-200,-211
-152,-156
135,124
115,110
-109,-127
130,122
-202,-237
-192,-212
-146,-173
-130,-142
-125,-128
-207,-220
-197,-212
-130,-140
-123,-135
-128,-135
-121,-128
-108,-104
-122,-130
146,130
157,136
-153,-165
-155,-165
-197,-210
101,-103
-131,-145
118,124
125,124
169,171
-186,-186
-205,-210
-102,-101
-170,-187
126,137
-168,-172
166,161
-136,-155
-172,-161
-104,-104
-197,-199
-208,-193
-275,-237
-153,-158
125,127
-126,-138
-158,-154
-101,-102
-175,-159
-104,-111
-180,-222
151,121
-106,-108
-213,-225
-111,-125
128,110
-196,-200
-204,-198
-101,-106
101,-106
-163,-177
-109,-130
110,124
151,152
-104,-107
-335,-370
-151,-161
-140,-139
107,102
-207,-200
-140,-132
-112,-108
-182,-175
-126,-125
-119,-102
-143,-147
-113,-112
129,129
-101,-104
-230,-259
-221,-212
-105,-124
-145,-156
116,120
-123,-123
-103,-112
-147,-153
-115,-116
-153,-162
101,100
167,171
-237,-231
-156,-172
-104,-133
-134,-140
-149,-155
-245,-280
124,137
-155,-160
126,115
-142,-141
-202,-220
-146,-156
-160,-164
-112,-114
-106,-109
-140,-142
-107,-111
-108,-123
101,-105
-152,-165
-163,-169
-113,-117
-111,-112
-180,-194
117,116
-136,-141
-187,-187
114,128
185,183
-114,-141
-164,-178
-133,-154
-192,-184
-135,-144
-132,-141
119,128
-207,-223
-149,-153
-160,-167
-110,-106
-136,-137
-127,-135
-135,-163
-150,-181
-169,-180
-139,-128
131,147
-132,-157
-123,-134
-202,-209
-152,-162
-126,-120
-101,118
-168,-169
-135,-151
-166,-174
-114,-134
-102,-107
118,128
128,141
106,115
-147,-136
-202,-198
-102,-102
-157,-172
-205,-205
152,130
120,118
-136,-151
132,136
109,102
-207,-215
162,164
-128,-129
-165,-177
-197,-200
-127,-123
132,140
-118,-119
105,-110
-197,-235
-153,-145
-131,-139
-131,-133
-235,-240
-101,-101
111,106
-133,-143
-200,-196
-129,-138
-180,-180
112,119
-182,-191
-143,-142
-105,-110
113,127
-220,-260
-111,-135
-144,-151
-143,-173
-210,-220
128,122
121,130
-109,-108
-119,-117
-297,-276
-147,-165
-105,-102
129,127
159,157
141,134
-124,-134
-295,-330
106,100
-143,-153
-179,-172
117,102
-197,-189
-125,-131
-197,-198
-138,-153
-131,-162
168,158
215,212
-167,-180
-120,-137
-235,-250
-131,-162
127,125
107,104
-148,-141
-104,-113
-132,-156
-164,-146
-197,-206
103,-101
104,102
103,100
144,127
125,122
163,168
-137,-152
-265,-265
-112,-134
-112,-134
-141,-163
115,106
-129,-134
106,-112
126,114
-197,-222
112,-107
-140,-163
112,109
109,116
105,-111
-149,-154
-186,-202
-136,-154
-192,-197
111,112
118,112
-270,-275
-111,-128
128,133
-140,-147
-107,-117
100,107
-111,-109
146,142
141,127
-140,-143
-202,-240
-110,-116
-104,-105
-202,-202
112,100
112,106
157,170
-123,-124
100,-104
120,124
-157,-163
101,101
103,-111
104,-113
-143,-143
-178,-178
136,132
137,129
126,116
169,159
-205,-255
-101,-104
101,101
165,159
126,116
-111,-105
-161,-158
116,110
126,140
-156,-172
-158,-168
-213,-260
102,100
-137,-138
-180,-197
127,119
-139,-146
157,137
-138,-151
109,107
146,136
-106,-105
-174,-220
100,-102
109,104
-171,-165
-167,-220
-112,-110
108,123
-147,-160
163,161
-124,-139
182,187
137,130
-105,-107
-210,-225
178,151
-134,-134
-147,-152
-175,-179
144,154
-126,-139
129,109
145,135
-119,-108
143,137
-157,-170
-197,-205
-118,-114
103,-106
-119,-133
-112,-114
-202,-200
-120,-127
117,112
-192,-184
-140,-130
113,126
-209,-208
-123,-121
-192,-207
-108,-112
-133,-144
-185,-208
134,123
-130,-136
107,-108
-211,-205
-122,-136
106,105
-141,-160
-185,-202
-147,-145
-166,-163
-130,-133
-167,-166
108,108
-120,-126
-129,-126
-150,-149
-221,-236
-123,-126
111,102
-155,-163
-128,-133
-215,-223
-142,-141
-101,-105
-107,-110
109,112
-160,-168
-197,-217
124,128
-117,-121
-103,111
-207,-204
-142,-136
-135,-132
-109,-123
-136,-136
-176,-162
-137,-145
-141,-151
-197,-220
-178,-201
-108,-119
-141,-140
-102,-104
-129,-132
122,126
101,-108
-218,-229
117,106
-159,-169
-127,-127
-218,-220
-191,-206
-135,-150
-127,-127
-136,-140
-133,-135
-124,-126
-101,-108
100,-112
-101,103
-116,-111
170,157
-168,-153
131,128
-184,-225
132,136
-238,-262
-113,-105
-142,-158
149,163
-232,-245
-142,-154
-120,-122
-112,-112
-134,-128
101,100
125,108
-155,-165
-204,-220
-235,-235
138,132
-110,100
-145,-147
-167,-160
-120,-125
104,121
135,113
144,140
-159,-153
-136,-136
116,120
-126,-121
-135,-141
-154,-150
-141,-154
-121,-110
149,148
-112,-102
136,130
-114,-104
-120,-117
-103,102
-164,-174
138,127
-104,-113
143,145
-101,106
-135,-138
-143,-149
-147,-139
118,121
-109,-105
-103,100
-114,-120
-101,106
-252,-307
139,140
-215,-172
-101,-109
-109,-121
-107,-117
-159,-169
-133,-148
-150,-150
-133,-138
102,104
140,170
106,-107
100,106
104,107
-130,-148
112,125
108,102
149,157
143,133
-160,-165
-144,-146
-144,-146
-200,-222
-179,-192
104,100
164,151
-126,-116
183,189
-122,-115
-160,-185
-202,-225
115,115
-144,-149
-192,-180
-133,-141
-110,-109
-144,-136
138,118
-106,-125
-168,-205
208,205
-150,-160
212,200
-140,-136
-213,-232
-169,-166
-126,-117
131,124
149,154
-207,-185
119,118
-122,-141
-117,-128
-207,-184
149,152
-156,-149
203,177
-145,-151
-157,-146
193,173
-121,-122
-205,-186
131,133
179,174
-139,-137
115,129
-110,-102
-168,-170
-120,-105
-164,-170
-197,-181
137,162
-149,-150
-183,-225
115,115
-143,-160
-205,-200
118,131
-160,-170
-202,-224
-166,-179
129,130
-197,-180
123,119
-156,-153
-215,-200
-101,104
-126,-126
-143,-156
-173,-160
-130,-139
-102,102
-153,-143
-192,-178
-143,-151
106,104
-134,-117
-112,-117
-145,-137
-101,101
-230,-225
-140,-131
-139,-128
123,123
-113,-107
-151,-138
119,111
-265,-280
126,110
-120,-119
132,118
-192,-176
-174,-167
-174,-164
-233,-221
110,109
110,103
137,136
-141,-144
-173,-163
120,126
158,138
-211,-194
-143,-149
136,120
-163,-163
-168,-178
-131,-140
-250,-260
126,136
-143,-143
-255,-261
-158,-139
145,134
-127,-163
-136,-140
-145,-140
124,114
-106,-111
-125,-118
-139,-138
-137,-136
-139,-144
108,100
-265,-270
104,-102
168,159
-158,-158
-121,-126
105,-101
-111,-121
-141,-143
-115,-127
-102,100
-125,-154
-135,-124
111,104
103,101
-107,-108
-122,-124
-184,-195
124,115
-205,-212
-197,-200
114,105
103,102
-102,-109
139,134
-107,-106
-111,-115
-164,-161
205,230
-111,-123
-151,-147
-134,-140
-148,-138
-187,-195
-187,-180
108,107
-118,-130
183,168
106,-103
177,175
-101,-109
-107,-108
-116,-125
106,110
116,128
-137,-153
128,121
131,126
-235,-247
-168,-161
142,144
-102,-104
161,151
-200,-206
-126,-140
139,146
-104,-105
-104,-105
-172,-158
-169,-174
-128,-142
-133,-133
148,138
119,106
-165,-166
-146,-160
-182,-172
-151,-155
-154,-154
-110,-117
103,-106
-117,-121
-161,-153
178,171
-119,-130
-160,-170
-116,-111
-122,-118
-129,-154
-132,-126
-143,-155
-156,-153
-127,-146
-143,-129
105,-104
-116,-136
-169,-172
-106,-110
114,106
-235,-271
153,158
101,104
122,133
130,122
-142,-155
-137,-134
-114,-111
-150,-159
-118,-105
-197,-195
-148,-157
181,178
-112,-116
-125,-128
-128,-127
-197,-215
-154,-138
-139,-142
-200,-225
-177,-186
-158,-156
106,-107
112,105
-169,-172
113,111
-164,-176
-112,-144
-160,-157
-205,-255
-200,-210
-265,-242
-139,-140
-118,-131
109,114
151,144
-157,-171
-132,-122
185,163
-104,-105
137,123
-167,-164
-235,-260
-170,-175
-152,-141
-118,-125
-107,-128
131,120
-171,-216
106,116
134,133
-137,-131
137,123
136,138
-205,-182
-157,-144
-125,-111
148,150
-161,-151
-209,-186
-184,-197
-171,-182
142,138
-152,-159
156,140
-133,-134
-146,-160
-173,-173
-135,-151
-162,-153
-126,-138
-171,-150
-170,-172
-192,-210
113,104
130,135
-192,-169
213,220
-220,-202
-156,-156
-197,-192
-141,-145
-164,-165
102,-106
-142,-140
107,-104
-153,-162
-182,-182
-103,-115
118,102
-158,-155
156,157
-150,-160
-181,-173
-131,-145
-150,-160
-124,-132
-215,-240
-133,-132
-125,-135
-153,-156
-121,-130
-147,-147
152,162
-108,-106
-176,-195
-102,-115
-248,-257
106,122
-121,-115
-160,-157
-115,-120
-343,-365
-162,-163
-137,-142
-102,-105
-285,-325
101,-110
-114,-115
-125,-127
123,128
-173,-178
108,111
-101,103
-365,-370
-108,-106
-172,-181
114,134
-134,-125
103,-101
-180,-186
-212,-241
-118,-124
-131,-131
-135,-150
-153,-164
-207,-197
-157,-153
116,117
-106,-110
-335,-301
-209,-231
156,163
-124,-108
-110,-122
-140,-126
115,104
-202,-210
163,160
-114,-125
-117,-140
130,127
100,104
140,151
107,106
-159,-172
101,-116
101,-109
136,134
-163,-179
-128,-126
-104,-110
124,123
119,100
213,192
-167,-172
148,144
-127,-135
-144,-142
106,102
-240,-264
205,182
-153,-165
162,151
119,125
121,127
-103,-119
102,111
-133,-147
215,223
-148,-149
129,114
-130,-138
-163,-162
-141,-136
-184,-198
-111,-113
-120,-124
111,110
143,133
168,162
152,140
208,195
-172,-189
123,111
-132,-144
126,136
-197,-185
-365,-403
115,117
137,162
106,100
-134,-143
142,150
-185,-180
-142,-165
122,122
144,129
125,109
139,133
-103,110
101,-101
-173,-181
112,101
-177,-182
154,147
168,164
-335,-373
-120,-131
132,136
-106,-123
112,105
121,114
-105,-106
-163,-167
122,120
-103,-117
-158,-169
-107,-107
112,106
135,147
147,137
-265,-301
153,145
148,143
-113,-122
-197,-218
-124,-122
117,103
-138,-141
-152,-156
185,191
163,150
136,119
116,-103
-168,-167
134,134
-117,-125
-129,-133
-159,-172
-106,-102
-111,-130
-220,-230
188,177
-130,-128
-135,-140
193,170
116,-103
-133,-146
-141,-145
102,-116
-118,-107
-143,-150
-207,-207
-154,-154
103,-118
-128,-123
-166,-172
-146,-154
-113,-121
136,132
-133,-146
161,145
-104,-113
-116,-122
-196,-211
-120,-118
-164,-154
-154,-155
112,118
-125,-139
-216,-235
174,167
151,146
104,-103
-149,-140
-173,-190
-176,-180
143,135
-127,-125
-102,105
115,105
113,-103
-138,-150
-111,-110
-205,-204
165,157
128,135
104,110
-147,-143
-156,-170
-173,-167
103,105
119,112
147,149
-169,-179
-123,-128
109,108
-205,-216
-160,-156
-165,-170
148,154
-136,-132
-150,-164
-137,-130
113,100
-163,-168
112,108
131,131
-105,-102
-153,-154
-227,-209
-138,-128
103,-101
-149,-166
-124,-114
-151,-173
-130,-137
-124,-127
-124,-119
-109,-119
-133,-133
-130,-133
-106,-108
-149,-142
-102,-111
-116,-111
-123,-121
-127,-121
-365,-355
103,-114
-118,-107
-255,-250
-102,-101
-143,-142
-159,-151
-114,-117
-158,-158
119,133
-152,-151
-202,-220
-113,-112
-176,-196
-102,-126
-130,-140
-240,-255
-160,-167
109,106
-250,-250
-177,-173
-170,-174
109,102
109,113
-175,-178
162,171
-181,-193
-148,-151
-225,-208
-295,-305
-148,-150
-102,102
-223,-235
-102,100
160,154
-126,-125
111,122
-127,-125
136,130
-145,-149
-128,-139
-119,-126
-125,-126
-150,-149
-109,-104
-146,-147
105,-102
119,110
114,110
137,137
-102,104
-123,-137
144,133
-145,-142
-128,-126
-103,-111
-135,-131
-158,-165
-130,-136
-158,-158
-118,-128
-101,-109
114,111
-140,-168
-141,-155
161,158
-142,-144
-111,-119
-172,-181
108,114
-127,-135
-162,-168
-137,-142
-169,-183
-103,102
110,-103
-121,-125
-133,-158
138,128
130,126
-127,-128
150,153
123,115
-101,-106
107,-106
-163,-165
-245,-254
-101,-102
-150,-160
119,110
136,131
-220,-231
133,152
-104,-105
143,138
-143,-146
106,-108
163,152
-114,-118
-345,-351
156,165
-132,-132
-129,-122
113,101
118,103
123,119
-128,-142
-136,-136
-121,-131
193,186
-120,-115
-175,-168
160,164
-110,-113
-135,-152
-142,-156
-121,-120
-137,-141
-158,-156
-102,-108
-217,-223
100,-106
172,163
166,172
-144,-147
-125,-130
136,112
-158,-177
-235,-235
-125,-130
166,175
-120,-118
-120,-114
116,109
-197,-222
115,102
-120,-126
-221,-236
-156,-160
-101,-107
-207,-220
142,140
-113,-112
-150,-149
-167,-168
-275,-270
-143,-147
104,102
-205,-211
-132,-145
-125,-136
117,115
132,130
-126,-134
-148,-139
-305,-318
-157,-163
155,156
-103,-110
-142,-159
-122,-128
-160,-174
-104,-107
-106,105
-101,-105
-106,-116
-144,-162
-117,-120
-136,-137
205,187
-114,-123
-108,-103
-110,-112
-176,-168
132,126
-170,-180
174,164
130,114
-143,-135
101,-105
-123,-131
-117,-134
110,105
101,-112
-202,-185
-173,-166
-147,-130
140,125
130,114
-186,-220
169,161
-111,-116
-141,-152
178,158
111,125
-127,-133
124,128
-122,-134
-125,-142
-161,-158
-110,-102
122,113
126,128
-240,-301
132,128
-155,-159
-119,-121
102,-109
-103,-111
-131,-130
-120,-134
166,160
109,111
-153,-140
-134,-134
106,100
225,203
-184,-191
-116,-110
-102,-110
-220,-225
133,128
-148,-165
130,125
-101,-103
-180,-186
-139,-148
-126,-138
103,119
-106,-118
245,255
108,102
-126,-124
-220,-220
157,154
117,114
105,103
-202,-225
-137,-133
131,131
-171,-186
-202,-240
136,134
235,220
-117,-123
-227,-260
-102,107
109,-104
142,141
117,118
-265,-275
-131,-140
-124,-132
-129,-133
150,150
-205,-198
158,151
-105,-116
182,183
-148,-151
-230,-263
-127,-114
223,228
-132,-141
-153,-153
-135,-147
-181,-186
-121,-114
-197,-173
-202,-210
137,138
-103,-114
-215,-270
173,180
-215,-270
-162,-165
-192,-202
-117,-119
-114,-128
-270,-315
-110,-109
-130,-119
-157,-159
-202,-223
129,129
-107,-107
106,104
-185,-193
215,208
-220,-232
-255,-278
-101,104
-169,-158
-130,-137
-180,-183
-146,-177
116,126
-120,-112
-115,-102
155,147
-110,-119
-167,-185
-131,-139
-111,-122
150,163
-255,-237
-270,-266
-155,-165
-153,-146
-149,-138
139,143
149,155
-138,-153
106,107
-113,-105
-169,-218
106,-102
-142,-145
-150,-161
-147,-152
-124,-132
-104,-111
-113,-126
-150,-153
-164,-176
-134,-133
100,-107
111,123
-160,-158
119,107
-162,-188
-201,-217
113,106
-132,-149
-120,-137
136,152
-176,-200
-105,107
119,110
-160,-172
-119,-120
-106,-116
120,123
-205,-211
-197,-220
-157,-176
-160,-162
-137,-145
-217,-214
-210,-210
-295,-280
-141,-147
123,121
-167,-178
-150,-140
-128,-128
159,158
-124,-121
-103,-110
-175,-185
-115,-122
-107,-113
-109,-126
-230,-249
-120,-138
-220,-260
-148,-164
134,124
-149,-148
-213,-201
113,120
-111,-102
-177,-203
-185,-195
-160,-170
-143,-140
-144,-160
-127,-128
-124,-130
124,117
123,128
128,126
-152,-144
-132,-135
-127,-129
-172,-185
128,118
110,110
-105,-112
-161,-178
-120,-121
103,100
-118,-122
101,-102
108,110
163,163
102,113
-132,-127
-118,-122
-200,-205
-107,-104
123,125
-102,-110
-210,-230
-123,-127
-118,-115
-140,-147
-132,-136
-156,-180
112,124
-123,-133
-187,-184
-133,-124
-145,-159
111,101
-265,-340
113,116
-127,-135
-115,-106
-143,-138
-153,-149
-102,-101
110,119
-173,-183
105,-103
-307,-315
-103,-101
-144,-142
116,123
162,164
-132,-142
-122,-120
-106,-116
-143,-158
-177,-187
-107,-113
-102,-112
-111,-115
129,130
-378,-390
-103,-103
-132,-142
-142,-140
119,133
-117,-109
105,-107
-205,-205
-153,-157
101,112
100,103
-157,-158
-134,-148
165,147
-135,-151
-143,-139
-101,101
-192,-200
-142,-153
-116,-116
-117,-120
-108,-109
-153,-152
-105,105
101,-105
-142,-156
-161,-178
-156,-152
-135,-145
-113,-101
-192,-205
-142,-141
113,119
111,106
-114,-117
128,133
-134,-144
108,105
-161,-146
107,-105
-301,-320
-192,-180
-120,-126
-112,-105
103,101
-209,-200
139,145
124,121
105,102
-218,-201
-225,-230
-163,-154
-176,-173
108,107
-106,-108
-151,-148
-111,-122
-150,-164
130,123
-170,-173
161,146
-139,-145
112,112
-282,-301
-242,-258
-117,-117
-132,-119
-133,-140
-137,-147
104,102
-132,-130
-130,-120
-133,-132
188,186
-102,-105
137,133
-103,-107
-115,-117
-160,-153
-132,-134
-121,-133
-134,-147
-115,-125
-113,-113
103,108
-114,-124
190,173
-142,-150
-125,-138
-167,-155
-139,-137
-181,-171
113,103
103,-108
-167,-174
-160,-169
119,103
101,101
-142,-150
-111,100
-148,-155
193,178
-135,-134
-114,-123
-162,-161
-125,-121
149,140
-101,-115
-154,-160
-171,-172
-192,-178
101,-111
-228,-240
188,165
-139,-145
-128,-130
-250,-245
101,110
-200,-215
103,-102
-141,-143
-133,-132
-142,-135
109,109
-102,-105
-223,-221
-133,-135
-103,-122
-126,-143
-147,-171
109,107
111,110
115,114
-232,-250
-129,-145
-101,109
131,117
114,114
117,107
106,-105
122,109
-225,-223
-197,-202
-101,-107
117,118
-197,-167
-108,-116
-133,-130
-104,-121
-123,-134
-121,-127
-122,-135
-150,-156
-260,-270
-146,-165
-133,-138
-124,-109
122,132
-163,-165
117,122
-101,-106
123,117
126,135
186,187
-265,-248
-158,-153
101,-105
-125,-128
-136,-133
145,137
-139,-140
-139,-135
102,101
177,170
-102,-109
102,103
144,151
-114,-111
-146,-140
-159,-156
147,141
-104,-106
111,112
-106,101
105,112
-102,-106
-151,-146
-105,-117
112,104
-280,-255
129,133
104,-104
-244,-240
117,135
-101,-113
103,-105
-132,-133
102,100
-126,-130
-165,-168
130,125
-110,-130
-188,-197
-103,-105
120,117
105,-105
173,162
113,117
-166,-180
-119,-110
104,108
-155,-148
100,-110
-112,-108
-220,-220
-137,-138
104,-103
-102,-114
-120,-120
-160,-156
111,110
128,124
100,108
-133,-130
-127,-122
-104,103
125,104
118,110
-244,-235
127,139
-160,-177
-156,-161
-124,-126
111,105
-115,-101
-165,-159
-104,-106
-135,-128
-144,-155
-113,-116
-110,-125
-174,-171
-290,-301
-116,-130
-104,-113
152,148
-134,-125
-153,-168
-150,-160
-155,-153
110,114
119,120
-133,-128
-130,-145
-142,-150
-201,-197
-104,-105
245,245
-171,-176
-143,-150
-230,-252
-225,-260
108,-103
149,148
-105,-110
135,122
-135,-136
-131,-132
-118,-120
116,105
-100,-102
128,132
-134,-125
-102,-117
111,113
-136,-137
-260,-301
-107,-112
122,118
116,107
107,115
-198,-233
-127,-137
-158,-165
109,115
111,104
-111,-112
-123,-124
-124,-123
-112,-117
-290,-320
-116,-117
148,130
-143,-150
-141,-150
-136,-147
-133,-145
106,107
129,110
116,114
105,-108
142,155
192,169
-113,-113
-130,-133
-147,-145
-141,-153
-170,-168
106,-110
-148,-142
-151,-142
149,156
160,144
116,104
-150,-140
129,122
116,110
-106,-116
-170,-176
-168,-180
-255,-270
-173,-173
106,103
114,117
-155,-149
134,130
150,154
101,-115
-121,-122
104,-102
140,141
105,106
113,-102
-121,-122
-159,-153
-155,-170
-123,-144
-168,-181
125,120
-129,-138
-130,-130
-103,-117
-164,-175
-102,104
-140,-145
-202,-225
-160,-175
-137,-149
110,117
-123,-139
-120,-125
-140,-155
-121,-145
-146,-154
-134,-136
-124,-133
106,104
-159,-160
122,127
-129,-140
-160,-165
-112,-104
118,100
-134,-160
-168,-173
-133,-145
138,129
-136,-140
-156,-158
-123,-150
-135,-135
185,186
-160,-158
-171,-169
109,110
130,118
-108,-107
-140,-145
-129,-125
151,154
155,150
-168,-180
-150,-161
-163,-155
-245,-230
-101,100
-144,-155
-162,-155
157,157
104,-103
-152,-145
128,116
-163,-159
146,138
-172,-166
173,177
-154,-156
-201,-207
110,113
-166,-162
-140,-146
-102,-110
-126,-131
-138,-131
100,105
134,134
-112,-105
115,115
-124,-134
-192,-200
104,-108
123,131
-122,-134
-130,-143
-127,-126
-133,-133
-142,-148
151,143
-140,-150
136,130
-155,-168
-211,-235
-171,-170
121,122
135,132
-129,-130
-108,-107
110,107
-162,-162
151,150
106,-101
-153,-172
-164,-183
-123,-129
-146,-163
-170,-167
227,220
-125,-122
128,127
-135,-138
-124,-118
-105,-108
-134,-148
-101,106
-200,-260
-167,-183
-155,-174
-130,-116
-132,-137
-117,-108
-133,-137
117,109
-101,100
103,-108
-110,-115
-145,-139
122,134
-181,-176
-162,-175
101,105
-143,-128
101,101
188,171
-142,-138
-140,-141
-130,-136
-121,-124
-130,-126
-130,-125
-125,-135
-146,-152
-120,-112
-152,-153
108,113
177,174
-119,-130
-103,-125
126,132
-121,-121
-130,-123
-175,-177
-101,103
-154,-159
-147,-148
-163,-168
-129,-140
112,108
199,192
-146,-165
-163,-171
-133,-138
-104,-105
111,100
-112,-120
-285,-270
104,-104
-130,-130
-121,-123
-132,-137
-132,-115
124,134
-122,-128
149,149
-111,-118
-118,-129
-139,-141
-164,-167
136,152
-275,-350
225,173
144,141
-143,-155
-162,-168
109,-105
-105,-111
104,110
133,131
-132,-125
200,215
-151,-158
-106,-129
-395,-395
105,-114
127,100
125,115
-150,-155
-129,-128
112,102
110,108
-285,-280
111,112
-150,-163
-148,-144
136,130
-110,-117
-348,-365
-124,-140
105,-107
115,112
-136,-165
105,100
127,112
-197,-185
-148,-170
-148,-166
-220,-250
-325,-350
-136,-164
-104,-122
-108,-122
-130,-153
-145,-163
106,123
119,107
-116,-118
-120,-117
-101,-115
-122,-114
120,110
-176,-181
-134,-148
-143,-150
104,101
-128,-130
103,102
-103,-110
-178,-171
-127,-130
-142,-163
-102,-116
-130,-138
127,124
-135,-131
-130,-141
-212,-200
-162,-186
-124,-132
-122,-158
-150,-162
133,145
-152,-164
-145,-162
102,-108
123,107
149,127
-107,-116
-145,-153
-225,-210
-147,-165
136,119
-117,-130
-146,-171
-133,-128
-101,-108
-118,-131
132,118
-125,-146
-156,-155
-163,-161
-100,-112
117,-106
-132,-130
-111,-119
-104,-107
127,126
-102,106
-123,-109
-105,-126
195,175
-122,-135
-176,-210
143,145
-174,-183
-139,-138
-174,-183
-155,-150
-111,-116
-153,-157
-111,-108
103,100
-123,-130
-139,-138
-167,-169
-121,-134
-205,-205
-220,-240
210,225
-123,-118
106,-105
-160,-159
-151,-176
-142,-148
-108,-106
125,132
105,103
-146,-156
-180,-195
111,117
-232,-250
-126,-132
160,159
-163,-165
-163,-177
100,-105
-133,-150
117,126
-110,-120
-140,-136
-126,-121
-151,-167
-227,-250
-115,-119
122,124
114,114
-151,-164
-116,-128
-130,-135
-101,-113
-126,-127
106,110
193,188
132,127
125,114
-140,-148
-180,-200
105,-101
-182,-168
-123,-131
-195,-220
100,-104
-135,-139
-112,-130
-112,-114
182,156
113,102
-109,108
-141,-142
109,-102
149,160
-109,-110
205,205
-111,-113
-200,-212
-137,-139
-109,-122
-131,-142
133,133
-131,-127
178,166
-107,-114
-110,-109
-140,-143
-137,-134
-150,-150
127,132
-105,-103
120,116
-135,-142
134,124
-110,-113
-147,-163
-179,-170
-128,-128
-103,108
143,137
-152,-160
-108,103
103,108
-110,-116
134,153
114,-105
-155,-157
-113,-137
103,102
-223,-258
-137,-143
-125,-130
-132,-140
106,110
-142,-141
188,190
-142,-141
-123,-124
123,120
-103,100
104,110
-113,-107
-111,-132
-150,-162
-123,-122
-179,-202
-208,-220
103,-110
137,135
-190,-176
-144,-152
-205,-235
120,115
-144,-147
-121,-130
-128,-125
-102,102
-174,-164
-232,-230
129,118
-128,-127
-129,-134
-117,-118
113,110
142,140
100,-108
-110,-124
-302,-295
-140,-146
-103,101
125,131
-215,-220
-136,-138
-242,-260
107,-103
-155,-163
-157,-160
-142,-144
-110,-121
128,129
-104,-114
-104,-114
-125,-132
-106,-113
-158,-164
-172,-166
-104,-105
-267,-280
123,130
-167,-170
-116,-115
-110,-122
101,100
-101,-105
-119,-120
-129,-128
-147,-148
140,139
108,102
-109,-106
-207,-235
-106,-128
106,108
-167,-166
-152,-164
-202,-188
126,131
-124,-140
-127,-119
101,-116
126,117
143,132
129,127
145,144
-197,-200
-116,-109
-107,-104
-235,-240
118,112
-110,-116
138,125
-116,-110
127,134
114,117
-116,-129
151,143
-225,-235
-145,-138
111,108
-236,-222
-130,-130
-171,-189
185,180
-128,-131
-209,-230
-110,-119
126,134
-131,-138
-154,-153
121,129
118,111
-117,-125
-107,-102
113,115
-122,-126
-108,-115
-177,-178
-147,-153
-157,-174
-103,-117
-170,-158
-176,-171
-131,-136
134,125
-103,109
-114,-127
-148,-168
-134,-144
-129,-138
-160,-170
-153,-173
-137,-147
121,101
-135,-128
121,118
-127,-118
-104,-109
-104,-127
-129,-125
131,118
-141,-145
-130,-139
124,118
-143,-133
116,115
-130,-128
-215,-230
-154,-154
-111,101
-114,-113
-180,-180
-163,-163
-119,-134
-113,-129
-102,108
136,129
-116,-128
-243,-270
-230,-251
-143,-140
-145,-143
134,142
107,-101
112,122
109,-101
-171,-180
-160,-175
106,-108
-110,104
-141,-141
129,138
-115,-132
-110,-126
-110,-104
117,124
-163,-171
-164,-165
121,125
-136,-150
-114,-121
100,111
-154,-158
-101,101
-192,-222
-148,-150
-164,-165
-111,-115
-123,-145
114,115
-164,-170
117,106
-148,-160
-140,-138
-152,-154
-104,-115
-162,-164
-110,-116
-142,-140
-129,-124
-191,-173
-211,-200
-121,-135
107,-109
-120,-129
-156,-160
-149,-170
159,153
-101,104
109,129
-122,-145
-192,-218
-120,-119
121,130
-120,-119
-101,-109
122,114
-230,-230
-155,-170
-149,-166
-132,-145
-267,-280
-134,-154
153,158
107,104
-111,-113
-167,-168
-179,-176
133,131
-127,-135
-147,-157
-240,-280
174,182
-110,-124
-154,-161
-220,-234
-152,-168
-127,-136
153,156
-103,-112
105,-104
-153,-155
-162,-184
-142,-143
173,177
-119,-122
-217,-230
106,-107
-148,-142
-102,-110
149,136
140,135
163,154
-102,-107
-192,-210
-153,-155
-102,-110
-123,-122
-205,-210
-131,-142
-131,-117
-114,-112
-116,-118
109,-104
126,132
105,118
-147,-173
-260,-303
-140,-135
-126,-132
185,164
-129,-155
-118,-121
-200,-209
-170,-190
-105,-103
-143,-147
130,123
-113,-123
-180,-189
262,265
-156,-155
112,-102
-164,-168
105,112
-116,-120
152,131
-102,-104
141,147
-169,-185
101,-108
112,102
-133,-134
153,133
-132,-128
124,116
-209,-203
100,-107
-137,-152
-127,-128
197,192
163,155
-102,-122
-122,-127
-161,-150
112,112
-106,-113
-220,-240
185,164
-167,-173
-104,-105
-201,-200
130,122
117,123
-120,-124
108,104
-114,-128
-178,-218
-199,-220
-102,100
-118,-121
140,122
-119,-117
-162,-165
-175,-163
107,109
-130,-146
148,144
-127,-130
-135,-143
-134,-130
-164,-173
-124,-138
-120,-105
102,-109
133,127
115,125
-111,-108
-160,-177
133,132
130,126
-119,-128
-101,-103
-104,-115
-129,-128
-101,100
-101,-122
102,100
-134,-127
143,141
-135,-153
-163,-162
-104,-115
116,121
-154,-167
108,104
103,-102
162,154
126,135
123,117
-120,-116
-167,-185
-137,-140
126,127
192,207
116,119
-177,-180
-162,-164
-118,-120
-148,-158
108,110
185,173
-119,-120
102,101
-175,-187
-111,-106
-260,-290
100,100
-210,-209
-142,-160
-107,-109
106,111
-167,-173
123,104
-131,-129
-220,-236
140,147
-215,-236
-117,-116
-117,-118
-119,-124
-117,-125
-119,-110
-167,-170
-122,-117
-122,-129
-116,-130
-174,-178
-106,-116
-147,-140
-245,-250
-104,-111
-168,-183
-154,-155
-134,-135
-121,-131
118,116
-113,-111
-149,-138
-194,-208
-101,-103
100,100
-124,-130
127,116
-124,-135
-250,-245
-116,-101
-212,-202
-101,108
-116,-115
-122,-120
-131,-146
-108,101
-122,-113
-139,-135
-104,-102
-274,-280
-122,-121
-136,-140
-157,-173
100,100
-102,104
-208,-190
-118,-120
-111,-119
105,110
-265,-270
150,145
105,108
-124,-115
-176,-174
-171,-185
113,100
107,105
-121,-119
-131,-128
-104,-108
119,123
-272,-282
143,124
-118,-113
-137,-125
-122,-122
-170,-161
-164,-171
-178,-174
109,-101
113,115
-119,-113
112,112
-205,-210
-160,-156
-125,-133
-113,-108
104,-102
-145,-153
174,171
-286,-298
-120,-110
-128,-128
-101,-106
-150,-156
103,104
-158,-175
-140,-139
-133,-142
177,176
-119,-128
-140,-137
123,126
100,-102
-125,-123
-110,-115
-121,-128
100,107
-110,-122
-137,-153
117,118
-129,-127
-130,-131
-123,-132
160,150
-107,-110
-140,-150
-150,-157
-110,-122
104,110
-117,-124
-112,-122
-123,-125
-113,-118
157,130
-150,-146
-188,-200
182,173
-106,-103
-101,-107
-151,-175
-114,-115
121,112
-107,-117
104,100
-103,-115
-130,-142
110,104
109,109
-110,-108
-136,-142
-163,-159
107,-102
-110,-124
100,-111
175,175
109,113
-125,-140
112,100
-104,-106
139,137
-129,-130
111,104
-112,-117
-152,-163
-116,-116
175,162
-115,-129
135,122
142,129
107,-102
-146,-160
-150,-180
-102,-111
-103,-127
-103,-108
100,-106
-117,-108
-174,-174
-150,-150
-122,-139
125,113
121,120
156,138
105,-102
109,100
100,-111
127,135
-110,-108
-107,-117
101,-109
-112,-115
-129,-143
-100,-103
134,124
-104,-109
-124,-133
134,132
-116,-116
-104,-110
-114,-111
-108,-123
-116,-118
-160,-185
-227,-252
100,-107
-146,-173
139,145
-205,-222
-106,-110
-123,-144
123,118
-130,-123
-104,-113
-157,-157
-130,-142
-108,-106
-288,-320
-102,-117
106,110
-111,-126
116,-105
153,139
-133,-143
121,114
-145,-155
-126,-145
-151,-147
-128,-145
-106,-120
-145,-153
-282,-299
-111,-126
-102,-102
-169,-169
107,115
-124,-122
113,109
-104,-110
188,187
-122,-123
-133,-126
-115,-127
-140,-146
153,142
109,-105
106,111
123,102
-161,-157
-115,-119
-101,-105
-109,-114
-114,-122
-107,-120
147,130
-135,-154
-150,-155
-147,-144
-127,-121
-132,-127
-107,-103
-113,-120
-114,-113
141,127
-146,-162
-164,-177
115,100
-126,-145
-164,-180
113,110
166,141
-104,100
-154,-157
-104,100
136,118
152,130
-140,-139
-130,-122
173,159
116,121
185,170
-200,-195
-143,-135
-157,-146
-108,-105
197,183
-137,-138
-143,-141
-160,-161
-102,-117
-101,-102
-185,-200
195,166
-166,-158
148,138
188,187
-123,-123
-165,-157
-127,-124
-140,-130
138,126
-126,-133
-150,-150
-140,-131
104,-113
118,111
105,-117
128,110
116,105
127,125
-101,-107
-119,-120
-107,-107
-148,-150
-160,-159
-114,-123
-105,-107
-120,-125
134,120
106,-106
-114,-117
117,109
111,105
-112,-111
130,117
-150,-175
-151,-151
-126,-125
-102,-104
115,121
102,104
107,100
-124,-140
-140,-140
156,137
-126,-153
-130,-131
-143,-135
118,101
-180,-207
-121,-122
-101,-118
-112,-109
-111,-113
109,108
117,110
110,104
111,100
-210,-210
180,187
-124,-132
105,109
-203,-206
-123,-130
-164,-159
-153,-156
116,107
122,112
-112,-108
-103,-107
-205,-220
211,215
-117,-115
-121,-111
-116,-121
-130,-125
-148,-144
-102,-107
-150,-157
-156,-149
-116,-108
-143,-140
-144,-154
-135,-123
-145,-143
-146,-151
-143,-153
127,111
-116,-116
136,133
-250,-260
-144,-138
-145,-132
-110,-122
-250,-260
-134,-127
-140,-135
-104,-116
-115,-131
-161,-160
-121,-150
106,103
-119,-116
-115,-118
-147,-177
-163,-145
-117,-120
-191,-185
-140,-152
-129,-125
102,-105
-136,-133
-134,-158
-152,-164
-156,-172
112,110
-121,-118
126,112
-151,-154
-228,-233
-141,-164
-133,-131
-133,-139
-140,-152
-147,-149
129,114
119,110
-125,-121
112,113
-137,-130
-255,-275
-137,-147
-240,-230
-137,-141
-186,-180
-156,-175
-137,-134
110,100
-105,-113
-125,-122
-157,-167
201,188
-134,-137
-100,-111
-111,101
-300,-301
-118,-119
-109,-121
-110,-108
-200,-205
-176,-182
104,100
-108,-109
101,-105
-136,-135
145,112
-112,-113
145,148
-257,-250
128,122
-123,-130
-171,-169
-150,-149
-102,-118
-213,-230
111,110
-124,-162
-126,-124
103,101
145,137
133,147
-102,-107
133,147
104,113
-103,-104
-102,101
145,137
-138,-141
-103,-104
111,105
-137,-150
-173,-181
-123,-117
-117,-122
156,154
-110,-126
106,-109
-128,-131
-144,-129
-139,-137
101,107
163,149
-176,-175
-109,-113
-104,-120
-194,-218
-106,-114
-104,101
115,119
113,104
101,-108
149,149
-161,-161
-163,-186
-137,-159
127,125
126,121
-163,-163
-111,-126
-152,-164
-127,-138
100,108
116,130
-188,-186
116,-102
117,122
-116,-108
-114,-112
-137,-136
-112,-136
125,117
106,104
-140,-173
101,-108
-124,-116
-122,-112
-161,-164
140,129
-140,-135
-138,-134
-136,-142
-139,-152
111,-117
104,118
-149,-150
-170,-183
-104,-107
142,150
131,154
-110,-109
-129,-132
143,133
-135,-135
-147,-160
-124,-145
104,109
-165,-178
128,123
148,154
-103,114
-113,-112
101,-118
-109,-123
160,160
-127,-139
-134,-129
-111,-114
-111,-108
-112,-128
153,138
112,127
106,123
-168,-168
-158,-176
-117,-135
109,104
-144,-148
-106,-117
-112,-126
-123,-136
148,148
101,-121
156,143
-160,-170
110,109
-143,-158
102,105
-230,-220
-156,-170
119,128
114,100
-127,-130
-128,-144
-101,-108
107,111
-108,-120
112,104
-214,-263
-126,-118
-324,-322
107,118
-166,-178
-158,-173
-135,-150
108,-112
113,117
-105,-120
-104,-110
109,109
-121,-139
100,-108
-107,-108
-171,-170
-143,-142
-132,-133
104,-111
-106,-114
-140,-197
-147,-159
-130,-145
-101,-114
117,107
-107,-113
-207,-208
-171,-186
115,102
-197,-217
-130,-146
-180,-183
109,-115
131,135
133,121
-116,-120
-151,-162
146,135
-158,-183
-119,-133
-125,-139
-226,-233
-147,-169
111,108
-191,-208
-118,-133
-188,-195
-158,-183
-137,-145
-125,-123
112,120
-133,-141
-132,-141
148,143
-180,-185
-240,-245
-110,-126
-185,-200
-324,-360
-134,-144
-113,-132
-123,-131
130,113
131,112
116,100
-130,-130
107,104
156,152
-141,-159
-132,-143
-159,-177
-119,-146
-116,-128
-217,-263
-104,-101
-139,-124
-129,-139
103,-114
136,122
-160,-171
119,111
155,143
-161,-182
-125,-129
-154,-162
-163,-180
-129,-139
-160,-172
-173,-198
108,-103
-113,-108
103,-114
-110,-110
-132,-167
153,160
-112,-103
-153,-189
140,139
-145,-160
102,105
-110,-110
-167,-173
-155,-155
133,123
149,127
-192,-202
-122,-128
-134,-135
-133,-128
195,218
-170,-215
118,123
-119,-129
-153,-157
-102,-102
-156,-155
129,117
136,126
117,105
130,112
-110,-123
-117,-109
-160,-177
-170,-176
207,205
-166,-181
102,-102
-121,-121
-128,-142
237,227
-153,-173
125,113
116,107
123,-101
-110,-125
-151,-153
-163,-169
210,222
-151,-148
-104,-102
116,107
-119,-120
106,-104
-132,-144
128,116
-110,-113
196,175
-101,-106
-114,-137
-129,-135
-129,-135
-118,-122
107,105
-114,-127
122,118
-186,-210
107,114
-143,-177
-133,-135
-124,-125
-127,-130
-122,-128
100,-107
105,110
-104,-114
100,102
113,102
123,122
-128,-138
166,155
-214,-225
-197,-186
-140,-156
-101,-115
135,130
-140,-170
-120,-106
-103,-101
-125,-122
-132,-143
-130,-120
146,136
119,104
-144,-145
153,139
-152,-160
100,-112
-153,-163
109,-108
-109,-105
-130,-116
-170,-175
-117,-124
-130,-144
159,151
-139,-146
-195,-202
173,175
-107,-114
-119,-139
-114,-108
-116,-120
-104,-119
-160,-210
-153,-142
-104,-108
148,160
120,107
-200,-220
-135,-132
-116,-123
-112,-131
-239,-270
-120,-137
-106,-105
106,107
107,-105
-134,-133
106,107
-125,-133
156,158
139,137
-195,-220
-124,-133
-106,-113
-108,-121
-145,-157
-228,-260
107,-105
-130,-134
100,-104
125,132
-127,-128
-122,-138
137,133
-107,-113
-102,-118
117,105
-230,-225
-180,-175
118,115
-169,-187
105,160
130,126
227,220
-225,-230
-130,-130
-123,-143
-104,-111
163,160
-143,-146
116,109
-265,-280
-119,-119
-184,-190
-139,-142
-127,-137
-137,-155
-137,-154
-162,-163
126,115
-101,101
-116,-125
-184,-190
-114,-118
129,130
-195,-215
111,108
-191,-205
116,-105
-200,-178
-105,-110
-139,-145
-157,-154
-110,-110
-155,-143
112,-105
125,119
-134,-133
-200,-178
113,105
113,126
-119,-115
-200,-203
107,-116
-113,-118
-117,-118
-225,-235
-104,-106
-112,-102
-152,-175
-153,-150
-213,-207
133,131
-130,-134
-123,-125
-114,-113
-114,-118
121,104
-126,-109
120,123
-165,-173
-127,-138
106,128
-121,-129
-217,-209
-132,-143
120,110
-120,-117
124,115
-135,-131
-110,-124
111,100
-130,-146
143,139
-210,-225
117,112
109,120
-163,-176
-255,-260
-161,-166
-120,-125
-140,-145
-107,-105
117,109
156,150
-173,-172
120,118
130,115
-192,-210
-127,-113
-143,-146
-115,-115
-101,-111
118,-105
-152,-168
113,107
112,110
139,130
-171,-178
-122,-117
-139,-149
101,-105
-195,-205
-179,-178
176,152
-123,-135
-136,-141
-140,-139
-124,-130
136,124
-130,-144
-174,-195
165,156
-165,-169
-138,-137
-148,-150
-105,-110
-201,-205
-192,-205
195,180
105,-104
-152,-152
-191,-180
149,150
-143,-150
-120,-124
-145,-145
-122,-131
-152,-144
200,189
-143,-137
-147,-138
-145,-148
-182,-185
107,-105
-130,-135
-201,-235
-163,-158
-157,-168
-133,-133
146,135
-120,-128
-143,-152
-200,-199
105,105
-140,-158
118,-106
-200,-215
-142,-145
-342,-340
-220,-199
126,123
119,117
125,132
-164,-165
163,161
102,-106
-232,-250
-101,-119
-120,-129
107,113
-158,-162
-153,-179
-147,-146
-220,-211
-215,-218
127,130
-116,-120
-186,-192
115,-106
173,170
139,119
106,109
-161,-167
120,117
-129,-123
-123,-138
-122,-147
-211,-223
-167,-158
179,187
-137,-146
151,131
125,120
119,119
110,104
-187,-196
-137,-148
-214,-230
140,130
-145,-143
-116,-126
-177,-201
-105,-127
116,110
116,112
-106,-130
126,107
112,118
-108,115
-127,-135
104,105
-174,-182
108,-106
-105,-110
-123,-139
-150,-152
133,130
-106,-112
-110,-113
-113,-114
115,111
-148,-135
-127,-134
-140,-140
-167,-180
-230,-270
-125,-126
111,126
-125,-116
-158,-170
-120,-107
-181,-210
108,103
-168,-168
-109,-113
-197,-229
-173,-198
-109,-110
-118,-133
-133,-147
-225,-227
-150,-132
-137,-140
139,144
-144,-140
115,116
-107,-105
-135,-135
-177,-170
-132,-137
-101,-109
-171,-170
117,110
-135,-123
-120,-124
-170,-163
-120,-130
126,124
114,104
-110,-128
-186,-188
-167,-181
-140,-145
-103,-104
120,112
135,132
-116,-113
-126,-118
-132,-136
-114,-105
123,107
123,122
-184,-176
-132,-137
-148,-153
-118,-114
140,122
-159,-173
-106,-110
-149,-137
-150,-160
-195,-239
-113,-121
-124,-124
-129,-125
-116,-105
-135,-130
-104,-116
-129,-119
122,122
127,131
-124,-132
-238,-286
-122,-117
100,-112
-116,-124
-143,-133
124,113
-163,-167
-104,-112
128,143
-139,-144
-154,-167
-138,-133
124,129
-157,-151
-238,-239
-127,-134
-119,-127
-122,-113
-144,-146
-154,-149
-300,-290
100,-106
-152,-162
-176,-175
-148,-140
-107,-106
-105,100
-157,-175
-105,-110
-126,-132
-152,-152
-200,-215
-118,-112
-129,-132
-129,-113
-163,-161
-169,-201
-168,-180
-127,-133
113,113
109,112
-139,-140
101,107
-240,-240
-147,-166
-152,-162
100,112
-180,-168
101,-102
-108,-108
106,100
-160,-169
-182,-178
175,167
-112,-105
-112,-104
-189,-186
108,105
113,111
-125,-140
-116,-111
-130,-134
191,185
-108,-127
137,145
-201,-215
-201,-190
-116,-122
-124,-121
-104,-110
-152,-170
103,110
-111,-105
-138,-134
-109,-114
111,108
-123,-132
117,129
-104,103
-130,-130
-131,-145
-191,-198
-104,-102
-191,-215
-108,-113
128,135
-117,-143
-118,-120
-120,-111
-170,-186
-178,-175
106,115
-146,-153
-138,-156
155,146
132,127
123,111
-125,-135
-101,103
-134,-135
-110,-117
108,-105
-118,-112
176,161
109,-106
-106,-109
-118,-113
-173,-183
-101,108
-126,-138
-136,-124
-124,-130
-155,-138
-144,-144
-119,-130
-138,-135
137,128
-136,-149
105,102
122,134
-142,-154
-133,-125
-127,-115
-106,-116
-157,-161
-118,-120
-154,-150
105,104
127,116
133,126
-172,-171
-102,-112
-117,-106
-128,-124
-103,-109
-142,-154
125,127
104,106
-117,-130
-134,-137
115,114
-119,102
-138,-148
-153,-153
148,147
-123,-120
-187,-210
-102,111
-124,-138
-220,-224
-190,-191
-101,-101
-115,-106
-152,-158
-149,-147
124,112
-184,-196
144,132
119,126
-128,-127
-174,-201
-134,-121
-118,-108
-145,-141
-125,-112
101,100
-130,-122
-133,-129
-206,-218
-206,-201
-172,-191
138,135
-105,-128
108,102
-147,-147
112,126
-143,-124
-180,-163
-188,-182
-140,-144
-214,-224
-121,-123
101,-112
-142,-158
-130,-122
-111,-125
-146,-137
-143,-160
-127,-148
-108,-108
-156,-147
-150,-146
184,176
106,105
-142,-138
-131,-113
-126,-116
110,112
-130,-126
103,-112
-106,-102
-144,-155
-117,100
-104,-113
-125,-126
-105,-102
-159,-156
202,185
115,113
-179,-178
-106,-107
-128,-103
-120,-148
-150,-158
-180,-225
-101,100
-159,-158
-141,-157
-109,102
-105,-119
140,132
176,152
-126,-139
107,-115
-135,-136
152,145
100,102
-150,-138
126,128
-142,-144
-157,-140
-128,-129
-218,-191
-245,-255
123,117
-153,-160
-123,-113
-113,-130
141,139
-106,106
-122,-121
-101,-115
143,146
-166,-180
118,133
-122,-111
-144,-140
-148,-149
114,110
-118,-139
-153,-169
-118,-117
-122,-117
-165,-162
-144,-158
-168,-168
119,135
-188,-188
-117,-137
-141,-143
-168,-188
-215,-225
137,132
113,120
-127,-137
102,116
137,132
128,135
-142,-148
-130,-138
108,106
-137,-160
-114,-132
-123,-123
147,145
-130,-135
-149,-164
110,110
126,121
100,100
-145,-158
-119,-119
-189,-171
-106,-115
-225,-220
-214,-185
-147,-160
105,-105
-135,-135
113,115
-135,-141
-147,-158
-137,-147
-105,-105
-145,-163
-101,-105
-260,-270
147,142
-218,-213
151,163
-130,-130
-168,-168
-107,-109
-141,-131
-118,100
106,105
123,122
-214,-213
143,131
-145,-138
110,106
113,103
-121,-132
127,122
112,132
-104,-116
-104,-116
-122,-112
-214,-255
176,162
-110,102
-108,-141
105,-101
120,123
-102,-114
-104,-105
-110,-130
-150,-153
-185,-213
-132,-156
-220,-255
152,147
-136,-131
-119,-127
-136,-130
-125,-140
-119,-112
126,136
111,120
-106,100
-143,-130
-147,-162
-177,-191
-128,-137
-197,-196
-193,-180
-139,-143
-117,100
-128,-138
-140,-159
118,127
-190,-220
-181,-173
-231,-242
-114,-124
-148,-175
-267,-259
117,110
111,106
-109,-105
-158,-168
-119,-109
-119,-108
116,134
-195,-182
102,102
-167,-191
-122,-126
104,103
-109,104
-195,-196
-126,-133
111,100
-183,-201
129,132
-228,-220
-130,-137
-160,-178
117,104
107,112
123,124
110,110
130,128
104,103
-135,-142
-123,-130
-107,-108
-130,-136
-103,-123
-222,-250
-102,-104
-106,-107
130,116
-195,-201
-114,-115
168,170
124,106
-126,-116
110,106
170,154
122,121
-142,-147
-141,-147
-148,-164
-113,-117
-166,-192
-117,-117
-143,-136
-119,-118
-107,109
184,188
-136,-153
-114,-116
-133,-125
-108,-108
-191,-209
-101,-104
-144,-150
-116,-105
-148,-141
-140,-155
148,150
127,117
106,119
-158,-179
-123,-125
-169,-184
-110,-115
-200,-200
-130,-141
-175,-216
148,150
-104,-111
-148,-147
105,110
-185,-183
-119,-116
-109,-116
154,162
-185,-183
101,-105
-183,-200
118,122
128,113
114,118
-179,-174
-150,-164
-135,-146
116,110
-135,-134
-176,-201
-170,-148
107,-102
-150,-170
-101,-105
113,108
-109,-113
-113,-118
-165,-163
-213,-270
-137,-152
-213,-270
-125,-112
-161,-176
110,122
-102,-103
-141,-153
-125,-128
102,110
-139,-145
-162,-162
-158,-134
115,123
-157,-152
-138,-145
-153,-159
-138,-135
-145,-155
-155,-144
-134,-142
-185,-191
-125,-121
-138,-139
-215,-228
-137,-149
-168,-159
-131,-133
-114,-113
-109,-130
-119,-110
-220,-212
112,122
-165,-173
-165,-170
150,138
-138,-129
106,105
101,102
168,155
114,111
123,127
-125,-139
-116,-112
-105,-103
-101,-110
-120,-140
161,169
-110,-108
-148,-147
-130,-139
-117,-129
-104,100
-126,-128
112,118
-106,-115
100,108
-130,-136
-165,-150
-152,-140
-133,-143
122,114
-106,-121
-135,-133
-118,-144
-125,-128
103,106
-118,-144
-148,-168
-121,-146
168,164
-120,-126
-121,-121
-160,-160
-120,-139
-126,-126
108,116
-105,101
-158,-154
-155,-160
107,109
-134,-131
-128,-158
-160,-175
-159,-172
127,115
104,112
-112,-110
-135,-133
-156,-175
-120,-115
130,140
108,-104
112,104
-128,-121
-174,-179
-134,-118
113,108
-115,-125
102,105
-155,-149
122,141
-180,-173
109,110
-102,-111
112,134
-115,-128
-135,110
-135,-137
118,120
-172,-165
-151,-151
-126,-137
111,123
-182,-195
-148,-147
135,128
-150,-152
135,123
102,100
-148,-143
-145,-161
-140,-167
-138,-145
-105,-115
118,116
-129,-107
-130,-139
-177,-180
159,164
-133,-125
153,149
143,149
-131,-127
-142,-144
106,100
-113,-103
115,115
121,114
-102,-105
-110,-123
-171,-172
-102,-114
-145,-137
139,144
126,144
129,151
-116,-137
-139,-158
-205,-226
-210,-210
-150,-135
120,101
-136,-141
-143,-164
126,124
122,126
-139,-135
-141,-169
-139,-162
-126,-105
-159,-178
-189,-183
-141,-133
-139,-164
-163,-163
-145,-132
-189,-205
137,133
111,100
201,190
-133,-138
-187,-177
-153,-157
-127,-144
-147,-140
-147,-146
102,114
-168,-170
-142,-135
-167,-158
-122,-124
-136,-132
-127,-143
161,152
-172,-173
-136,-143
-145,-145
-152,-168
-137,-151
-129,-141
-139,-144
104,104
-145,-145
114,117
126,132
-133,-140
114,119
-123,-105
-131,-128
-133,-147
-122,-128
-146,-166
-126,-121
-207,-235
-147,-156
134,138
-154,-143
105,-115
-113,-110
108,100
-137,-128
153,152
-109,102
104,-102
108,100
-129,-134
-262,-290
-140,-163
-200,-206
-116,-118
-145,-156
-104,-112
-133,-143
-138,-126
114,121
-118,-103
-111,-121
132,151
-122,-133
-148,-155
-223,-220
-113,100
-186,-207
141,125
-164,-164
-105,-111
-153,-165
-109,103
127,130
-105,102
-149,-151
123,116
132,151
-244,-230
-215,-217
110,110
-104,-110
128,126
-119,-107
-214,-230
119,117
150,145
108,101
-107,-107
-119,-113
124,108
-116,-126
-125,-146
144,134
-186,-219
-144,-136
-126,-123
-193,-193
-180,-204
-109,-112
108,101
-148,-135
109,115
-138,-166
-120,-150
138,125
-139,-149
-101,114
102,-106
-149,-147
-121,-102
-147,-152
-379,-435
136,143
102,100
-108,-106
142,140
-154,-168
-138,-152
104,104
-113,100
-129,-133
121,108
-251,-237
-121,-144
-131,-116
-105,100
-180,-183
-155,-145
-176,-194
-121,-110
107,103
-144,-138
127,143
-175,-166
-146,-150
-151,-168
125,126
-177,-169
-169,-173
106,108
-156,-161
-114,-136
-134,-138
104,-103
-106,-105
109,-107
-168,-172
150,152
-217,-221
-119,-103
112,128
-235,-255
-135,-111
-108,105
180,166
-140,-134
102,-109
-159,-147
-143,-126
-153,-154
126,110
-236,-238
-181,-182
-213,-222
-110,103
-112,106
-101,103
-143,-151
102,106
-180,-167
-182,-205
-128,-130
-150,-146
-223,-235
105,116
110,104
-112,-114
-110,-122
-169,-170
-129,-139
121,125
-135,-143
-178,-182
-105,106
-128,-140
-244,-275
-104,125
-136,-145
-102,-106
-104,-107
-111,-118
-130,-135
-129,-154
-115,-123
101,111
-208,-218
-167,-170
-130,-129
-171,-180
-191,-189
127,116
130,125
-185,-210
122,128
129,117
-107,-118
-132,-150
-193,-201
-125,-150
-155,-142
-176,-162
-146,-135
-120,-119
-140,-153
-163,-160
126,131
-171,-190
142,135
-203,-220
-160,-156
-151,-165
109,105
-173,-163
-240,-226
120,112
118,100
-177,-180
140,130
-108,-105
-157,-158
-145,-145
118,105
127,132
147,161
-159,-163
-124,-127
-165,-160
-125,-125
-142,-134
114,103
115,102
-244,-250
168,181
-128,-133
-175,-191
101,105
-168,-168
-182,-181
147,147
-201,-213
-119,-134
-136,-130
-102,102
-117,-107
116,117
175,168
-191,-213
-167,-160
118,118
-107,-110
-104,-110
168,154
-119,-108
-121,-122
-168,-158
129,119
-104,-113
107,105
-141,-130
-108,-107
-186,-220
-132,-123
-119,-136
-108,-106
-169,-160
152,140
153,150
142,145
-157,-151
-122,-130
112,-105
160,162
-128,-128
-112,100
-206,-208
-122,-126
-124,-122
-113,-121
-130,-125
147,150
-119,-123
111,105
-106,-114
-175,-173
127,117
193,198
146,137
-143,-162
157,159
-154,-143
115,130
-130,-132
101,-105
-170,-172
117,114
-181,-181
-113,-119
-210,-214
125,134
-184,-187
-133,-143
-138,-136
-144,-135
-139,-145
-138,-134
-166,-179
-107,-103
141,145
111,106
-154,-156
-119,-130
-201,-225
-109,-102
-149,-154
170,172
104,102
-135,-125
-172,-170
-154,-149
-232,-250
-125,-134
124,124
-166,-171
-170,-172
-110,-122
-191,-178
-135,-136
-218,-201
-125,-131
-151,-152
-159,-159
-135,-140
165,158
-112,-120
-153,-155
-188,-201
103,-103
-128,-144
145,157
-128,-135
108,-102
102,-109
-138,-148
-126,-132
-113,-106
-128,-144
-169,-206
108,101
-128,-142
-191,-225
-220,-225
-134,-137
-168,-165
128,116
-125,-125
132,138
-108,-120
-112,-109
104,101
-148,-150
-147,-160
-107,-110
106,-105
-250,-247
-271,-265
130,128
-148,-142
127,118
-126,-131
-121,-131
109,-105
-128,-134
-107,-117
-164,-170
-102,-129
-133,-131
-110,-115
-105,-108
-141,-132
-170,-170
106,-102
-144,-147
121,118
-118,-114
-104,-109
143,142
-130,-113
129,117
-178,-190
111,105
104,113
107,100
-201,-190
-158,-165
-124,-120
113,115
-121,-129
-137,-130
-130,-132
-129,-114
-148,-143
-178,-208
-131,-129
-155,-158
-109,-112
-119,-122
-191,-212
-153,-161
161,159
-129,-125
-111,-113
147,147
-128,-122
-210,-210
-110,-117
113,111
125,125
112,110
104,-110
107,100
-220,-228
-128,-119
151,152
-124,-124
-133,-127
-112,-107
118,107
-107,-107
-236,-236
117,112
-152,-136
106,120
-133,-145
-118,-132
-230,-242
-115,-118
-152,-171
-109,-119
-136,-120
100,106
-113,-126
106,109
-142,-142
-133,-133
127,122
-115,-118
-119,-113
-151,-164
-196,-200
-111,-115
106,110
-128,-122
137,119
111,117
-147,-161
127,118
101,101
-156,-159
124,122
-124,-125
110,109
-113,-108
-126,-133
-107,108
-139,-140
-191,-182
-146,-145
-139,-141
-111,-116
126,140
156,153
112,115
-132,-130
145,141
-117,-116
-134,-130
-174,-194
103,100
116,103
-123,-141
-161,-152
-130,-135
130,129
-114,-135
-114,-113
-130,-142
-152,-146
-128,-133
105,105
-166,-175
-173,-201
-129,-130
136,134
-242,-230
-147,-154
-104,-110
-137,-150
-208,-191
-145,-132
-147,-147
-105,101
-177,-178
-175,-187
107,103
-113,-109
-203,-215
110,113
185,190
-108,-109
-141,-137
122,133
-180,-205
-212,-211
-211,-190
-160,-167
104,-104
-182,-180
-124,-120
131,120
-121,-133
-218,-215
-120,-144
174,170
105,102
-149,-152
-149,-137
-123,-137
-196,-180
-222,-205
-158,-145
-145,-147
-135,-140
-174,-185
-162,-158
101,111
104,-102
-162,-164
-114,-103
-139,-158
-132,-150
-108,-115
-148,-142
-149,-162
111,-108
-140,-137
-156,-157
-150,-155
-129,-142
-101,-117
-116,-116
116,113
-150,-157
-133,-142
-131,-153
-105,-112
-150,-157
-125,-119
-105,-105
-139,-137
-112,-150
-137,-136
-157,-157
-109,-111
-191,-186
107,102
-183,-178
-104,102
-138,-133
-167,-159
-138,-150
-120,-128
-175,-182
147,150
-150,-172
-201,-175
-160,-153
139,150
116,109
-121,-130
-123,-120
-154,-165
-175,-170
-221,-230
120,125
107,113
-110,-112
-205,-218
-136,-143
131,116
104,106
-172,-163
103,104
-128,-118
-104,-116
-136,-142
-136,-136
-240,-270
-173,-172
101,102
-160,-153
-201,-220
-169,-170
-140,-138
121,121
102,109
100,-109
-242,-235
-145,-143
-122,-112
-118,-128
-133,-119
-130,-136
-173,-172
-118,-119
-157,-147
-109,-120
-151,-128
-104,102
126,126
108,102
-101,-101
-169,-158
-210,-221
-130,-132
-133,-132
-115,-138
-182,-178
108,104
-107,-108
-125,-112
103,101
-118,-127
133,135
161,168
-132,-133
-134,-139
-124,-123
-114,-110
109,106
122,115
-123,-122
127,124
109,106
-104,-103
-105,101
130,120
-121,-115
215,240
-175,-180
-172,-175
138,130
-114,-110
-106,-111
-155,-156
-103,-103
-102,-111
-106,-106
124,121
-165,-165
128,135
-105,-119
-110,-115
130,125
-167,-177
-150,-130
-128,-135
-108,100
-184,-191
-228,-235
-127,-141
101,-110
-106,-111
152,142
-134,-130
116,131
117,102
147,141
116,107
-187,-187
-107,-123
-129,-123
-124,-121
141,137
111,110
-140,-145
-143,-130
-103,-113
-141,-130
131,119
-167,-167
-170,-163
140,149
-131,-129
-122,-109
-175,-177
101,-104
-209,-220
122,138
107,111
-113,-122
-116,-117
-121,-131
-140,-147
101,-104
129,132
163,157
-116,-107
-146,-146
-134,-145
-103,-105
114,128
-209,-220
125,148
132,137
146,139
122,131
-101,-110
-104,-102
115,105
-180,-180
160,163
-131,-128
-133,-131
-101,-107
-116,-119
-220,-235
118,113
-124,-142
-112,-109
115,116
122,120
106,-102
-143,-150
-201,-237
-117,-111
-108,-103
-106,-107
-160,-172
-148,-140
104,-102
-125,-129
-164,-161
102,104
-218,-227
106,114
-119,-130
-127,-118
-172,-175
-224,-248
112,106
-114,-122
107,103
-146,-156
-129,-125
109,102
-136,-142
-103,109
115,116
-177,-189
113,107
-109,-109
-208,-227
-144,-135
-219,-231
-104,104
-148,-163
-124,-124
104,109
-105,-106
-145,-146
-118,-131
101,100
-134,-134
-136,-135
-140,-132
-152,-159
-101,-101
-270,-290
-139,-138
-146,-159
-126,-121
-102,-102
-191,-205
120,130
-180,-179
-141,-148
130,123
-148,-146
-191,-212
-151,-152
-107,-105
124,118
-203,-200
-103,-107
-123,-124
141,125
133,130
-184,-181
119,108
-131,-126
-134,-131
-224,-238
-109,-110
-122,-112
-118,-134
114,106
-168,-164
-103,-109
108,105
-105,-105
-114,-120
141,137
102,-101
-118,-125
-256,-269
-181,-206
-147,-149
-110,-111
107,110
117,102
-157,-180
-109,-121
-114,-126
-103,-105
140,132
-106,-105
-130,-133
137,132
-108,-105
-175,-171
-142,-142
-103,100
104,-108
-109,-107
131,130
-129,-120
-113,-112
-120,-123
194,190
117,-103
-112,-111
-106,-107
100,-108
-130,-127
-145,-159
105,109
-104,-110
-130,-127
-132,-142
109,117
128,132
-128,-135
139,139
-122,-139
-138,-148
-120,-124
-143,-142
-101,-101
-149,-160
103,-105
-109,101
-181,-179
-124,-121
-134,-124
-109,-115
-124,-109
-125,-135
111,108
-146,-153
-124,-109
175,168
-106,-108
-164,-168
-107,-107
-122,-113
-206,-190
111,112
-124,-128
-199,-208
107,-105
116,111
-106,-114
111,106
-220,-240
-114,-108
160,150
-215,-230
-122,-141
-105,-112
-179,-162
122,122
-136,-140
-109,-107
137,143
-105,-105
-138,-147
102,-108
-145,-147
-106,111
-106,111
-250,-220
-112,-105
107,-106
-145,-140
-174,-160
113,112
-159,-162
-133,-154
-164,-165
-120,-113
-141,-146
-110,-115
-143,-144
-143,-156
-137,-143
-104,-108
126,128
110,-105
-127,-139
-134,-123
-131,-137
-121,-122
-135,-134
-112,-115
-196,-210
-185,-187
-179,-215
112,102
-130,-126
139,152
103,101
-245,-285
-142,-145
-260,-310
116,107
-108,-121
-146,-132
-147,-150
-142,-141
-158,-143
-115,108
117,117
161,144
-143,-130
-108,-108
-185,-195
-185,-195
137,125
-160,-175
-163,-150
-121,-122
112,108
-115,-111
-180,-177
-208,-232
137,137
-125,-139
-135,-131
-124,-140
-137,-143
-125,-128
-135,-140
-147,-151
-159,-155
137,143
-191,-200
118,120
-149,-158
133,138
105,100
114,120
-125,-106
-145,-155
-115,-109
-191,-214
-180,-180
-161,-162
-105,-110
128,118
-143,-127
-184,-162
-157,-169
-150,-168
125,110
-106,-110
-125,-142
-233,-230
180,186
-104,-109
-143,-140
-120,-119
131,131
-142,-135
-153,-161
-146,-160
-157,-172
-133,-138
-130,-121
-101,100
131,128
-127,-146
124,113
-191,-177
-152,-158
-141,-140
-113,-106
-125,-128
-104,100
-136,-149
-109,-111
-109,-114
-240,-250
-151,-153
-142,-149
-112,-122
160,165
-105,-105
-149,-145
-139,-141
-105,101
-108,101
-218,-215
-102,101
-110,-115
136,134
-108,-114
-142,-149
-140,-136
110,107
111,106
-109,100
-164,-174
100,-102
111,110
-134,-150
-151,-154
116,121
-149,-155
155,147
127,132
155,147
-108,-130
160,150
-130,-139
-110,-108
-114,-127
164,145
134,138
-125,-132
-110,105
-111,-102
119,131
-109,-116
-145,-150
132,130
112,102
106,105
126,139
-108,-111
-151,-150
121,113
137,135
-116,-125
-124,-123
119,103
-131,-121
-136,-148
-151,-157
-103,-115
108,100
130,141
-141,-140
-180,-182
135,132
147,150
-150,-166
-145,-167
143,134
-163,-169
-136,-142
-108,-113
113,-102
-230,-227
-114,-110
-130,-146
-113,-105
-107,-119
107,100
-180,-212
-127,-130
-158,-166
-113,-124
138,124
162,162
-114,-132
-158,-152
-158,-166
-150,-158
104,-102
-152,-166
-155,-155
114,107
-101,-103
-156,-164
-115,-109
-166,-171
-122,-139
-144,-136
-104,-107
-108,-114
-106,-115
102,106
106,108
108,115
-155,-139
-105,106
105,127
-156,-159
114,113
131,144
-173,-163
-140,-152
-170,-163
-155,-166
-145,-137
-120,-106
137,142
-164,-149
121,121
112,105
-107,-121
-173,-189
-200,-196
-169,-179
-146,-149
-109,109
-127,-123
-153,-157
-173,-189
-146,-146
122,110
-168,-203
-124,-133
-112,-123
-235,-269
-191,-185
-197,-204
-150,-136
-230,-200
-108,102
-164,-163
-164,-167
-150,-169
-126,-139
121,116
-161,-174
-135,-134
-161,-166
-201,-210
-132,-113
-212,-210
112,111
-165,-175
-121,-125
-109,-110
-148,-158
110,100
-117,-128
-149,-144
108,109
-315,-332
-222,-210
-126,-135
-120,-120
-121,-125
-112,-109
-152,-144
107,-115
-129,-132
111,-109
-165,-163
-138,-149
-181,-177
-148,-139
-185,-175
119,117
-119,-127
130,130
-178,-180
-118,-118
-160,-166
115,107
-240,-277
103,103
-140,-134
-143,-150
-220,-184
110,104
-116,-107
-155,-168
-135,-143
-146,-157
131,136
-153,-130
-151,-149
147,162
-165,-163
-165,-163
-156,-137
149,144
-135,-128
-149,-139
-108,-105
117,112
-104,100
-146,-134
-156,-148
-145,-137
122,115
-116,-121
-119,-127
140,146
124,123
-108,-107
-160,-161
-151,-135
116,108
-233,-248
109,110
121,119
-169,-180
-124,-127
-143,-162
-109,-105
142,144
-122,-130
-144,-140
101,-106
141,129
-168,-173
169,160
101,100
-147,-143
-141,-129
-128,-112
111,102
151,157
131,139
177,194
-130,-130
110,116
-131,-132
-140,-135
-127,-133
-139,-142
101,109
-135,-144
-141,-160
-101,-112
157,160
-128,-129
121,130
103,103
-115,-113
-165,-150
-111,-113
-160,-152
-130,-123
-156,-161
108,127
148,130
-131,-138
154,161
120,119
118,125
-159,-159
137,141
100,-114
-212,-215
-160,-152
151,144
146,147
-105,-110
125,142
110,-102
-128,-130
-113,-128
-104,-106
114,-101
-134,-144
-140,-138
-201,-207
-218,-219
-131,-139
176,194
-107,-101
106,111
-105,-103
109,114
-170,-176
-138,-156
-114,-126
124,108
-159,-170
119,128
-171,-162
105,113
-218,-231
-105,-105
-132,-131
-208,-218
103,100
-165,-156
-165,-165
-158,-156
-140,-138
-106,-118
103,100
122,125
-152,-150
100,-102
-252,-270
103,100
-165,-180
-153,-153
-186,-215
120,100
-150,-149
-145,-143
103,106
-153,-170
-102,-102
-136,-140
117,124
-206,-180
118,120
-160,-156
-115,-111
-148,-153
-191,-188
-104,-105
-165,-167
-109,-108
-180,-191
-153,-153
-118,-132
-230,-248
117,100
112,118
-138,-146
-122,-110
-218,-232
132,138
115,113
110,125
-158,-161
-155,-155
-215,-235
-235,-252
-125,-121
-115,-120
-242,-257
-119,-139
-140,-142
-136,-140
110,116
-140,-160
-115,-120
146,139
147,150
-145,-144
-135,-145
-149,-158
-252,-245
-124,-136
-301,-283
117,145
-136,-152
-166,-179
-163,-171
-176,-176
132,127
130,128
141,151
-110,111
-181,-169
129,143
-130,-125
-184,-169
-135,-141
-117,103
-155,-175
-125,-125
-114,-108
145,132
117,116
-158,-154
-182,-222
-131,-129
140,115
-175,-184
-108,-108
-196,-214
-115,-108
-175,-192
-111,-118
-150,-168
154,138
-172,-173
103,-105
-191,-217
-148,-160
-175,-167
-140,-147
152,152
-114,-111
101,-107
-134,-157
101,-102
-201,-207
-203,-227
-161,-159
147,145
-133,-126
129,125
-230,-223
-124,-121
-181,-217
-145,-145
156,149
-127,-141
-128,-125
146,145
-250,-221
106,100
-116,-125
158,160
-196,-175
159,171
-180,-175
-225,-231
-191,-195
-101,-105
-238,-260
-148,-150
127,120
-140,-136
-203,-217
-114,-117
-127,-120
129,125
-139,-160
-144,-128
-133,-142
-124,-117
-124,-119
188,152
-220,-222
-119,-138
-142,-147
140,124
-230,-219
-182,-175
111,104
112,114
116,122
139,137
-114,-122
-130,-114
-120,-108
-120,-119
130,121
224,225
-163,-158
187,172
-197,-193
187,163
-220,-230
200,164
129,117
115,117
113,-105
112,125
-114,-115
-232,-241
114,-123
-161,-178
101,-112
-123,-122
-101,-107
123,137
180,175
-117,-122
-220,-250
-195,-193
147,154
100,-110
-116,-112
-107,-103
-150,-157
-117,-118
-250,-250
128,116
-137,-132
-104,101
-201,-185
116,100
150,153
-265,-268
-113,-118
123,110
149,143
-191,-200
-114,-120
-156,-146
-114,-134
-210,-196
-110,-104
-234,-218
102,102
102,-102
-110,-110
-208,-205
-106,-107
-104,-113
-108,-105
-197,-184
-180,-204
-230,-225
130,120
-155,-162
-129,-114
-146,-146
112,105
116,121
-153,-135
115,119
-151,-148
-191,-195
-148,-143
-197,-188
-101,-109
-206,-225
-119,-131
-149,-150
-102,106
-135,-137
-153,-150
110,107
-171,-160
100,-106
106,105
-127,-129
-158,-177
-205,-215
-180,-200
134,123
127,114
117,110
-132,-143
-115,-102
-135,-145
-170,-163
-173,-173
-201,-213
-138,-121
126,107
125,-106
-230,-230
-179,-191
-173,-156
-116,-134
105,-106
104,105
-137,-140
-154,-144
128,144
106,-112
-111,-107
-116,-116
-113,-113
-116,-112
-118,-106
-160,-160
131,127
-142,-150
121,-103
-109,-110
114,116
-154,-138
-128,-119
-122,-102
-140,-141
102,102
-132,-132
117,118
-119,-131
-106,-103
-144,-158
-144,-158
130,131
-109,-112
-137,-117
-121,-119
141,147
-141,-140
-156,-161
-125,-121
126,126
-110,-120
143,149
-158,-158
103,103
104,-108
-145,-146
-101,-109
-132,-141
100,-117
-152,-167
-109,100
120,122
-107,-125
-105,-102
158,136
-120,-110
-166,-150
-114,-112
-146,-135
128,108
-131,-128
-142,-130
-120,-106
-152,-161
-120,-123
-114,-105
108,103
-123,-109
106,109
-114,-103
-132,-143
-129,-138
-140,-139
-152,-170
-123,-136
-101,100
-124,-149
-113,-119
-154,-137
112,-102
-149,-142
-172,-172
-115,-118
119,115
100,108
-104,-109
-110,-115
-123,-115
-145,-150
-122,-129
-124,-124
-138,-126
111,107
-112,-102
-165,-182
126,137
-161,-168
153,163
133,136
-147,-141
-105,-119
-179,-185
-136,-137
-116,-113
-145,-161
-123,-121
-188,-177
-101,-101
105,121
-139,-135
-191,-178
136,152
112,124
-107,-115
-131,-116
-157,-172
-124,-123
-163,-154
-153,-153
-107,-111
-116,-111
-118,-122
-182,-181
-156,-150
-101,105
104,106
-119,-133
106,-101
121,115
116,107
128,130
-106,-103
-136,-137
-154,-164
-140,-134
-218,-215
-125,-109
-103,-110
113,111
-110,-113
-110,-103
100,106
108,-109
-120,-153
137,152
106,-103
-130,-121
-112,-120
-147,-154
-117,-118
-169,-165
-120,-117
-104,-114
-111,-104
-125,-135
100,104
161,169
-108,-101
-158,-151
-144,-129
-144,-134
-159,-168
-155,-144
-127,-139
-129,-113
-106,-106
-125,-129
-115,-111
-140,-143
-190,-178
-113,-103
-160,-144
-184,-206
-154,-169
117,133
-118,-125
-103,-103
-142,-150
125,133
-116,-104
-120,-122
140,148
-230,-251
-119,-112
-158,-150
-142,-156
-203,-221
-132,-122
-103,-108
-128,-114
-106,-110
-131,-143
-141,-140
-137,-123
-132,-143
178,183
125,129
-139,-142
-110,-113
-162,-156
126,105
154,157
-128,-127
-138,-129
-124,-148
154,157
-142,-154
-120,-127
106,-103
116,114
-125,-134
-132,-124
-105,-121
-175,-157
-105,-111
-106,-106
-110,-106
-131,-106
111,-102
111,113
131,128
-138,-133
-156,-167
-125,-123
-127,-124
111,119
-101,-120
102,-104
-109,-104
-154,-151
-130,-140
108,116
-108,-120
-154,-151
118,107
150,176
106,-108
-173,-180
-158,-150
-120,-107
-143,-146
117,125
112,112
-131,-124
-115,-120
111,105
-126,-116
114,106
112,107
118,121
-106,104
-153,-140
-137,-144
-131,-132
106,-104
-140,-152
119,122
-110,-121
-151,-131
-136,-137
103,-113
-168,-185
-127,-119
-106,-102
-101,-102
-103,-111
105,106
-115,-116
-130,-138
-150,-158
-124,-122
122,120
108,132
-137,-126
-222,-230
-168,-193
-164,-180
107,109
-162,-153
-101,104
-108,100
-134,-128
-154,-161
105,-107
-102,111
-129,-145
-138,-149
-154,-165
-111,-106
-163,-169
114,102
-112,-108
122,136
127,110
-135,-142
-128,-123
-109,-108
-147,-137
-121,-107
-120,-106
-152,-149
-128,-134
-115,-109
-136,-119
117,116
105,-113
-138,-135
-121,-104
-120,-120
-140,-142
-168,-162
-143,-140
-121,-114
-111,100
-106,102
113,100
-215,-230
102,106
-158,-160
-107,-107
142,150
-111,100
-153,-154
-150,-149
-168,-175
-158,-161
-107,-123
-132,-132
-107,100
-158,-166
-123,-122
132,115
102,111
-113,-101
101,100
-166,-164
-149,-160
122,124
-127,-128
100,102
-109,-123
-106,-114
-127,-128
-120,-143
-127,-108
-128,-130
-133,-136
-105,-126
100,101
-122,-125
-110,-104
-120,-120
-130,-133
-138,-146
-132,-140
-110,-122
103,100
-145,-132
-137,-142
-123,-109
-114,-120
-139,-120
107,-104
-140,-140
100,-108
-151,-151
-123,-112
-133,-132
-155,-158
-132,-129
-125,-128
-133,-130
-149,-164
-167,-171
-101,108
110,110
-142,-145
-109,114
-141,-135
-150,-152
-121,-113
-103,-121
-124,-114
-156,-177
-124,-122
-139,-159
-117,-113
-110,-108
-143,-158
107,106
-107,-112
-169,-150
-123,-140
-101,107
161,168
-119,-124
-129,-120
-254,-260
-131,-124
-120,-121
-112,-103
-107,-106
114,113
-254,-260
-116,-127
-171,-169
-130,-116
-112,101
-112,-119
-165,-179
-128,-129
-104,-107
-137,-125
105,106
102,104
-127,-140
-123,-123
-152,-138
117,141
100,-109
-125,-112
125,125
-130,-138
125,125
119,138
-107,-110
-162,-171
130,129
106,-106
-130,-138
-178,-170
110,116
105,-103
-154,-163
-127,-140
153,152
-126,-135
-131,-132
-112,-122
-150,-164
-114,-126
-104,-114
126,124
-114,-105
-147,-159
102,122
-117,-117
-183,-191
-139,-136
107,109
-146,-166
125,122
-132,-130
107,104
-105,-111
-130,-134
-154,-152
-143,-155
-122,-108
-118,-132
119,128
-167,-185
102,107
-157,-150
-105,108
-132,-156
-128,-124
-138,-156
-145,-138
-123,-135
-140,-149
110,-105
-165,-163
-102,105
-118,-118
-127,-136
104,-110
-131,-128
-125,-121
-124,-134
-140,-140
-135,-145
-104,-107
-102,101
-131,-123
-126,-133
-220,-223
124,109
100,-108
-125,-124
104,-111
-114,-123
-220,-223
-121,-135
114,116
-139,-140
-231,-236
-148,-160
-122,-110
105,-104
-125,-130
-101,-114
109,-104
-131,-112
-131,-128
107,103
-122,-128
-235,-225
-144,-139
-160,-156
-113,-123
-161,-165
-161,-164
-104,103
-110,-124
-139,-151
110,117
-147,-134
-169,-172
115,118
-139,-149
-108,-102
105,105
-116,-118
115,110
-113,-109
105,112
-146,-146
111,116
-164,-171
110,117
-145,-139
-104,103
115,110
145,154
-157,-161
-132,-124
-122,-132
118,114
-130,-133
152,157
-144,-140
-105,101
-132,-131
-138,-133
111,123
-129,-138
118,119
-140,-140
-146,-160
-136,-147
-105,-116
-136,-145
-121,-132
110,128
-151,-161
100,106
-103,-102
-219,-186
-108,102
111,113
-128,-116
-168,-178
-112,101
-107,-114
-131,-135
-133,-125
-121,-146
157,153
121,117
-152,-140
109,103
-150,-150
-106,-109
-117,-103
-122,-125
-165,-155
-120,-116
-153,-153
-115,-104
101,-112
-164,-171
124,111
116,117
-101,-111
-136,-133
-156,-155
-138,-135
106,125
-165,-191
-150,-131
-173,-168
-164,-153
102,-101
-115,103
-150,-155
102,-112
122,118
-131,-138
-142,-141
100,101
-181,-187
-109,117
152,162
-233,-230
-164,-153
-210,-215
114,-105
-103,-104
100,-101
-177,-218
-126,-116
-133,-140
-175,-166
-124,-117
130,126
124,116
-179,-191
118,116
163,176
-142,-154
-179,-163
-126,-118
-172,-180
-131,-134
-105,-109
-122,-119
106,104
-138,-140
-150,-151
-152,-130
100,-117
-131,-150
-117,-123
-115,-128
-125,-141
-155,-144
-124,-122
-139,-152
-137,-150
-153,-175
-138,-148
120,115
-129,-137
-157,-149
-146,-157
-112,-125
-136,-130
-111,-106
-122,-118
-142,-152
-103,-103
-112,-124
-107,-112
-175,-165
-181,-199
-117,-122
-121,-104
-145,-144
131,134
-143,-152
125,119
-146,-147
103,102
-151,-151
-129,-133
-138,-135
107,-107
100,102
-160,-163
-120,-121
-119,-131
-180,-197
122,126
115,110
-139,-144
101,-102
-208,-232
-178,-174
-102,106
144,148
-104,107
-134,-134
-222,-228
119,129
126,106
-122,-132
-117,-128
-150,-145
127,119
-134,-139
-127,-117
-164,-171
109,110
-105,102
-128,-137
-142,-148
-101,104
-191,-180
111,124
-131,-142
101,-125
-137,-137
128,120
-151,-156
-152,-154
-134,-152
131,143
101,108
-164,-181
-124,-140
-107,-102
106,113
-107,-104
-132,-141
-124,-117
-157,-176
-101,-124
-122,-112
131,123
111,118
-123,-128
113,123
-114,-108
-104,-112
110,108
-114,-115
132,129
-132,-140
-125,-140
-148,-140
109,112
-164,-177
110,127
-174,-173
-130,-132
-102,-110
-120,-114
-121,-134
119,111
-163,-164
-122,-124
-168,-156
107,100
-102,-110
-116,-112
-161,-166
101,107
144,131
-168,-176
-110,-118
-122,-133
-153,-161
-214,-238
128,127
-175,-168
138,137
-150,-135
-153,-141
103,109
-112,-110
120,126
-120,-129
121,135
-147,-148
115,110
-123,-117
-103,-111
-175,-208
-109,-109
-160,-163
105,113
-112,-125
-170,-168
-121,-119
-101,114
-103,-109
-137,-139
-112,-122
-222,-210
-122,-126
-140,-143
-173,-191
-116,-127
-141,-135
124,138
-131,-127
-120,-131
-120,-124
121,118
-191,-180
112,112
121,123
-104,-113
-226,-224
-172,-176
-141,-142
-143,-145
-153,-167
-201,-206
106,115
-122,-123
-140,-133
-164,-170
108,112
109,130
-174,-181
-168,-176
-114,-108
-112,-114
-146,-149
117,119
-166,-158
-155,-157
-116,-108
-102,-106
-109,-105
-127,-135
-116,-121
146,151
-136,-124
102,-113
-135,-147
-117,-110
-101,107
-133,-137
-154,-144
-135,-129
-154,-144
-118,-110
-139,-130
123,115
-183,-174
105,110
-102,111
-119,-124
-122,-138
-128,-127
-131,-146
-108,-128
-134,-130
-133,-145
-139,-150
-135,-140
-130,-135
-132,-138
132,152
113,110
106,105
-118,-102
-129,-133
-140,-124
-128,-135
-140,-148
-167,-180
-177,-172
-163,-164
-166,-175
-150,-150
110,-106
119,120
104,103
-128,-130
-171,-180
-201,-203
-148,-150
-140,-144
136,136
-114,-117
-137,-132
-156,-144
-145,-134
-122,-133
-126,-121
117,115
110,110
126,133
-131,-137
-154,-170
-148,-150
-135,-128
-116,-126
-156,-160
101,-109
-109,-108
-146,-146
106,106
-113,-113
-136,-150
-116,-118
110,114
-139,-151
-130,-147
-135,-135
-105,-114
-109,-110
-135,-140
-174,-174
-165,-178
-115,-110
-119,-116
-102,110
-119,-136
115,105
-117,-114
133,144
-108,-114
-154,-158
-124,-115
-110,-117
-131,-125
-149,-143
-161,-170
-122,-134
-129,-136
-145,-162
-108,-108
-143,-154
-121,-115
-122,-112
-104,101
-105,-111
-146,-157
-215,-210
106,107
-136,-135
-110,-108
-111,-120
-142,-124
-131,-118
-136,-144
-113,-119
-115,-128
-185,-201
-136,-141
-118,-123
-126,-131
-115,-124
-172,-171
105,104
149,144
-118,-115
-111,-119
-117,-123
-116,-111
121,127
116,108
-143,-142
-149,-143
-111,-111
-168,-161
-138,-154
-253,-265
119,105
-101,105
-168,-175
134,149
-136,-132
-136,-126
-201,-210
-153,-165
112,107
-158,-146
-205,-215
-115,-116
-185,-192
106,121
-197,-220
103,107
108,126
163,166
-160,-169
-104,-107
106,103
-167,-165
133,122
-164,-174
-117,-115
-143,-151
-146,-135
-122,-132
-150,-156
135,135
-114,102
-176,-184
-170,-166
-150,-168
-107,-117
-118,-115
145,142
-150,-144
-179,-172
-105,-108
-160,-170
108,111
-130,-138
-129,-139
166,152
-120,-118
-201,-210
-157,-161
-161,-165
120,109
-145,-150
-158,-151
-105,-108
-105,110
-110,-112
-169,-169
-157,-162
-133,-138
108,101
-128,-138
-137,-146
117,106
-113,-125
-128,-132
122,128
-111,-116
-196,-198
-128,-122
-117,-121
105,101
-136,-136
-162,-168
-118,-121
-122,-105
123,120
-108,105
129,127
-133,-135
-116,-101
-165,-169
-101,102
-120,-132
114,135
-129,-140
-134,-126
-125,-111
105,112
115,120
-144,-149
118,110
150,168
-141,-140
-167,-156
-160,-141
117,113
-107,-112
110,113
-134,-141
-134,-135
-113,-119
108,105
-135,-149
124,130
-144,-142
106,108
-103,108
-139,-157
-117,-114
-101,102
-126,-132
-148,-150
-119,-131
-175,-174
141,144
-134,-143
-118,-128
-111,-123
-121,-116
-128,-137
-114,-131
-125,-142
-114,-125
-103,102
-112,-112
-177,-178
-155,-160
-208,-220
-137,-132
121,128
-107,112
-114,-128
-122,-122
-101,-108
-102,-116
-126,-128
-128,-139
-139,-148
-140,-143
-170,-173
104,101
-157,-176
-125,-136
-127,-136
124,125
-119,-120
-137,-153
118,120
-162,-164
-109,-107
-117,-120
106,110
-145,-151
109,114
111,101
-128,-131
-124,-135
-124,-139
-177,-187
-153,-157
-107,-110
-156,-159
-191,-206
-194,-205
-125,-119
-119,-117
-152,-138
-128,-137
-113,-125
-127,-140
122,123
-135,-134
-151,-158
-135,-144
119,122
-114,-108
-133,-136
-145,-145
107,108
-108,102
-123,-127
-133,-125
-155,-165
-123,-117
109,117
107,100
-180,-181
-132,-135
-211,-233
-119,-109
-119,-118
-115,-104
-150,-149
-149,-150
-114,106
-128,-126
-199,-235
131,133
-129,-134
-136,-134
-114,-111
-128,-126
-185,-175
-173,-160
-127,-134
-156,-138
145,164
-139,-123
-136,-128
111,117
-157,-154
-207,-182
-119,-116
-119,-130
-169,-162
-186,-201
-115,-106
-208,-212
-110,-109
101,106
-112,-106
-158,-148
116,105
-174,-165
-149,-148
-230,-224
-111,-114
109,114
-241,-237
-160,-159
-209,-208
-114,-117
130,112
133,125
142,132
-129,-111
-114,-115
-165,-160
-160,-171
-118,-112
-162,-168
-212,-212
-140,-129
-116,-115
-140,-162
-142,-161
-197,-233
105,-102
-165,-184
-134,-130
114,129
-150,-136
-123,-112
110,112
-146,-152
108,111
-111,-104
100,103
-113,-121
-112,-108
-197,-185
106,-108
-107,101
-142,-125
-126,-135
111,103
-114,-114
-107,111
-130,-125
-165,-179
-140,-160
-111,-109
-196,-186
-102,-118
-225,-240
-162,-210
-151,-173
-103,-106
-145,-148
108,137
-129,-110
-147,-133
-106,102
137,136
102,101
129,124
-142,-154
-109,101
-148,-144
106,106
-123,-138
-111,-124
-149,-152
-107,102
120,122
107,-103
-163,-161
-113,-107
-119,-123
-130,-129
-121,-125
-139,-155
-185,-220
112,109
112,111
-124,-104
-116,-121
-143,-137
-123,-134
131,133
113,117
-194,-209
-101,-110
-152,-163
-142,-135
-108,-102
106,-107
-191,-216
-118,-110
120,127
124,131
122,133
-161,-162
-142,-137
-123,-134
-131,-140
-139,-131
142,145
-173,-190
-132,-150
-143,-144
-183,-178
-114,-105
129,141
123,130
-197,-203
-115,-124
-114,-111
-126,-129
-187,-170
-139,-143
-129,-148
-150,-146
-107,-106
102,109
150,147
-104,-104
-178,-171
111,121
-145,-138
-134,-147
-131,-131
-106,-104
103,105
-160,-163
-102,-113
-114,-108
108,-104
-126,-135
104,117
-165,-165
-105,-111
103,105
134,122
-149,-160
-170,-205
-129,-139
-128,-124
-132,-148
-106,-118
-121,-126
-188,-224
118,107
-128,-143
106,100
128,127
-138,-142
122,119
125,131
-113,-132
-120,-117
-140,-127
-173,-166
-159,-155
-201,-191
-128,-138
-116,-121
-159,-160
-167,-178
103,-102
-120,-108
-177,-191
113,109
105,105
-146,-160
-120,-115
-240,-245
-161,-170
-121,-105
-117,-119
-104,-103
-134,-140
144,157
-192,-174
-211,-215
128,135
126,118
-139,-134
-120,-112
120,102
-166,-158
-105,-104
-165,-175
111,119
-164,-149
-174,-184
123,122
-119,-126
-153,-138
-156,-166
-114,100
-162,-161
-105,-115
-165,-161
-143,-139
108,104
-114,-120
111,100
-101,-106
-188,-201
-108,100
-114,-111
-107,-119
-125,-125
-158,-167
-118,-127
-116,-123
-107,-104
117,112
105,116
-114,-123
108,119
135,150
-135,-148
-110,-118
-149,-148
-170,-172
125,134
104,102
-109,-114
-117,-129
134,148
-147,-159
-129,-151
112,-101
128,121
-176,-191
-175,-191
-156,-173
-103,-101
-115,-124
132,134
120,134
116,115
-138,-133
106,111
100,106
-111,-122
-116,-114
116,132
-106,-102
-153,-158
-104,-103
-174,-163
115,109
107,-102
-136,-137
122,140
117,112
-139,-137
-133,-134
-128,-129
130,135
-112,-118
-160,-164
-158,-162
-130,-118
169,180
124,124
-208,-208
-102,107
-179,-192
-228,-243
109,110
108,-107
-118,-130
104,113
-114,-127
113,122
-166,-179
-130,-120
-151,-157
133,123
117,109
-232,-225
-105,-114
-256,-265
-149,-160
-107,-133
-114,-104
-193,-180
-101,-102
-121,-125
-198,-185
112,116
117,116
152,145
-201,-184
-280,-270
-210,-228
-122,-137
157,157
-126,-141
-139,-130
-151,-145
-219,-270
-107,104
-121,-134
118,132
149,166
-127,-118
-270,-285
-156,-154
-167,-153
-167,-166
-195,-243
131,138
-220,-196
-105,-107
-148,-142
-175,-161
105,125
113,112
110,120
116,126
-215,-224
-201,-170
-191,-180
-150,-156
-139,-125
-191,-218
126,128
-130,-118
139,134
-121,-119
-240,-275
-124,-133
-191,-180
-117,-117
101,106
-132,-137
-123,-130
107,127
121,126
-134,-128
-156,-162
-163,-174
107,107
-155,-158
150,167
-160,-168
-311,-311
-155,-155
118,140
-221,-206
-128,-131
130,147
116,101
-156,-158
-211,-230
-178,-167
-184,-179
130,124
-114,-108
-233,-220
-206,-206
-114,101
122,123
-134,-130
-116,-136
116,119
-108,100
-125,-115
-143,-144
-133,-156
123,111
-130,-130
-170,-166
-191,-205
-144,-151
120,131
-117,104
-127,-120
-138,-140
-132,-124
-153,-163
-215,-226
-140,-112
-118,-137
-102,108
-170,-187
116,-102
122,122
185,187
111,-107
-178,-178
-115,-102
-116,-108
134,125
-116,-128
-104,-103
-125,-126
103,108
-104,-103
-156,-165
-185,-186
185,172
-114,-121
134,119
-108,101
-147,-156
-151,-172
-129,-140
-134,-132
-235,-235
-151,-164
131,130
129,139
-119,-118
-104,-108
144,154
-131,-120
-163,-173
-112,-113
115,142
-265,-270
-172,-196
-133,-132
133,134
-152,-164
107,109
122,108
107,-102
-191,-211
-143,-154
133,132
114,122
-219,-249
-152,-146
101,-104
-104,-115
136,153
-104,-104
-201,-207
130,130
-104,-107
-133,-142
-175,-180
-140,-154
152,136
-201,-201
103,104
123,102
142,142
-102,-111
-157,-154
109,108
123,133
147,138
-255,-260
-145,-156
180,180
166,216
121,109
-106,-111
-202,-217
-116,-103
111,104
-110,-121
-261,-280
124,118
-128,-140
-201,-220
-201,-228
-113,100
-191,-201
154,146
-303,-280
-141,-152
104,105
133,136
-240,-225
-162,-176
-123,-132
-187,-220
-191,-215
-191,-178
-101,-101
-225,-251
-127,-113
-139,-129
110,117
-230,-233
-191,-191
-122,-115
-113,-129
-168,-159
105,108
132,158
-260,-235
-211,-227
-157,-140
-211,-223
-240,-239
-201,-222
-201,-191
-320,-350
167,170
-214,-240
-154,-164
-171,-178
-107,-108
-310,-330
-254,-256
-191,-201
-106,-108
-119,-121
-121,-120
169,157
-191,-197
-216,-201
-175,-173
167,166
103,-103
-256,-250
-220,-210
-161,-174
-270,-249
-152,-151
134,151
-160,-154
152,140
-158,-153
-239,-225
-168,-163
-133,-131
-122,-115
-244,-234
-134,-131
-323,-340
-210,-191
133,108
-191,-183
-129,-146
-117,-104
-235,-210
-125,-102
-150,-162
116,106
-203,-182
-325,-303
-124,-114
-159,-166
-410,-345
103,100
108,120
179,158
-206,-228
-129,-119
-214,-196
-109,106
183,186
-220,-219
-128,-130
202,194
-150,-166
144,135
202,183
-137,-142
105,125
-148,-139
180,186
-111,-112
160,153
-121,-125
-250,-241
-118,-123
-120,-101
176,165
-115,-128
177,159
166,151
-240,-261
-169,-149
-235,-230
106,116
164,152
-149,-137
168,176
147,158
-230,-254
-109,104
-204,-190
-120,-121
-140,-134
111,114
158,150
138,126
-140,-133
-179,-169
-145,-148
145,131
-167,-166
-183,-158
165,150
-191,-201
107,111
155,153
158,145
113,127
-245,-232
-111,-115
-177,-170
124,106
-250,-236
105,106
-109,-112
-181,-179
-187,-185
-137,-134
112,100
156,140
-111,-109
-151,-130
-174,-173
117,104
-173,-170
-154,-170
125,112
-225,-221
-144,-128
-150,-146
-180,-168
-165,-160
227,222
128,119
105,102
-135,-135
-145,-149
-120,-112
111,-104
-201,-172
100,-109
-149,-145
-162,-168
-206,-197
-172,-162
-126,-112
105,-106
135,134
-159,-157
-166,-181
-160,-191
-162,-147
123,110
-154,-135
-260,-260
107,111
-185,-210
100,-109
-123,-108
-142,-162
180,188
-146,-159
-185,-191
-155,-157
168,145
-114,-128
-108,-126
-126,-134
121,123
-213,-212
-150,-143
-110,-114
-109,-118
145,139
113,112
-209,-244
-107,101
-111,-122
139,146
-112,-103
-163,-168
-111,-122
-124,-118
-230,-239
-164,-155
-123,-132
122,120
141,134
132,125
-150,-136
-113,-106
-151,-144
-110,-102
-136,-133
-116,-109
-366,-330
-184,-186
-151,-179
111,109
-116,-116
125,128
134,108
-125,-142
-126,-151
-144,-159
-108,-107
112,117
-130,-120
-115,-108
-149,-126
111,100
-143,-139
-130,-120
-134,-126
-130,-132
-137,-135
123,112
117,110
147,142
-164,-171
-140,-131
-131,-138
217,188
-134,-126
-124,-127
-160,-154
115,123
-129,-130
-173,-162
-136,-126
121,118
-148,-166
128,132
-126,-116
-170,-178
-201,-206
-119,-125
107,103
111,-102
-165,-157
-109,-116
-113,-109
-144,-146
-207,-209
150,145
-140,-149
-191,-191
-166,-146
-146,-142
-119,-125
-235,-222
-101,103
-258,-245
-144,-155
-152,-142
-220,-250
157,152
109,131
-201,-201
-172,-171
-191,-220
127,131
-235,-252
125,131
-129,-122
-301,-301
109,100
-301,-260
104,102
118,105
-121,-119
-119,-120
-209,-191
-214,-213
119,107
-156,-146
-179,-193
-110,-109
-131,-122
-149,-149
-180,-159
-142,-136
-109,-110
-270,-285
127,120
-114,-126
-270,-285
-139,-131
-142,-136
-107,-114
-171,-170
127,120
-164,-160
111,103
140,127
-114,-126
-109,-110
-179,-184
-124,-136
-137,-138
-167,-161
122,107
-148,-142
-137,-138
-164,-162
-115,-117
-124,-136
146,136
-167,-151
-115,-122
108,103
-132,-123
-108,-107
-109,-120
-148,-149
122,121
-110,-119
-122,-136
-134,-142
153,146
104,-101
153,132
-148,-146
-137,-143
-155,-167
132,121
-167,-218
126,130
-135,-140
-127,-126
135,130
161,161
104,-105
147,140
150,146
119,109
-162,-176
-110,-103
-159,-166
-117,130
107,107
-164,-170
-126,-129
-140,-154
-160,-191
166,155
-117,-106
-166,-170
110,128
-119,-123
-129,-122
-146,-163
-211,-230
108,101
105,103
-195,-173
-133,-143
-152,-131
116,110
-223,-230
-155,-158
185,189
192,189
-183,-205
-102,-104
-131,-126
-109,-112
-111,-105
-201,-182
-139,-159
117,116
-110,-117
106,100
-104,-105
-124,-122
132,127
122,108
-132,-120
-120,-113
-179,-215
-170,-158
-133,-135
-141,-151
-215,-238
-129,-122
130,116
-104,102
111,-103
169,153
-151,-150
110,113
118,126
-101,105
-234,-235
-219,-187
120,119
133,136
-222,-232
159,151
129,121
-140,-161
162,154
-133,-122
-115,-109
111,120
105,111
-104,-108
-136,-145
-174,-191
102,103
-104,108
139,141
114,114
-152,-172
-135,-146
-270,-250
-119,-116
-130,-139
148,156
130,140
-105,-101
-301,-272
-129,-140
-230,-236
-109,-119
100,100
-160,-155
120,120
106,116
109,-102
-121,-125
-188,-215
-250,-227
148,156
-126,-141
-125,-106
-270,-255
-115,-122
-128,-133
-120,-124
-166,-142
-134,-114
127,109
-118,-120
-148,-150
-110,-119
-301,-280
-231,-242
127,121
108,102
-116,-104
-144,-148
109,-108
-183,-201
-150,-171
100,103
-173,-206
-220,-216
133,131
120,118
-102,-106
-108,-106
-125,-126
-160,-145
-152,-163
-225,-275
-104,103
-102,-102
-107,-104
-131,-140
-112,-110
-163,-147
-107,-104
-240,-253
-112,-125
-151,-164
-142,-146
-188,-181
-215,-215
-191,-172
-139,-146
-142,-126
-102,-107
-172,-184
-108,-101
-148,-170
104,101
-250,-236
-125,-123
-107,-140
-214,-193
-121,-125
-210,-206
-235,-260
-166,-160
-125,-123
102,100
-146,-151
-120,-110
-122,-135
104,-106
-117,-103
-216,-201
-147,-142
-115,-140
-197,-201
-157,-143
-179,-174
123,121
-157,-151
-149,-156
-128,-136
-110,-111
118,116
-145,-133
-171,-140
107,102
-123,-128
-132,-120
-139,-145
-110,-124
101,-106
-108,-124
-143,-160
-179,-180
-168,-170
-142,-130
112,109
-151,-153
-149,-141
121,110
105,100
-150,-169
-103,107
101,101
-130,-122
-106,-103
113,112
-165,-164
-148,-147
-131,-127
170,169
148,139
-148,-143
-183,-176
-150,-145
-161,-158
-130,-133
-143,-159
100,105
-155,-165
-118,-110
-164,-152
-125,-120
-152,-173
-122,-117
-117,-111
-153,-145
-122,105
123,116
-108,100
-137,-126
-134,-135
-113,-110
150,155
-110,-103
157,145
-110,-118
-109,-126
-165,-168
-148,-175
-150,-140
-143,-128
-112,-113
-149,-144
-110,-106
-111,-106
-154,-154
121,132
-116,-113
148,178
-106,109
-182,-195
-126,-116
-107,-110
127,127
-138,-151
-108,-110
-145,-151
155,160
100,113
117,117
-152,-152
-108,-117
105,108
-144,-138
-147,-160
-225,-230
-130,-118
121,124
-135,-115
-120,-120
-102,103
170,179
-144,-134
-106,103
-150,-142
-114,-107
-153,-144
-113,-107
-163,-151
-104,105
-172,-156
157,158
122,122
-135,-125
-138,-153
-140,-145
120,113
122,125
-132,-138
-142,-157
100,-106
112,109
123,143
-110,-117
-126,-141
-191,-178
-118,-116
133,145
-116,-129
-141,-150
-120,-123
-133,-116
-137,-127
-125,-153
106,105
-201,-213
-174,-178
-106,-108
-117,-128
-110,101
-142,-148
135,128
-133,-135
-136,-136
-140,-158
-118,-118
124,118
-122,-121
105,121
-103,-115
-103,100
-140,-162
-135,-134
103,112
-212,-201
-180,-168
-109,-113
-105,100
-174,-177
-144,-150
-113,-106
-138,-147
-167,-173
135,125
-102,101
-185,-206
-123,-123
-131,-118
125,121
-123,-125
-115,-111
120,125
-113,-118
132,133
-101,-115
-144,-141
-170,-206
-139,-147
-203,-212
-143,-147
-120,-121
116,117
-102,-111
-122,-118
-123,-138
-165,-164
-180,-170
-126,-128
-160,-158
-119,-106
-270,-275
-158,-160
-126,-123
-127,-135
-163,-162
-125,-141
140,151
-116,-120
-164,-170
-133,-108
-173,-178
-130,-133
-138,-137
-111,101
104,106
-204,-184
-160,-172
109,101
-223,-238
-122,-113
-113,-102
138,120
-129,-145
-159,-135
-112,-124
-164,-137
132,128
-220,-215
-127,-122
-112,-108
108,120
113,126
-110,-109
-222,-225
-121,-121
-108,-106
113,130
-172,-191
146,156
-126,-117
-108,-117
-210,-186
109,111
102,102
-215,-210
-158,-147
117,118
-105,-107
-162,-155
-166,-201
-109,-110
-108,104
-187,-183
-115,-107
-132,-133
-158,-147
103,-102
-240,-256
110,119
103,104
-142,-143
104,-101
-159,-155
115,126
-104,-106
117,120
-156,-171
-128,-135
-108,101
104,-107
100,-113
-127,-132
-154,-163
-114,-117
117,119
-143,-138
-119,-141
-126,-138
-124,-130
111,111
102,117
120,118
-131,-131
-120,-125
-260,-301
115,-102
-108,-107
-120,-106
-125,-137
-128,-118
-133,-122
-139,-137
-140,-131
-121,-129
-120,-125
-123,-140
110,102
-122,-118
-155,-165
-181,-171
106,-105
112,108
134,140
118,-109
110,108
-129,-134
-138,-121
-110,-102
-190,-192
-121,-148
-104,-106
-102,100
-111,-107
144,139
-179,-160
-110,-131
-127,-146
-150,-148
-115,101
120,138
127,110
-167,-179
-120,-110
-130,-136
-110,-112
-146,-147
-106,-103
-166,-180
-137,-125
110,113
-108,-108
110,106
-127,-113
-117,-116
151,149
-110,-109
-145,-130
-143,-146
-143,-134
-137,-125
-101,-102
106,104
-130,-126
-176,-171
-133,-154
116,120
105,115
-174,-182
-139,-145
-139,-144
123,120
-206,-191
-143,-142
111,116
-106,-116
121,110
-142,-144
-174,-177
-218,-255
-110,-108
102,-103
-110,-116
-116,-128
-143,-152
114,104
-127,-126
-148,-140
-140,-143
-260,-230
105,106
-102,103
-124,-128
-161,-158
-111,-108
-266,-270
-164,-158
-172,-173
-110,-106
-103,-102
-136,-128
-109,-115
-250,-254
114,114
-126,-113
100,108
-120,-128
107,-112
-101,-115
-138,-123
-145,-131
-127,-121
-146,-155
-113,-116
-128,-135
-165,-166
128,107
-143,-142
-124,-125
-152,-156
117,112
114,118
-113,-105
-121,-118
-146,-140
102,107
-116,-128
-119,-130
-238,-182
102,106
-132,-135
-223,-210
-111,-101
-178,-181
-139,-155
-113,-104
107,102
-136,-149
124,118
-125,-126
-116,-122
-129,-134
-185,-173
-142,-148
-142,-141
-130,-120
-184,-196
-121,-122
-130,-113
-123,-124
-123,-116
104,101
112,111
102,-108
-114,-106
-117,-120
-116,-138
-106,-102
-157,-153
-170,-170
136,139
140,135
-201,-163
-108,-104
105,104
-240,-218
-136,-150
-120,-131
-138,-149
-165,-161
-120,-114
150,146
-191,-201
110,105
108,108
138,133
-150,-162
-106,-108
-108,112
-114,-103
-136,-118
-191,-175
-116,-118
-140,-138
-151,-165
-111,-108
-157,-142
-157,-142
-170,-165
-125,-126
-121,-129
-113,-108
103,100
144,148
-170,-174
-156,-150
-158,-168
-201,-191
-119,-106
-106,105
-109,-125
105,102
-129,-119
-112,-107
-132,-145
-120,-128
109,112
115,-101
146,141
-170,-167
-114,-106
-127,-124
-137,-133
101,-104
-130,-151
-124,-132
-110,-103
-123,-119
-138,-144
-106,-113
-116,-125
-112,-121
-124,-137
128,134
-158,-155
-155,-156
107,-103
116,118
-108,-112
-140,-140
-112,-110
-114,-118
-156,-172
-196,-186
-132,-140
-120,-123
-140,-150
-119,-107
-117,-131
-151,-141
-182,-177
-122,-133
-162,-173
-167,-171
-130,-120
-109,-116
-134,-129
-139,-132
-150,-143
101,100
123,111
-136,-130
-124,-144
108,-101
-148,-164
112,115
-145,-153
-127,-112
-140,-150
-115,-119
-117,-103
-104,-106
-152,-153
-138,-131
105,-104
104,101
-132,-130
-130,-119
-130,-134
-160,-158
-106,-115
-118,-108
-105,100
-119,-140
126,139
125,119
-168,-154
-106,102
107,112
-112,-127
-168,-183
-209,-228
143,147
-123,-119
112,112
-158,-150
-117,-104
-127,-140
-124,-125
-168,-173
-143,-150
-104,100
118,113
-121,-113
-130,-124
-122,-106
135,140
-119,-130
118,135
-163,-175
106,-101
-105,-106
-115,-117
-149,-145
-191,-185
160,157
-132,-112
118,113
102,101
106,-104
132,128
-235,-245
-156,-165
-145,-143
103,104
-235,-210
137,115
-114,100
-175,-156
-109,-108
-152,-127
-109,-109
-121,-126
108,109
-162,-165
-181,-184
-160,-170
-146,-144
-136,-135
-115,-116
-144,-149
-174,-168
-299,-310
114,112
121,123
-211,-179
105,108
-128,-118
-144,-145
-191,-186
112,130
-142,-146
-136,-141
118,111
-138,-137
-135,-133
132,129
-135,-133
-135,-147
-127,-108
-111,-108
-147,-158
103,-102
-111,-102
-134,-133
-173,-177
-119,-122
-129,-127
-131,-138
-147,-166
-112,-128
-109,-119
109,112
-301,-269
-136,-128
-188,-191
-123,-152
-138,-148
-113,-102
-182,-191
101,105
-120,-124
128,126
-139,-136
-172,-177
-122,-129
-144,-147
-117,-112
-140,-146
-108,101
-140,-143
-129,-122
-124,-142
115,-115
-152,-160
-120,-130
-132,-131
-101,-109
-107,-101
152,157
-124,-115
130,131
117,106
-110,107
-105,-109
-142,-141
-155,-151
-111,-127
-176,-201
-163,-163
-129,-145
122,104
120,120
111,100
-149,-146
-184,-165
-136,-134
-119,-131
-104,103
116,122
-152,-152
-133,-146
-135,-139
-176,-201
-150,-160
-191,-201
-159,-173
112,-102
104,112
-135,-133
128,126
-118,-126
-151,-151
120,128
-126,-120
100,103
-134,-141
-115,-101
-171,-142
-124,-140
-137,-150
-113,-120
-110,105
-104,-105
-165,-149
-167,-165
105,-112
-174,-186
-153,-151
-146,-144
112,105
-146,-154
114,109
-160,-144
-155,-160
-138,-134
103,107
111,112
100,103
-145,-131
100,103
-118,-133
-187,-201
-102,115
-183,-205
-137,-142
-120,-144
127,120
-166,-158
146,141
107,109
-134,-142
-118,-108
152,139
-250,-201
-122,-118
115,117
-113,-134
-121,-124
-103,-103
-150,-153
118,123
107,104
-121,-116
-112,100
-121,-115
-166,-175
-128,-138
-106,-102
-149,-134
-122,-115
-150,-153
-126,-114
-178,-181
-120,-115
-162,-166
111,111
-117,-107
-102,-105
-122,-122
116,111
-104,118
136,127
-147,-141
-121,-143
152,161
-146,-153
-128,-122
-102,102
138,140
-238,-260
-157,-141
110,114
-172,-175
-191,-184
116,-104
-134,-121
-135,-149
-138,-145
-158,-154
116,129
-155,-149
-146,-144
-178,-178
138,121
-127,-140
-180,-164
-125,-116
-121,-123
-139,-126
-110,-111
147,167
102,-107
-144,-140
107,103
-163,-169
-113,-121
-144,-138
-129,-130
-115,-119
-132,-118
-161,-163
122,129
-153,-160
101,-106
151,130
-146,-132
-175,-149
141,138
-191,-185
105,114
-201,-191
-118,-126
134,134
-128,-130
-132,-121
100,105
100,102
-144,-148
-103,-102
-128,-132
-108,-105
-168,-177
-128,-129
-108,-103
115,118
-180,-180
-153,-169
-158,-173
-162,-161
-144,-160
106,115
-157,-164
100,-102
-128,-129
-152,-161
-168,-160
-114,-103
-116,-115
120,117
-126,-127
-174,-170
130,133
-125,-114
-142,-150
-121,-104
-135,-122
-136,-130
-150,-163
-135,-141
-144,-148
121,113
-124,-111
109,117
-126,-125
-118,-130
-171,-157
-161,-174
101,-103
115,103
-127,-114
-154,-154
-128,-140
-191,-201
-201,-210
-114,-122
149,155
-116,-102
104,102
-121,-110
-130,-123
-253,-238
-136,-154
-130,-130
-102,102
-128,-110
-120,-122
129,113
-137,-146
-170,-168
-122,100
-168,-163
-118,-127
-122,100
-134,-153
-140,-140
-120,-140
-156,-156
-146,-150
-132,-129
117,114
110,112
-136,-134
-153,-165
-201,-210
-103,-104
-132,-135
-168,-148
-218,-207
-201,-197
-129,-128
110,-107
108,102
-117,-114
102,-115
100,102
103,-102
-128,-130
126,122
-141,-137
-126,-119
-128,-107
127,144
-220,-210
-201,-210
-114,-106
-135,-138
-107,-108
-136,-143
130,131
-126,-127
-175,-172
107,100
122,128
-114,103
138,136
-101,-109
-170,-161
-150,-144
-156,-164
-118,104
-153,-150
-102,105
114,113
-124,-143
-111,-118
123,118
-265,-210
-184,-193
102,-106
-131,-126
-201,-230
-155,-150
-169,-145
-136,-155
-109,-114
-226,-260
-106,-112
-109,-123
-117,-134
-119,-111
-108,-110
-138,-142
101,102
-122,-119
-161,-151
-220,-210
-103,-105
-181,-216
-180,-162
-118,-110
-153,-155
108,-108
119,107
-121,-132
108,108
-113,-122
-117,-116
-133,-145
132,116
-127,-130
-120,-116
-148,-132
-191,-179
-122,-129
-106,-111
-250,-240
104,122
-115,-127
-120,-127
-134,-143
116,117
107,106
-162,-162
-137,-132
127,134
-113,-131
-146,-143
-136,-128
127,128
-125,-113
-201,-182
-340,-375
-163,-174
-159,-161
135,146
-150,-142
104,118
-173,-166
-149,-141
-119,-134
-150,-153
-148,-161
-182,-191
-123,-114
-112,-113
-130,-129
-210,-191
129,132
108,110
-153,-152
-104,-101
-220,-196
-165,-162
-110,-120
-139,-141
-151,-159
-105,-115
-102,111
-162,-161
-310,-310
-134,-127
-141,-146
-141,-130
-102,-114
-117,-119
-141,-155
100,-111
-112,-109
133,116
115,125
-170,-158
-104,-104
-103,104
-104,-101
-105,-106
-131,-129
-163,-165
-158,-136
-157,-155
-161,-166
-182,-215
-161,-174
-109,-112
-105,-101
112,119
-158,-159
153,144
-119,-115
-150,-138
105,110
-157,-167
-126,-123
-174,-161
-116,-125
-159,-161
-122,-113
-126,-148
-127,-126
160,158
113,118
-140,-130
-105,-112
-104,-104
126,131
108,116
-139,-149
-120,-110
-141,-153
-109,103
100,-109
123,112
-129,-120
-145,-143
-106,-102
111,113
124,136
-108,-117
-117,-107
-112,-111
-163,-171
-133,-134
104,100
102,118
-132,-137
-135,-147
161,161
-118,-111
-137,-135
-123,-122
-124,-142
-164,-170
-105,-121
108,108
127,116
-169,-168
-144,-138
-122,-115
-106,-106
-169,-173
-117,-111
106,110
106,-102
-120,-122
149,145
-112,-110
138,137
105,126
-101,-115
-135,-133
-172,-173
104,102
100,111
138,137
113,110
-105,106
-111,-105
-140,-141
116,105
-138,-141
-110,125
-152,-144
155,163
117,109
-223,-224
-169,-159
-141,-155
-158,-160
106,121
-130,-148
-132,-125
-147,-129
-136,-129
106,-106
-147,-142
-150,-155
-101,107
161,154
104,114
-150,-153
114,116
-136,-143
-164,-180
-123,-142
-112,-101
-109,101
-137,-152
-120,-110
124,124
-154,-166
136,145
-130,-118
122,144
-129,-141
-151,-139
-177,-183
-155,-163
-140,-125
-120,-129
147,150
-101,-106
103,103
-115,-113
112,103
128,129
124,124
-130,-129
113,117
-166,-147
-171,-184
-116,-108
129,126
122,105
-185,-184
123,120
-167,-159
107,-104
100,-117
124,133
125,111
-126,-123
-245,-240
-201,-201
117,111
-153,-143
-107,103
-155,-162
138,137
-117,-118
122,125
-143,-137
115,109
112,104
-107,-113
-217,-240
100,105
-165,-177
-132,-155
115,115
-164,-160
-136,-141
-137,-130
-157,-160
138,126
105,-104
-144,-146
-138,-140
-301,-315
-131,-139
-125,-141
120,114
-147,-143
-137,-144
-160,-169
-122,-102
124,126
-165,-169
-145,-153
-117,-141
-152,-167
-122,-116
122,104
123,133
-176,-179
-191,-211
113,-101
-145,-164
111,103
-106,-128
-204,-201
135,130
-157,-164
-137,-139
-102,-113
-133,-141
-218,-215
-103,-124
122,108
119,-102
-104,-117
128,124
-170,-163
-120,-106
-140,-145
-105,112
152,147
-151,-141
-104,-111
-201,-186
-164,-152
-272,-270
147,134
128,125
-189,-186
-116,-118
-115,-110
-153,-157
-165,-161
-129,-141
-220,-191
-155,-157
-162,-162
-139,-130
-151,-135
-191,-182
-101,-108
-143,-143
-147,-137
-155,-149
111,120
-218,-201
126,126
119,120
-240,-244
-120,-120
-145,-148
-136,-139
-172,-174
-200,-190
-145,-136
-111,-128
-124,-118
-150,-142
-135,-139
-131,-109
120,128
134,140
119,139
-168,-163
-159,-171
-166,-155
-115,-119
-130,-141
-140,-164
-163,-175
-123,-136
-141,-148
-126,-118
109,-110
-191,-201
138,147
-120,-111
-305,-240
-101,110
-173,-170
119,107
-118,-114
-133,-148
-121,-121
-122,-114
-146,-132
-157,-142
-240,-250
128,122
116,115
-160,-156
-158,-164
-150,-135
116,103
109,106
-103,-103
-184,-188
-115,-109
-117,-121
-132,-137
-124,-117
-117,-121
-174,-167
102,-102
-107,-104
-175,-184
-241,-250
-280,-233
-164,-173
-109,-118
108,108
-159,-149
-136,-140
-135,-144
-120,-135
106,-105
-207,-209
107,110
-301,-301
-135,-123
129,123
-177,-186
-205,-240
-138,-128
-136,-140
-145,-150
-121,-121
-114,-103
-128,-125
105,112
117,118
-141,-152
-109,-123
-174,-192
-206,-191
-122,-114
109,-101
-230,-201
-163,-158
-134,-105
128,129
143,142
-225,-235
-151,-165
-116,-125
-120,-118
-204,-201
112,117
137,129
143,129
116,137
110,116
-110,-112
-147,-141
109,-104
102,103
101,106
-154,-157
-182,-226
-116,-113
-121,-114
-102,-103
113,102
-113,-121
-121,-128
103,105
-201,-215
-136,-139
-121,-113
112,-105
125,120
-132,-138
-174,-215
110,116
104,-109
-245,-250
112,101
103,-105
105,-108
139,138
-140,-148
-191,-212
102,-104
-118,-117
-158,-145
-105,-105
-112,-104
108,120
-129,-125
-161,-172
-105,102
111,-101
127,120
127,120
-154,-147
-185,-173
151,162
-129,-126
-182,-201
105,104
110,101
111,129
-130,-132
-140,-144
-151,-164
-185,-211
-139,-146
122,107
112,-103
-170,-206
-275,-301
141,142
106,101
-201,-185
-144,-150
136,136
-108,-102
-102,-107
-111,-119
116,125
-114,-108
107,105
115,130
-250,-265
-260,-301
155,170
-153,-161
-145,-143
-210,-233
-118,-118
-166,-170
-107,-113
-170,-180
114,110
-150,-162
-170,-180
-150,-158
-120,-124
-150,-141
-145,-145
114,126
-189,-190
-104,-111
-118,-115
-115,-129
-136,-127
-138,-144
-144,-140
-125,-136
-218,-230
-148,-138
-128,-129
-171,-169
-166,-170
-118,-107
-134,-129
-270,-311
-134,-140
-108,100
-157,-168
-126,-123
-102,103
-104,100
106,-103
-183,-173
-140,-126
-191,-225
125,123
-133,-109
-146,-138
-139,-150
-167,-162
-180,-185
-143,-150
-191,-226
-146,-159
-104,101
136,135
-104,-110
-147,-151
144,145
-130,-153
-148,-161
-150,-169
-169,-155
100,-106
-325,-325
108,102
-238,-251
-155,-169
-162,-174
-162,-149
105,107
-121,-131
-191,-223
125,118
-113,-119
-117,-113
-120,-123
-123,-118
129,130
-225,-226
-112,-103
-135,-137
-135,-135
-115,-126
-200,-185
-145,-152
-151,-108
-172,-173
110,104
-175,-185
127,120
-113,-109
-104,-112
-175,-170
147,151
-149,-163
-153,-147
165,165
-201,-191
-186,-180
-140,-141
146,136
-140,-141
-148,-161
-110,103
112,107
-345,-385
108,110
-152,-149
-150,-168
-270,-285
-148,-154
-107,100
108,106
110,123
125,151
131,156
-172,-174
-215,-270
-167,-167
-102,103
100,132
145,175
-165,-159
-130,-120
109,106
-143,-145
128,136
157,153
128,130
140,134
-108,116
-215,-201
-270,-301
-130,-119
-113,-119
132,132
-148,-141
110,110
107,-104
109,102
108,-106
-109,-116
153,138
-114,-128
138,117
100,113
-280,-275
-270,-255
-119,-130
-120,-115
126,126
157,151
-171,-175
102,-101
-126,-135
167,149
110,-105
-272,-255
130,124
-133,-135
-194,-229
124,120
-119,-123
-140,-145
122,136
-137,-135
152,142
-225,-197
-108,-130
-116,-110
-133,-140
160,164
-126,-125
120,134
-138,-145
106,-106
-109,-106
-108,-108
115,111
-117,-144
-106,105
126,141
-201,-179
-124,-143
160,172
-155,-139
-114,103
-134,-135
108,105
110,-105
105,-103
-127,-142
123,123
-127,123
-143,-142
107,114
-133,-130
-132,-128
-172,-217
-168,-165
124,150
126,139
-123,-150
-109,-105
111,106
-102,-107
-127,-136
-176,-191
-116,-121
-300,-300
-305,-310
-201,-182
-143,-143
-125,-116
-111,100
-142,-142
-125,-135
206,186
-126,-121
-130,-127
200,173
-165,-204
-191,-176
-197,-187
-144,-140
-143,-137
-135,-112
-191,-222
-102,100
-210,-180
-155,-158
-145,-215
185,167
133,131
-152,-161
107,-104
112,120
-252,-229
-108,-104
-109,-123
-178,-175
-143,-146
107,103
101,102
-124,-118
131,124
102,117
148,131
122,126
-178,-184
115,102
-126,-144
-160,-172
-102,-108
-150,-165
109,113
-152,-145
-139,-154
116,124
-142,-141
125,115
-151,-170
-142,-120
-115,-129
-201,-214
125,121
-201,-229
-160,-172
-131,-131
-175,-200
-142,-149
103,113
-124,-114
-238,-275
-180,-173
-128,-140
-325,-312
-301,-265
-174,-178
-186,-185
-184,-201
-166,-160
-137,-128
-103,-112
-245,-270
-139,-134
101,122
106,102
-238,-212
-230,-235
-102,102
-143,-148
-157,-166
180,178
121,130
-240,-218
-175,-199
-102,102
-146,-149
135,134
122,138
-145,-157
-168,-167
-165,-167
-124,-136
-122,-116
104,108
138,139
-133,-125
-223,-220
-218,-204
111,-105
-110,-136
-160,-154
140,144
-106,-128
107,105
-156,-142
-124,-131
-230,-215
113,121
124,120
102,110
-157,-159
-225,-208
-124,-130
-160,-180
-167,-156
-105,-105
-116,-117
-121,-133
119,120
-144,-138
-105,-105
-104,-102
-185,-181
137,145
172,172
-124,-128
-175,-159
101,100
-172,-191
-119,-113
-162,-159
101,102
110,110
-225,-210
113,108
-131,-141
180,190
101,107
142,146
-106,-108
-174,-168
157,163
-218,-240
142,138
185,180
152,156
-103,-104
-135,-118
104,118
-151,-165
207,202
116,113
207,202
-170,-191
111,122
-162,-162
168,171
-245,-221
-149,-150
191,184
152,136
101,-105
125,113
154,147
-131,-131
109,122
-270,-265
-114,-119
-119,-120
142,137
-175,-184
-122,-122
-275,-271
150,161
-130,-143
127,122
110,122
-183,-191
-157,-164
119,125
150,145
-115,-112
-201,-179
-201,-184
-148,-146
-129,-132
134,120
-201,-214
114,109
109,102
108,102
159,185
-115,-121
-162,-166
130,121
-158,-169
108,114
112,103
-179,-191
-108,103
-129,-133
102,-101
-169,-160
-131,-133
-104,110
142,128
214,198
-128,-142
-179,-210
202,175
-160,-172
-126,-118
-146,-154
-230,-221
-169,-166
-139,-128
121,111
-143,-120
-101,109
104,-104
-115,-123
162,150
134,134
-108,-122
155,151
-145,-149
-211,-208
-191,-210
-104,102
-125,-130
162,167
-115,-114
235,230
-164,-160
-135,-131
-126,-126
-166,-153
-275,-270
-137,-127
-153,-146
-164,-170
-164,-164
105,105
-197,-183
-115,-102
165,157
-231,-229
129,126
-199,-201
-240,-230
-140,-155
-159,-161
-144,-133
-181,-187
-112,-114
-109,-122
-137,-140
120,133
-228,-246
-116,-106
160,157
-211,-206
120,-101
-183,-179
-300,-300
-181,-196
-129,-115
-122,-123
-160,-160
-113,106
-280,-260
-143,-160
-146,-145
-220,-219
176,174
-240,-224
-211,-201
-215,-196
109,108
-206,-215
106,100
-126,-116
-149,-174
-218,-224
181,173
-250,-265
-148,-145
-144,-138
-152,-147
124,111
108,-101
-230,-238
-178,-185
-187,-180
-171,-161
107,-118
109,-102
-130,-128
-130,-129
154,165
-250,-245
-224,-215
-215,-243
-210,-265
113,126
102,-106
-168,-156
-165,-161
-131,-119
-245,-230
100,103
-135,-133
-136,-132
122,132
154,157
-265,-285
-176,-184
-125,-119
-139,-150
-143,-153
-130,-146
117,125
-325,-285
-125,-115
126,132
-175,-179
-151,-164
-110,-110
-152,-145
-125,-144
171,150
-125,-115
-102,-110
-161,-177
-138,-155
-143,-144
119,134
-191,-201
-105,-105
141,141
120,126
-200,-190
-186,-176
-139,-141
-191,-176
164,163
-208,-225
-119,-110
-181,-201
-143,-144
-133,-142
-130,-117
-168,-168
144,142
-114,-123
151,134
-149,-153
-213,-201
-160,-161
-260,-255
202,230
-260,-301
-116,-128
-210,-210
-182,-176
-131,-124
-170,-168
-210,-210
112,118
-109,-140
-130,-133
-179,-178
125,116
-240,-235
-127,-129
116,125
135,168
-108,-107
113,103
157,145
-173,-185
-104,-123
118,106
-106,106
-104,-112
118,124
-270,-301
100,100
-105,101
222,204
120,114
101,-104
-136,-141
-119,-113
166,152
-276,-301
-171,-189
156,168
112,127
162,168
-107,-108
-240,-237
-152,-161
-122,-128
117,100
128,118
154,148
-215,-197
117,128
142,129
-180,-182
-107,-116
120,112
117,119
138,137
158,185
-201,-220
107,107
-107,-117
164,156
-106,-101
-172,-201
156,142
123,119
140,129
-260,-240
102,-102
-115,-110
128,127
-161,-153
192,183
-172,-201
118,117
135,137
-215,-233
101,113
-255,-218
152,138
100,-104
177,161
-105,-108
-137,-148
139,133
-280,-141
-121,-118
121,111
-149,-138
118,117
-128,-116
-201,-185
131,144
-164,-170
180,169
119,107
-123,-123
-210,-177
-122,-131
185,190
-172,-181
-210,-225
185,167
-145,-144
132,129
-123,-111
-199,-206
135,160
-105,-105
130,142
172,173
-191,-191
-128,-126
-285,-280
-138,-130
-213,-261
127,124
130,129
-124,-109
-128,-134
-245,-265
-197,-203
-158,-163
-150,-157
-245,-250
-103,-106
-310,-283
-124,-130
-185,-174
-113,-113
-143,-142
-107,-101
-110,-104
-196,-170
-130,-127
-124,-128
-185,-179
-197,-184
-182,-194
-220,-197
-210,-191
-160,-148
-136,-134
-160,-168
-322,-330
-148,-149
-194,-172
128,112
-106,-111
-104,112
-168,-155
-210,-191
-160,-152
-148,-145
-160,-148
-136,-134
-150,-152
-150,-152
-117,-126
-147,-148
-154,-149
-178,-171
-108,-104
115,112
-155,-172
-189,-199
-240,-230
122,135
-250,-275
-104,118
124,130
-103,-109
-201,-230
118,130
-240,-234
150,140
-160,-160
-117,-117
-240,-222
-179,-160
-230,-225
128,137
116,108
-299,-285
102,112
-107,-118
-108,-102
-147,-126
-125,-122
-124,-119
-132,-128
-159,-170
-164,-171
-225,-205
-141,-148
-270,-255
-112,-111
-180,-213
-260,-260
-163,-151
122,110
-106,-101
114,112
-108,-106
-146,-153
-255,-224
101,112
-301,-280
100,113
132,126
-114,-116
-148,-166
134,125
-140,-128
-112,-115
-120,-112
-212,-201
-117,-103
-103,-104
-103,-103
-144,-156
-175,-210
-140,-136
-109,-101
185,222
-182,-176
-108,-116
-109,-109
108,119
-119,-105
-138,-134
-205,-180
188,192
-145,-164
-135,-121
-142,-142
-182,-201
-106,-109
144,136
156,148
-160,-158
-127,-134
-112,-113
-174,-180
102,106
-176,-182
-128,-132
152,151
-107,106
-104,-111
-105,-102
-105,-115
-145,-134
135,130
-130,-125
152,145
-136,-143
110,113
-103,-101
111,-102
105,102
-135,-143
104,-107
-141,-146
162,149
-135,-140
-150,-158
-105,-112
-101,-105
120,118
180,165
-155,-154
-117,-109
-141,-146
-225,-231
-135,-159
107,102
145,140
-131,-121
127,118
-112,-109
180,180
-124,-134
108,116
115,107
175,165
-113,-123
-108,-124
147,132
-203,-201
-168,-171
121,114
122,115
116,118
190,175
-103,-102
116,119
186,212
142,145
122,125
-197,-178
140,146
-110,-114
159,167
-111,-119
112,112
-156,-170
-124,-134
-160,-167
171,178
101,102
-175,-171
-210,-220
161,157
-136,-146
-201,-197
139,131
107,103
172,183
-135,-133
-163,-177
-126,-116
-141,-157
-123,-124
159,157
160,154
-128,-140
-214,-235
106,105
-170,-178
-124,-122
-122,-131
106,106
175,184
-131,-124
-176,-180
-127,-126
-162,-163
127,135
174,164
-169,-167
-180,-182
-230,-222
121,122
-111,-111
-101,103
-177,-180
102,100
-208,-215
109,101
-177,-181
-280,-310
-155,-141
158,151
-110,-102
-160,-173
-280,-203
-130,-118
-130,-147
-199,-181
-118,-125
-280,-275
-235,-238
140,158
-171,-161
-130,-118
-109,-105
-201,-191
-250,-240
116,112
119,121
-201,-229
-275,-227
-115,-127
-165,-158
-220,-224
-115,-127
-191,-206
-218,-210
-173,-168
120,116
-191,-191
107,103
-121,-124
-137,-140
-275,-227
-104,-103
-135,-137
152,147
-144,-151
-280,-260
-240,-276
-160,-173
-170,-171
107,112
111,122
162,165
-155,-153
-270,-240
110,115
-149,-155
-126,-128
-201,-201
-110,-121
-171,-179
122,114
-184,-179
-196,-191
146,135
-130,-125
-127,-136
-106,-116
122,109
-175,-191
126,116
-200,-197
-134,-136
-220,-208
-133,-138
-215,-210
-120,-124
112,119
-158,-140
-110,-123
-130,-138
113,100
-134,-138
-110,-106
-230,-255
115,125
-197,-181
-191,-191
-220,-253
108,100
-129,-108
-136,-146
-209,-184
-165,-149
-118,-116
-174,-201
-104,-101
-165,-179
-118,-115
-180,-168
-163,-157
-301,-370
-124,-148
129,122
100,-112
-153,-163
103,-103
-301,-263
-109,-108
-155,-151
165,155
-139,-132
102,-102
-104,-108
-135,-131
-170,-178
-140,-139
-180,-168
-177,-163
-130,-123
-127,-108
122,125
-138,-145
-120,-110
-178,-177
-163,-177
-191,-191
109,104
161,155
-139,-156
-201,-182
-114,-118
-135,-125
-170,-145
100,100
-120,-120
-130,-104
130,115
-130,-124
165,185
-170,-195
105,140
125,129
-135,-154
103,135
-166,-210
-140,-155
-125,-135
-159,-135
-131,-120
-137,-127
-141,-135
-210,-215
-149,-144
-164,-148
-112,112
119,115
108,118
148,158
-145,-131
151,175
-130,-128
-123,-120
121,135
-172,-173
135,125
-140,-138
-175,-160
-193,-175
-140,-138
-111,-119
-113,-112
133,133
-125,-120
135,142
-167,-151
100,-105
-150,-148
138,141
-128,-132
-141,-178
109,109
-117,-107
-101,-102
-134,-130
-130,-160
-167,-178
-150,-137
100,-104
-131,-158
-139,-130
118,-121
143,155
113,105
110,-101
-114,-101
-156,-124
-143,-157
115,127
127,132
-141,-163
-230,-245
-148,-161
135,130
-136,-152
-143,-140
-123,-118
126,141
130,155
-120,-102
-185,-199
-125,-142
-121,-126
-109,103
-130,-150
-215,-195
-240,-238
-147,-168
136,129
-117,-113
-235,-250
172,195
-200,-183
136,118
-147,-137
-187,-182
-147,-163
-114,-124
137,135
105,114
-255,-258
135,121
-206,-215
117,121
-172,-185
-179,-195
-164,-165
-118,-115
-133,-111
-140,-146
115,131
107,112
-115,-113
-183,-190
-194,-190
-179,-176
133,125
-127,-138
-162,-176
-132,-137
-180,-175
-108,-108
129,151
-107,-108
-214,-176
117,107
-177,-177
109,113
-212,-239
-175,-160
-110,-128
117,114
-152,-148
-147,-148
-165,-161
-201,-188
122,103
-235,-250
-121,-118
-230,-213
-115,-115
102,105
-145,-146
123,141
-104,-125
-132,-132
-181,-168
-250,-288
-171,-171
144,135
-147,-151
-180,-165
-210,-205
-102,106
-123,-133
-250,-225
-133,-154
-155,-155
116,118
128,127
105,123
123,124
-105,-104
-134,-138
141,142
143,145
-123,-122
-177,-170
102,102
-171,-182
-105,-110
-114,-107
-165,-168
-120,-102
108,103
-144,-137
111,115
-191,-185
-185,-192
102,-118
-168,-174
-130,-140
-165,-164
-127,-135
-192,-177
-250,-270
-151,-153
114,131
138,134
-169,-180
120,105
122,118
-170,-165
-111,-114
-134,-143
101,-104
130,139
-129,-130
122,127
120,112
157,143
-167,-156
105,104
-137,-149
102,104
-136,-132
-139,-147
100,-101
-151,-150
-190,-205
-105,-106
103,-102
-166,-175
114,137
123,122
129,134
136,136
-125,-128
138,128
-111,-106
-188,-190
-104,-110
135,137
-175,-166
-159,-159
161,157
105,102
110,110
149,149
161,163
-138,-152
-113,103
-149,-138
-196,-192
115,101
120,116
-225,-210
115,109
-146,-143
-120,-121
114,121
129,121
124,122
164,162
-122,-123
-118,-155
-230,-230
-160,-152
-163,-149
-111,-111
131,117
-195,-168
-120,-135
-155,-169
-166,-185
-111,-111
165,158
112,-101
108,120
-117,-110
-128,-114
-106,100
136,143
-141,-147
-172,-175
107,106
-152,-152
-112,-121
-111,-131
-126,-148
-157,-154
136,137
124,130
112,114
102,100
106,-103
-143,-165
-220,-190
-163,-143
-112,107
102,104
-190,-186
-143,-134
-205,-202
-150,-160
158,156
-151,-149
131,126
-115,101
149,137
-139,-133
-193,-200
-128,-140
-159,-151
-139,-133
-114,-110
144,169
-168,-175
-240,-219
-127,-124
-183,-203
-163,-160
106,-104
-120,-128
-179,-172
105,132
-148,-150
-115,-122
-168,-165
-115,-105
-111,-110
206,215
-165,-153
-160,-144
-109,122
104,108
-195,-198
-157,-146
144,132
-116,-102
-159,-153
-154,-150
-135,-119
-243,-237
-138,-134
122,118
161,141
-246,-297
-191,-162
-130,-156
-170,-164
110,101
-156,-160
146,143
-225,-230
-200,-210
-204,-259
-119,-133
-103,104
-150,-130
-250,-250
-147,-130
-218,-197
-132,-125
-192,-194
-135,-132
-102,-117
104,105
152,146
-146,-150
-148,-149
-178,-152
-260,-284
120,116
-105,-114
-208,-222
-176,-169
-226,-207
-155,-141
-118,-108
-174,-155
-120,-110
-145,-131
136,145
-201,-200
-169,-166
-129,-142
101,-103
145,144
123,120
-241,-222
-109,-115
-193,-212
-137,-162
-240,-222
-158,-150
-155,-169
-309,-317
145,123
-170,-175
-122,-149
111,101
-124,-131
-113,-107
-101,-106
-125,-133
-173,-171
103,106
-230,-222
143,140
-138,-140
-173,-172
-210,-178
-131,-128
166,155
111,-106
126,134
112,105
119,117
-136,-119
-130,-133
-165,-158
133,155
-280,-287
141,149
-117,-139
-134,-136
-183,-170
-121,-119
122,109
114,114
102,-105
119,120
-119,-130
-152,-141
-106,-111
-132,-130
125,122
140,173
-145,-141
-122,-130
-124,-125
-220,-220
120,138
-179,-172
120,118
-229,-202
-136,-128
-126,-123
-104,-126
-164,-160
106,-105
-119,-108
116,120
-104,-104
-114,-121
205,169
144,122
-105,-107
111,112
-255,-239
-121,-133
-150,-150
104,-105
-108,108
137,139
158,178
-184,-201
106,104
123,130
-180,-215
162,170
132,149
-130,-134
-255,-239
118,138
103,113
-200,-211
115,110
116,106
-105,103
-116,103
-160,-165
-147,-145
-106,-110
174,179
175,171
130,136
100,-114
-119,-136
-146,-150
122,122
106,105
-150,-151
108,103
111,143
-107,-104
131,138
-173,-187
-154,-170
107,120
113,110
-105,-117
-108,-123
-153,-172
-171,-177
141,148
104,129
-162,-142
-136,-136
-165,-177
-220,-225
-154,-146
137,134
-147,-160
-107,-109
-104,104
-120,-114
103,115
137,134
-121,-138
166,170
-109,-110
106,-103
-107,-107
-162,-160
-131,-140
-172,-178
-169,-160
-185,-188
121,112
-123,-130
-169,-185
126,125
-187,-188
-268,-321
-163,-155
-117,-125
120,106
120,117
-123,-118
-138,-132
-180,-172
-138,-140
-117,-114
-130,-126
-200,-195
-155,-178
120,111
-118,-110
-140,-133
-250,-252
-210,-198
151,163
129,131
-137,-139
-225,-199
110,105
-134,-136
-118,-106
-129,-140
101,104
-250,-212
-210,-207
138,131
-250,-252
-144,-134
-116,-119
136,126
-104,-101
100,105
103,-107
-137,-134
-166,-167
-155,-156
127,133
-239,-200
-133,-146
118,113
-134,-129
108,114
-172,-162
-141,-153
-145,-140
-189,-177
-200,-195
-134,-119
-159,-155
-130,-133
101,-103
-140,-150
-220,-177
-143,-160
110,103
106,103
-155,-159
-122,-127
-195,-178
-185,-178
-130,-134
-240,-263
-115,102
-215,-187
105,128
-130,-134
-102,-104
-329,-311
121,107
-108,-119
-119,-118
-260,-242
-148,-145
-164,-172
-139,-135
-130,-113
113,109
-136,-136
139,124
-125,-116
-134,-135
-121,-113
-147,-167
-148,-142
-125,-114
107,-109
-170,-162
-115,-141
-138,-144
-120,-139
-146,-169
107,-108
-124,-135
107,104
-135,-136
-117,-105
-158,-152
161,149
-141,-136
112,106
-217,-224
131,129
139,141
-151,-155
-131,-140
-138,-168
107,102
101,111
-174,-183
-103,-111
147,151
-162,-167
105,-108
-155,-147
162,158
-164,-167
-142,-131
139,136
-139,-142
-134,-115
-152,-143
-108,-101
115,103
-147,-132
-119,-131
148,151
-103,120
-101,-114
-129,-154
-140,-137
140,136
-131,-126
127,117
-114,-122
-232,-196
-159,-183
112,123
-143,-145
-160,-150
122,133
124,132
-149,-134
-105,-115
110,118
173,162
-180,-172
-160,-125
-137,-135
137,122
-175,-178
-124,-126
-130,-138
-125,-124
-116,-114
124,122
116,108
-157,-159
-105,-107
-101,106
122,118
-170,-165
136,132
131,130
100,-116
108,-104
-118,-123
-240,-254
127,133
-150,-162
107,103
-107,-117
-108,-101
-106,-106
-120,-109
104,111
-166,-169
106,120
104,111
-140,-131
-113,-128
-270,-250
111,104
-108,101
-165,-178
-138,-125
-185,-198
-120,-124
109,132
112,115
-182,-165
-131,-114
-170,-150
112,102
-210,-213
-253,-235
-122,-134
-191,-189
-150,-156
-109,-114
-116,-104
-124,-110
-171,-170
102,101
124,-103
-147,-141
-179,-180
-130,-122
-140,-138
-152,-148
-140,-142
-301,-326
-166,-167
-139,-141
-130,-124
-125,-125
-133,-117
114,104
-210,-205
-120,-131
-131,-128
-168,-186
-176,-169
-135,-121
-172,-176
-301,-270
-185,-191
-300,-290
-107,-113
-130,-138
-114,-130
-125,-132
-172,-166
-150,-140
107,106
-140,-160
-190,-173
-139,-131
-113,-104
-107,102
-182,-186
122,123
-260,-252
-124,-124
108,114
-109,-111
-166,-184
-148,-160
-106,-106
-145,-163
130,124
-185,-160
-101,101
-123,-135
-227,-223
137,133
-160,-170
-166,-150
-112,103
113,-102
-151,-154
-138,-122
-118,-120
133,142
-124,-115
-121,-117
-135,-127
100,-107
-142,-137
-320,-320
-135,-160
-102,111
-146,-136
114,109
-151,-144
-131,-143
-120,-121
-106,-105
-113,-106
-230,-207
-125,-137
-120,-115
-134,-134
-301,-285
-195,-185
-240,-250
-133,-125
-131,-116
109,106
104,122
103,-103
-150,-182
169,160
-110,108
-200,-174
-115,-120
129,131
-106,100
-104,-106
-222,-205
122,109
-111,-125
123,121
121,117
-230,-222
122,130
-113,-123
180,181
117,122
-155,-154
107,122
142,147
-117,-120
-147,-140
118,106
-140,-132
-102,-125
108,130
111,116
-108,-113
-113,-121
-118,-117
150,149
112,104
-157,-154
197,196
111,113
-107,-107
-123,-154
-137,-153
179,155
122,134
125,122
105,109
-208,-191
125,132
-122,-126
-124,-123
144,139
-163,-188
-182,-178
112,101
-126,-137
-144,-140
139,135
-102,-101
144,144
-139,-155
-115,-119
-136,-139
-200,-243
206,200
-200,-198
-141,-140
-113,-126
123,107
112,116
-195,-174
-135,-141
-121,-128
-114,-113
154,165
-106,-102
-110,-117
-170,-181
224,215
-158,-136
-182,-212
-114,-116
-108,105
-145,-151
-185,-177
-145,-145
100,-103
154,154
192,190
112,126
-130,-127
-164,-159
-130,-160
230,190
-156,-151
-145,-145
-190,-194
-177,-188
-131,-137
-200,-185
-118,-108
-167,-180
-280,-234
-167,-152
-112,-113
-156,-141
-254,-254
-133,-134
133,136
118,100
-214,-180
-122,-124
-134,-147
-193,-174
-163,-165
-145,-148
-180,-196
-240,-239
-169,-179
-111,-114
-125,-115
-148,-155
-179,-172
118,122
-145,-153
-112,-109
-130,-120
-127,-121
-123,-115
-150,-148
-148,-137
-190,-199
-320,-355
-101,103
130,124
-108,101
-191,-188
-109,-110
138,128
-142,-133
-170,-152
188,175
-137,-136
-189,-176
-126,102
-115,-102
-179,-195
-151,-139
-280,-275
-197,-190
116,110
-113,-113
107,111
-171,-185
135,121
-127,-123
-128,-111
116,122
-162,-160
-117,-120
-145,-173
-150,-154
-157,-165
-144,-149
-250,-270
118,127
109,108
103,111
-162,-145
104,-102
-137,-128
-210,-195
-133,-130
-113,-108
105,107
-180,-215
-250,-255
-150,-137
-193,-187
-145,-145
112,113
100,-104
107,-123
-112,-110
-116,-127
-210,-222
-123,-118
-146,-142
-191,-185
106,103
-140,-122
-197,-204
-160,-159
-184,-176
-145,-151
-103,-118
-181,-208
-137,-138
-158,-156
-124,-130
-185,-200
141,158
-124,-150
121,125
-250,-238
-108,-103
-138,-131
-187,-199
108,107
-171,-178
-115,-119
-140,-137
-136,-149
-116,-102
-145,-160
-178,-188
-200,-219
129,136
135,147
152,192
-128,-139
-156,-148
-158,-155
-101,107
118,113
114,112
-180,-176
-159,-149
-140,-122
-210,-201
-155,-191
-128,-116
-137,-148
148,160
-114,-105
-120,-135
-147,-135
160,150
115,122
104,106
139,131
-107,-102
-125,-126
-176,-186
121,133
116,107
-117,-109
115,120
132,117
-232,-238
-127,-138
-103,-104
132,124
-127,-121
102,106
-174,-165
-174,-173
100,103
-183,-178
-114,-111
111,107
-246,-239
136,127
182,192
-174,-177
-178,-194
101,100
110,107
-145,-137
-102,-103
-113,-113
-154,-160
-155,-148
-122,-125
105,-101
-160,-161
-230,-271
-177,-177
151,142
121,122
-201,-185
-136,-155
-175,-192
-153,-170
-159,-156
-301,-297
-130,-116
169,144
-173,-175
-113,-101
-155,-162
-140,-157
102,109
213,191
-123,-130
-220,-193
133,131
-120,-132
-134,-134
-130,-141
-118,-106
-270,-295
-134,-125
-107,-112
-191,-225
-200,-200
-133,-148
115,108
104,112
131,125
-191,-181
-126,-138
-182,-172
-138,-134
-125,-113
-151,-170
-105,-104
-106,100
-230,-232
-108,-103
-115,-116
152,129
-121,-114
112,-101
-118,-118
122,113
146,139
-174,-188
103,-103
-130,-127
-193,-181
145,142
-117,-117
-160,-169
-185,-170
-119,-110
120,117
-122,-119
-235,-218
113,106
100,-107
-128,-120
-230,-196
-157,-159
-121,-109
-123,-116
108,106
-200,-191
-123,-140
-280,-313
-147,-130
-115,-123
-130,-135
-161,-143
102,106
111,106
154,136
-200,-172
-155,-153
-116,-107
-118,-112
123,108
-173,-157
-151,-133
-136,-151
-120,-122
-139,-134
-230,-217
122,120
126,129
179,168
-340,-365
-139,-141
-120,-122
140,116
-114,-111
-125,-135
-215,-218
-170,-195
-130,-138
116,107
-152,-169
-160,-148
101,121
109,106
109,108
142,128
-145,-165
115,-103
-153,-180
106,111
-191,-159
-299,-274
-139,-165
112,109
-157,-158
-166,-147
-177,-172
144,143
-197,-191
-179,-186
100,-107
109,102
-179,-183
-200,-223
-178,-174
-153,-143
-212,-205
-142,-157
-123,-130
-166,-161
-150,-150
-180,-181
-119,-130
-103,-116
-123,-112
118,124
105,106
-118,-115
-212,-225
109,104
-157,-155
-142,-151
-166,-182
-175,-188
-138,-164
-120,-116
-146,-154
-193,-200
-162,-178
-203,-211
136,133
-117,-109
-103,100
-132,-132
-179,-180
-165,-173
104,100
-175,-175
-230,-201
-156,-166
129,136
146,132
105,103
-145,-131
-136,-139
120,117
-139,-145
-116,-125
-116,104
-234,-226
-177,-177
106,-106
-122,-122
-222,-214
107,107
-146,-144
108,113
-102,-101
122,118
106,-101
-105,-109
-123,-125
-140,-131
-259,-249
-193,-187
-101,103
-210,-210
110,103
145,148
136,146
-108,-119
-140,-140
-196,-169
-128,-107
106,-109
101,107
-230,-198
-145,-153
-115,-112
-216,-206
-133,-145
-156,-150
-127,-134
-111,176
-148,-151
-166,-159
-146,-148
121,124
176,166
-130,-134
107,111
-313,-375
-145,-140
-227,-200
-250,-245
-133,-147
-180,-177
-151,-136
-101,102
-175,-163
-154,-145
105,101
-109,-113
-112,-130
103,105
-130,-132
-285,-235
-140,-145
-174,-163
-250,-225
-105,-105
112,-167
106,-110
217,237
-180,-180
-130,-116
-113,-110
117,105
-102,-116
-177,-172
-130,-128
-150,-156
-110,-110
-115,-115
-119,-126
-172,-167
-109,-105
-132,-125
134,134
103,100
-174,-175
-137,-155
-122,-125
-130,-132
-198,-172
117,115
149,132
114,110
-130,-126
-137,-122
-126,-116
133,138
-163,-152
-124,-125
133,138
-117,-130
-167,-161
-212,-195
-145,-152
108,109
114,107
-185,-178
-132,-128
133,133
118,126
-235,-243
-145,-146
-130,-130
-136,-145
120,123
136,122
-167,-176
102,-109
151,164
-146,-156
-136,-124
-150,-156
123,122
-137,-137
-106,-105
124,140
102,100
104,-113
105,-105
139,145
-161,-159
111,106
-117,-119
-117,-107
170,149
-113,-114
127,119
-172,-167
-210,-192
-117,105
-260,-240
-111,-121
119,113
105,100
-240,-228
121,114
108,117
-173,-155
-119,-116
166,173
118,106
111,103
-172,-176
-175,-174
-190,-175
-177,-191
106,101
-133,-135
-116,-111
-157,-174
113,121
-123,-132
-153,-170
-139,-138
187,182
-103,104
-167,-152
105,113
-220,-198
-143,-146
-164,-176
152,144
-205,-210
-330,-283
150,142
160,136
-165,-174
-156,-165
120,121
-147,-151
-170,-173
-157,-159
-195,-194
-109,101
116,110
-138,-143
-210,-205
-235,-244
122,118
-115,-113
107,104
107,105
-151,-163
139,142
-130,-141
153,132
-123,-118
-101,103
182,173
-113,-126
130,137
-210,-219
125,121
-119,-130
151,161
100,-106
-132,-135
166,156
-106,-105
-127,-130
-108,-107
109,104
-220,-220
130,124
136,129
-140,-151
-122,-136
-275,-290
119,108
-172,-175
136,127
136,135
113,116
138,124
109,104
-140,-148
114,114
100,-126
-111,-103
-120,-133
-165,-182
104,-105
163,160
-127,-118
-205,-203
136,121
-129,-122
-234,-229
-136,-129
-145,-148
-135,-156
-121,-143
-111,-102
134,137
218,230
-232,-225
-207,-206
-230,-243
134,136
-207,-222
-101,102
106,106
-270,-265
125,138
-105,106
114,106
-225,-225
-110,-105
122,122
141,146
-152,-151
-229,-207
-158,-165
-116,-133
132,127
-142,-153
-153,-144
-159,-146
124,132
-131,-122
-230,-240
-132,-152
140,137
-185,-203
-301,-260
-167,-166
-142,-148
-141,-149
-145,-136
-133,-128
-126,-128
-116,-127
-245,-252
-127,-146
104,104
101,105
158,153
-110,-121
-181,-187
-115,106
-175,-190
-301,-294
-177,-199
-141,-141
-106,-107
-230,-218
-146,-155
-174,-180
-109,-115
-107,-107
-113,-116
-151,-159
117,120
-138,-145
-205,-210
-108,-109
-105,-114
-194,-182
-151,-176
106,110
-141,-133
-143,-149
-143,-138
130,132
124,122
-152,-165
143,161
-308,-296
118,112
-164,-160
121,118
-320,-304
-116,-108
147,130
-207,-195
-203,-222
106,106
-108,-120
-147,-137
-133,-130
-182,-182
-120,-123
-153,-160
104,-103
-115,-110
104,-103
120,117
-255,-239
-172,-171
-125,-109
-145,-157
-130,-136
188,176
-108,-102
-127,-137
130,135
-145,-151
-125,-133
-243,-219
132,130
-108,-120
144,144
-272,-247
-172,-188
-142,-142
-183,-182
-153,-161
-124,-131
-140,-140
-180,-181
137,142
-180,-181
-140,-147
-235,-228
155,163
-137,-152
-206,-198
137,150
-150,-148
117,111
-150,-160
-101,100
-118,-120
-130,-135
-121,-116
-146,-156
152,152
106,109
130,122
-124,-120
146,135
151,157
-133,-127
103,101
-148,-151
125,117
141,140
-227,-216
109,108
-130,-133
-202,-207
149,159
-103,-113
126,133
-134,-133
-111,-120
126,126
-121,-132
117,132
-145,-133
-177,-162
-107,-115
-171,-172
146,125
-134,-126
-118,-118
121,114
128,117
-104,101
-227,-240
-145,-153
145,138
-217,-207
133,137
-134,-123
-115,-106
-191,-180
-118,-127
-135,-131
-125,-127
129,121
-203,-219
-108,-110
123,125
139,143
113,127
-154,-163
-133,-132
-134,-137
141,149
-174,-180
-245,-240
-103,-107
-109,105
-133,-141
-131,-130
-193,-199
-130,-130
-113,101
-124,-126
133,136
-175,-198
-133,-120
-143,-133
-113,-114
-110,-106
-157,-164
-132,-135
-167,-170
-161,-170
111,115
-193,-181
126,116
-117,-106
125,118
-102,-110
-165,-164
-150,-152
-139,-122
-175,-187
-151,-137
100,102
116,110
-108,-120
209,230
-200,-190
-103,100
-111,100
-191,-192
-131,-126
-146,-146
122,123
-155,-165
-104,-109
166,166
114,116
-150,-150
-122,-124
-162,-152
-154,-150
-233,-222
-130,-134
-102,-107
-190,-178
-103,-102
-245,-240
-148,-157
-154,-168
-130,-138
-138,-145
215,220
205,188
-102,110
-110,-116
-127,-123
-135,-135
-134,-128
-185,-176
-220,-235
-138,-141
-141,-134
-119,-120
-137,-135
-240,-252
196,196
-107,-126
129,130
-135,-142
-163,-149
-145,-151
-141,-133
-177,-163
-172,-175
110,-101
-145,-142
-103,103
-131,-118
-102,-111
-127,-137
-107,-117
-132,-138
100,-107
-172,-159
-165,-172
-178,-177
131,125
104,108
-122,-115
-147,-160
-140,-165
-112,-105
-177,-177
150,149
-116,-122
-180,-180
-168,-174
115,118
-108,-108
-132,-132
-186,-175
169,152
132,133
-147,-141
102,-107
-160,-159
-121,-127
-220,-220
-235,-270
-106,-108
-141,-146
-143,-152
113,124
-114,-107
-142,-131
-240,-235
-110,-104
138,165
-167,-179
-124,-130
160,150
-205,-210
-104,-133
-146,-155
127,121
-112,101
-141,-135
-123,-124
-150,-178
118,114
-136,-149
-139,-145
125,136
179,172
-175,-187
-360,-330
-140,-127
-140,-145
120,110
146,146
120,110
-122,-123
-185,-165
149,150
-127,-132
101,103
103,103
-234,-203
-154,-145
117,118
215,192
-140,-136
-104,100
-196,-188
118,123
-106,-102
-135,-146
-190,-185
-120,-117
-130,-120
149,145
111,119
-320,-315
117,112
148,119
-145,-141
-230,-225
-118,-116
-140,-140
118,102
-162,-169
-150,-175
-156,-162
-141,-142
-177,-185
122,105
128,125
-116,-129
-136,-138
-191,-195
-102,-119
-168,-166
-123,-130
112,102
-265,-270
-159,-167
121,114
-135,-147
101,103
219,213
-103,-102
106,-102
-109,-109
-210,-212
-165,-170
110,109
-174,-172
-106,101
-113,-116
107,102
-332,-340
-182,-185
-113,-102
-150,-150
129,130
-210,-212
142,159
-115,-103
122,125
-165,-156
-188,-188
-109,-128
-169,-166
-160,-169
-155,-145
109,109
180,162
-140,-133
-141,-139
-126,-138
-172,-168
-192,-194
-150,-139
-127,-129
-145,-153
116,111
118,128
-130,-124
-131,-128
-153,-163
152,138
-121,-130
-177,-177
-145,-134
-172,-161
-131,-145
-180,-187
-180,-176
-172,-173
116,118
-122,-132
-101,100
123,126
-145,-134
-130,-117
-157,-162
101,-102
-187,-184
-191,-180
-142,-141
-216,-199
101,100
-172,-164
-145,-140
-113,-126
150,130
-121,-120
-145,-150
106,104
-172,-163
176,160
-114,-132
-230,-198
112,117
132,117
-145,-143
-198,-198
-127,-125
128,135
-172,-152
124,111
166,159
-143,-140
-168,-155
108,116
-124,-127
-128,-134
120,129
120,115
-101,103
-150,-153
-190,-203
-107,100
-201,-191
-115,-119
188,183
-145,-143
-175,-155
141,127
-175,-165
-136,-137
-116,-116
192,197
131,114
-175,-157
-170,-172
-142,-133
-105,-109
-180,-155
131,131
164,144
-169,-170
-153,-148
-108,-117
-155,-136
108,-102
-127,-116
124,126
-140,-151
-160,-157
-221,-208
-121,-113
-175,-170
104,107
-107,-119
-125,-140
-162,-170
-137,-142
-255,-224
-101,-109
-134,-148
180,173
-150,-135
-102,-110
-119,102
-138,-133
-138,-158
-135,-124
-137,-151
-138,-158
-114,-117
-141,-131
106,113
-140,-135
-300,-278
-155,-136
-125,-114
132,136
-186,-191
-103,-105
-126,100
-172,-169
-114,-110
106,112
-138,-139
-190,-195
-129,-130
114,121
-108,-107
-149,-150
-141,-149
-131,-137
159,148
-164,-164
109,-101
117,119
-177,-168
-175,-167
179,186
-195,-195
-120,-131
-188,-201
-168,-174
-175,-167
104,108
-127,-127
-107,-139
-175,-174
-101,-105
-123,-119
-156,-155
-136,-137
-200,-195
206,176
-372,-380
-162,-166
-130,-137
-122,-133
-155,-165
-136,-125
-130,-141
-132,-137
-168,-180
112,128
-115,-121
106,110
-155,-171
-285,-266
141,142
-215,-243
120,132
-127,-116
-145,-135
-236,-247
-123,-116
-101,100
-107,-107
-193,-193
-130,-132
114,124
130,141
-130,-109
-149,-154
117,114
-134,-125
-109,-102
108,102
100,-104
122,109
-191,-193
-152,-151
100,-103
-111,-118
-108,-120
-205,-218
136,126
-138,-137
210,182
-240,-212
-212,-220
-103,-109
126,111
-126,-115
-101,-103
-302,-302
-160,-169
-124,-142
-111,-115
102,104
-230,-222
115,105
-105,-103
-102,100
-245,-225
105,-101
-113,-114
-133,-138
-130,-118
-141,-146
-187,-168
-230,-220
-117,-122
-183,-191
-135,-140
-178,-170
117,123
-160,-171
155,145
-251,-240
-167,-175
-141,-138
-225,-218
-136,-146
-125,-124
-163,-167
161,156
104,-119
-101,100
125,127
-160,-156
-140,-152
-122,-135
-180,-199
-135,-136
-215,-230
-108,-122
-160,-150
118,123
-150,-160
-107,-118
-142,-130
-104,-113
138,140
-190,-187
-148,-160
-108,-110
-210,-199
-106,-115
-225,-215
-107,-110
113,128
-190,-171
149,151
-175,-173
-104,-101
-102,-114
137,128
225,220
-158,-153
-152,-147
-116,-112
-191,-175
-149,-133
-191,-169
-142,-141
-121,-104
-175,-173
104,-108
-193,-181
-117,-125
-138,-140
-150,-155
130,106
127,128
-108,100
-102,-104
122,120
-128,-104
142,140
101,-104
-130,-140
-250,-245
-101,-102
-119,-105
141,136
-145,-145
-230,-235
-110,-122
126,131
-156,-156
107,106
118,118
140,146
-145,-139
187,173
177,164
-130,-137
-160,-146
-134,-128
127,122
109,100
-175,-185
122,125
-106,-107
-111,-126
-124,-120
-130,-137
-145,-141
161,154
118,116
-165,-169
-198,-198
106,-108
-190,-198
-168,-166
-142,-145
128,147
-157,-190
-150,-146
-143,-129
106,-105
-130,-131
-114,-115
-120,-120
-145,-149
-203,-181
-220,-220
-191,-205
-145,-150
110,112
135,124
-106,-110
-160,-150
-113,-105
-118,-128
107,112
129,130
-143,-133
101,101
-144,-148
-150,-139
-150,-152
-162,-164
-152,-175
-107,-107
169,159
102,106
-210,-210
-119,-115
-122,-130
101,112
101,110
-130,-136
-108,-115
-103,-105
-165,-173
-106,103
-140,-182
-118,-116
-134,-145
-105,103
-108,-113
-122,-116
-134,-136
118,112
123,126
163,164
-172,-175
-139,-137
-117,-116
-155,-153
112,-114
-116,-118
117,128
-125,-162
-148,-145
-193,-190
-123,-111
144,164
-104,-106
-173,-163
150,143
-102,111
113,106
-108,-104
-135,-145
108,-103
120,118
-176,-168
-104,-107
-163,-149
-240,-213
-132,-137
147,152
-140,-133
-157,-150
107,125
-175,-183
-198,-204
-130,-125
-142,-153
104,-113
-145,-129
-106,-103
-103,-118
-275,-254
-220,-221
-113,-113
113,122
-172,-182
-198,-182
-190,-167
108,114
-141,-130
101,-137
-181,-195
-181,-191
118,108
-113,-109
210,192
-173,-197
133,117
-150,-150
-230,-237
-106,100
-160,-162
-174,-172
-155,-160
-133,-132
-133,-120
117,115
-123,-137
120,134
120,128
173,170
-155,-150
-228,-209
121,106
127,122
-190,-188
-104,125
-151,-143
127,122
-220,-216
-112,-105
-165,-186
121,106
106,-110
-130,-135
108,-108
-155,-147
-110,100
105,-113
-195,-200
-175,-175
118,134
-160,-160
-135,-137
-132,-119
117,110
-175,-165
120,112
-177,-187
-147,-163
-160,-164
-119,-123
-107,101
-151,-134
-109,115
-119,-123
-140,-162
120,115
-155,-156
-172,-140
134,136
-115,-110
-114,-137
-130,-114
-121,-115
-158,-160
127,126
-145,-145
-157,-157
-107,-105
-170,-157
-120,-120
127,126
127,131
-217,-208
-125,-125
-112,-122
136,132
-114,-126
155,157
-113,-108
-113,-105
-142,-132
-190,-177
-126,-135
-105,-155
-102,-105
-117,-120
150,138
-159,-140
-183,-172
155,146
-160,-139
107,111
-120,-118
-120,-115
-138,-127
-129,-133
137,136
-205,-201
-121,-132
105,112
-150,-158
-195,-187
-156,-113
-131,-113
-171,-177
-119,-113
122,117
-134,-127
-145,-131
-112,-120
135,125
113,106
-168,-163
-150,-159
108,103
-145,-157
104,113
-172,-171
-113,-108
106,108
102,100
-158,-159
116,116
-118,-115
-146,-164
-142,-145
-169,-172
132,131
132,131
-145,-141
-114,-112
-190,-185
-105,-115
128,125
-190,-210
-187,-175
109,100
-110,-104
-250,-255
-132,-116
-170,-175
-173,-170
-114,-113
-117,-120
130,126
-154,-155
148,123
-175,-185
-120,-107
116,115
-154,-180
-240,-240
-122,-110
113,102
-150,-139
-186,-172
-148,-121
-193,-175
-105,-105
-107,-105
143,122
-162,-118
126,126
123,113
-152,-157
-240,-200
-131,-124
-135,-124
-142,-127
-167,-163
-180,-155
-175,-165
-142,-135
-157,-153
-106,-103
-120,-126
-148,-146
-160,-145
-153,-162
100,-101
-145,-135
-114,-117
140,143
115,115
-167,-150
-106,-106
-205,-210
-193,-185
-119,-105
-150,-140
-160,-155
110,110
-158,-155
-105,-109
-161,-160
-105,102
140,150
-103,-108
120,126
-205,-205
-117,-122
-140,-137
100,102
-185,-185
-121,-117
127,135
-145,-116
-101,102
163,165
-106,-109
-147,-131
-141,-140
-142,-142
-194,-190
-117,-113
-110,-128
-182,-179
-116,-110
103,109
-120,-135
114,129
105,-102
-166,-178
-109,-115
-122,-133
-105,-105
104,100
-157,-164
-143,-140
-121,-124
-145,-151
106,108
-109,-105
102,-112
-113,-110
-108,-110
108,-104
-175,-160
112,111
-143,-148
-109,-109
-103,-110
-158,-145
-120,-110
106,108
-105,-103
-130,-135
-177,-178
102,104
-119,-126
108,112
103,100
-149,-156
-125,-132
106,110
-125,-135
-118,-111
-139,-122
-145,-147
-101,-104
-175,-190
-133,-148
114,120
-110,-122
-135,-125
-113,100
-110,101
-121,-114
105,113
-145,-153
-127,-135
-156,-176
-123,-133
-115,-107
-165,-155
-172,-163
-145,-154
-168,-167
-121,-120
112,117
132,139
-172,-174
121,125
104,107
-170,-175
109,-107
106,101
-155,-147
-115,-115
-131,-117
-171,-172
-141,-139
110,106
-109,-111
173,172
-120,-119
-131,-130
106,109
-133,-130
-185,-183
-133,-130
-145,-153
-130,-135
100,-102
-119,-123
142,141
-113,-110
-127,-125
-118,-108
111,118
-102,-105
-147,-149
-132,-134
-200,-179
112,110
-126,-128
-174,-179
-108,-104
-123,-122
106,-103
-125,-112
-138,-134
-177,-177
-170,-183
-173,-162
-105,-102
-166,-166
112,112
-123,-129
-170,-183
-146,-144
135,137
130,131
104,-102
-142,-153
-128,-117
-211,-205
130,122
104,-103
-133,-135
-119,-114
-159,-150
-190,-182
130,122
-127,-147
-180,-188
-172,-170
-117,-115
-127,-121
113,100
121,112
-152,-162
-220,-227
-145,-136
117,107
-129,-116
104,103
109,110
-117,-111
-111,-108
-162,-165
-142,-133
113,115
-125,-122
-185,-180
-153,-151
-114,-113
-113,-115
-102,-103
-135,-120
102,109
-132,-137
-204,-200
-105,-113
-101,104
-191,-194
-150,-140
-136,-150
-145,-142
-107,-107
-150,-145
126,123
-104,-106
-125,-134
104,102
-104,-105
-145,-147
-197,-190
-130,-143
103,105
-156,-148
-136,-150
-120,-113
-145,-142
-131,-122
-134,-139
146,136
-106,-106
102,106
-138,-128
-134,-136
-136,-145
-102,101
-134,-139
-159,-154
-128,-121
102,-102
105,100
-154,-168
-134,-110
102,105
-197,-202
-159,-166
-103,106
-130,-130
113,122
101,100
-124,-124
-157,-152
-109,-109
100,106
-149,-161
-114,-119
103,104
-160,-166
-207,-202
-120,-122
161,161
107,110
-103,100
109,118
-113,-117
-139,-130
-130,-125
126,119
-127,-116
-118,-113
-129,-128
-145,-146
-145,-161
-190,-204
-117,-107
116,121
124,128
180,172
-134,-136
-126,-127
-118,-127
118,123
-188,-195
-120,-124
-125,-127
-145,-137
-147,-148
140,126
-145,-146
108,105
117,117
-131,-131
-111,-110
131,124
-153,-155
126,122
-117,-110
111,107
118,107
110,106
128,117
122,118
-175,-175
100,102
137,126
-151,-160
-152,-145
-135,-134
-116,-115
103,-101
-163,-161
140,133
-195,-207
118,102
123,125
-133,-130
-177,-169
-109,104
165,170
-195,-200
102,-103
-154,-145
-106,102
-108,-114
-109,-115
129,135
-109,104
-152,-136
-138,-156
-152,-136
-102,-109
104,107
-145,-142
119,126
-102,-103
-156,-140
-185,-190
-127,-132
-195,-180
149,146
-108,-109
-106,-110
-145,-133
-152,-165
-127,-124
-122,-117
-112,-120
116,110
114,102
103,-102
-212,-190
-174,-166
-136,-140
-191,-183
122,116
-134,-158
-129,-140
-151,-148
125,-135
-118,-124
-164,-169
-142,-142
-109,-122
111,108
-110,-114
-169,-185
-191,-188
-128,-126
-115,-105
114,114
-108,-112
-115,-129
-140,-169
-115,-114
-112,-106
-193,-220
-161,-152
-140,-133
-116,-133
-145,-146
-109,100
-111,-101
-145,-162
-119,-117
-151,-148
-116,-125
122,116
-135,-127
-176,-179
-127,-132
148,154
-150,-159
-132,-130
119,110
-165,-176
-220,-211
-160,-169
-180,-162
103,103
-116,-113
-143,-138
121,137
-180,-181
-200,-185
-160,-169
-164,-162
-111,-108
-130,-133
130,125
-108,-114
-118,-121
-147,-146
-140,-146
-150,-166
-105,-110
-179,-172
-110,-111
121,122
-121,-132
104,-103
104,-110
109,103
-148,-175
-240,-221
-138,-133
-155,-142
-179,-174
-124,-121
106,107
-113,-110
-113,-109
-115,-106
-119,-124
-145,-149
-140,-159
-107,-104
110,121
-113,-108
-154,-154
-107,-104
-140,104
-103,-101
121,126
-182,-182
-118,-135
104,110
-122,-116
-127,-130
-127,-124
-155,-167
-106,-102
104,106
-107,-103
-129,-130
-130,-124
-136,-141
-110,-130
100,-107
-137,-147
114,130
104,-102
-114,-135
109,115
-133,-125
-177,-186
150,153
-102,106
108,112
-161,-163
-145,-140
120,126
-116,-109
114,115
-214,-243
-168,-163
-117,-114
-101,-106
-144,-135
-190,-168
142,151
-127,-112
113,123
-110,-103
-220,-198
-114,-115
-160,-154
-112,-106
106,-106
-163,-153
-110,-105
108,106
-133,-135
-203,-190
-161,-149
120,122
-108,-110
105,100
-111,-121
-190,-215
-102,-103
107,102
-128,-123
124,122
-123,-128
112,136
-201,-210
-176,-186
-140,-118
-184,-197
-150,-153
134,140
-108,-101
-180,-170
-108,102
-178,-181
-143,-150
-113,-106
-115,-126
-117,-109
-177,-187
-103,-108
-107,100
-157,-155
-159,-172
-166,-156
-108,-108
-119,-107
103,120
105,111
-135,-136
-157,-165
-127,-133
-112,-123
113,123
-138,-162
106,100
-158,-162
-150,-150
-174,-190
104,102
-124,-118
-113,-106
-140,-136
-106,105
-128,-117
111,126
-160,-149
-108,-130
111,111
110,106
-168,-168
-138,-148
107,100
109,123
-131,-145
-177,-166
-138,-155
113,102
139,145
-235,-219
108,112
-155,-160
-135,-146
122,133
-112,-109
-116,-120
134,138
-116,-130
-150,-155
-151,-149
-134,-124
101,-102
-168,-162
-130,-114
-180,-181
-145,-145
-142,-157
-133,-148
-140,-153
-138,-140
122,132
106,111
-153,-145
-118,-106
-139,-141
-166,-178
-169,-170
121,122
-164,-172
-122,-113
-153,-152
-119,-130
101,105
135,113
-125,-115
128,129
-103,101
-159,-156
-124,-131
118,122
-135,-133
-169,-155
-101,101
-169,-169
142,155
-171,-170
-124,-116
-133,-139
101,-102
-123,-125
107,-101
-235,-248
100,-103
-138,-134
117,105
-150,-178
-145,-150
-175,-161
-165,-200
106,106
-131,-134
117,121
-159,-150
-165,-155
-148,-145
110,110
-140,-160
-104,-104
-152,-151
114,117
-191,-192
-149,-148
-118,-105
-172,-192
-146,-143
116,113
118,112
147,150
-146,-154
-149,-140
120,116
-195,-190
-104,100
106,114
110,120
-135,-136
-134,-121
-150,-153
-175,-182
-108,-104
120,124
149,158
120,131
-150,-141
-108,-101
111,110
-157,-155
-167,-165
120,116
-200,-192
-108,-104
126,114
-108,-102
-163,-190
-174,-172
-155,-166
-155,-166
119,105
127,134
-120,-133
-106,-114
-133,-132
-160,-165
116,120
-119,-135
-200,-195
-113,-111
118,102
-160,-161
-168,-160
-153,-169
-122,-123
-106,-110
163,159
-145,-161
-189,-183
-137,-136
-139,-145
114,112
102,-101
-104,-104
-102,-101
110,103
-167,-153
-169,-169
-155,-154
-113,-107
-133,-145
-153,-142
101,101
-137,-148
-138,-131
101,103
-125,-134
111,128
-162,-166
-111,-109
-132,-125
-159,-164
-159,-172
-117,-103
-204,-192
-113,-114
122,132
-109,-103
-125,-130
-109,-127
-155,-159
155,155
-127,-133
-138,-144
-119,-118
-146,-147
-178,-195
-123,-129
-185,-199
-130,-144
141,138
-125,-108
-130,-137
-133,-143
123,106
106,-103
126,136
119,106
-113,-105
106,-103
-152,-152
-136,-128
-141,-148
-133,-125
-219,-198
141,151
105,-116
-133,-133
-115,-107
-140,-155
-126,-139
110,103
-114,-112
-184,-192
-113,-107
-116,-113
-116,-133
-135,-150
-126,-116
-145,-138
-116,-110
169,175
-124,-106
-179,-166
-145,-152
-117,-110
105,-108
-133,-123
-163,-181
-168,-157
-117,-116
-125,-129
-180,-162
117,130
-177,-170
-128,-121
161,153
-115,-108
-116,-124
-163,-159
122,120
-105,-113
-168,-155
-142,-140
-117,-101
107,122
-157,-156
-130,-123
-108,102
-153,-145
-117,-107
140,131
-109,-127
-190,-181
108,-104
-141,-141
-127,-127
-116,-126
-128,-132
-158,-120
-114,-117
-125,-118
-125,-118
-105,-102
-174,-163
-130,-114
-142,-130
-124,-125
-126,-128
-124,-131
-145,-154
-153,-135
-190,-190
140,156
-117,-121
110,-101
-123,-127
-172,-160
109,104
-181,-174
103,107
114,116
-147,-146
-118,-109
126,124
-140,-143
131,126
-182,-167
-103,-101
128,119
-111,-102
106,109
-154,-140
116,107
-159,-149
-113,-104
-145,-150
-173,-167
-120,-130
-134,-130
-150,-149
112,108
-130,-126
169,164
-134,-140
125,122
-140,-147
-156,-161
-131,-131
-107,-106
-143,-153
-183,-185
122,120
-146,-146
-110,-105
-106,-108
125,132
117,104
-201,-187
106,118
130,128
114,115
-160,-163
130,133
-142,-123
-170,-167
-134,-126
-184,-176
-106,-110
109,119
122,123
-165,-168
112,-104
-140,-122
-116,-114
-113,-116
-124,-135
-140,-132
-102,100
-172,-173
-181,-178
-150,-159
-165,-154
-136,-145
-139,-154
134,125
-143,-136
-108,-114
-183,-168
108,108
123,107
-122,-145
-147,-141
102,-105
-110,-111
-172,-173
-115,-107
-200,-196
104,104
124,115
122,117
-130,-126
-150,-141
157,138
132,131
-207,-203
-115,-110
-154,-153
-148,-156
-149,-160
-109,-111
-134,-139
-122,-122
-105,-110
122,108
143,143
-154,-141
115,119
107,122
-115,-126
-186,-199
-159,-151
-185,-199
-135,-138
-152,-146
-108,-105
-115,-109
-113,-118
-119,-131
118,123
128,128
-115,-109
107,115
140,141
150,164
-198,-200
-116,-103
-145,-149
-145,-141
-186,-193
-111,-105
-145,-138
100,100
-153,-152
-124,-130
116,113
-114,101
-119,-111
118,115
-131,-141
117,108
-118,-113
-172,-175
-104,-109
-115,-103
-170,-162
124,131
-147,-145
-127,-120
-123,-124
-177,-175
-204,-200
-163,-156
126,130
-141,-130
-119,-138
-167,-159
-116,-113
131,122
-141,-142
-185,-195
-120,-113
-155,-150
116,121
122,126
-121,-110
-130,-123
-185,-195
-145,-142
-113,-102
-148,-134
-120,-108
-150,-150
-103,-106
106,-105
-126,-119
-110,-105
-114,-121
101,-104
-160,-165
-225,-225
-142,-142
115,119
-119,-133
-109,-106
-133,-135
-102,-106
118,103
-132,-121
-116,-123
-132,-131
-121,-121
-134,-141
-153,-149
-174,-162
-118,-130
128,152
-106,-106
-136,-147
-132,-127
141,132
-147,-104
-150,-149
114,120
-145,-142
104,100
-154,-147
-124,-140
-125,-121
-161,-157
-177,-177
124,133
-142,-131
-143,-139
-134,-141
-101,-113
-114,-105
-121,-124
-137,-142
-135,-139
-120,-127
122,127
-184,-203
-149,-138
-195,-189
-108,-113
161,185
136,150
-145,-160
-150,-147
-103,-110
-104,101
-125,-134
114,116
-111,-104
-143,-152
-117,-101
-145,-146
-174,-185
-102,-106
-192,-193
-136,-130
-118,-118
118,115
-119,-127
105,107
-133,-119
116,119
108,103
-220,-210
-147,-140
-138,-131
155,154
-185,-174
-121,-128
-129,-134
-123,-130
-108,-123
102,-103
110,108
100,104
-177,-174
-120,-130
-106,-102
-199,-188
-140,-133
-108,-123
-114,104
136,136
-208,-205
-103,-114
-113,107
-138,-147
102,102
-172,-167
-132,-133
-115,-113
109,103
120,117
-141,-140
-106,100
149,150
-107,-107
110,109
-123,-116
-133,-126
-138,-133
-152,-163
-157,-165
143,142
122,116
-105,-102
-119,-110
-135,-137
-175,-189
115,132
125,126
-102,-115
-102,-107
-138,-130
-208,-237
-139,-137
-159,-167
-185,-185
128,122
-113,-111
-144,-138
-151,-155
-108,-107
-136,-138
125,105
119,136
-129,-135
-109,-111
-138,-140
-166,-153
-146,-163
-141,-148
-207,-228
-113,-121
122,118
108,-103
-146,-156
111,102
-160,-175
-116,-114
-115,-128
-175,-167
-137,-152
-132,-136
-114,-111
113,113
-111,-110
-121,-137
-130,-128
-137,-146
-154,-156
-168,-163
-119,-108
-108,-109
-126,-123
-142,-130
-133,-134
113,113
-138,-132
157,147
-127,-126
-141,-146
-125,-109
-146,-147
-165,-172
-101,-110
-132,-114
-146,-138
-140,-147
-138,-145
-130,-123
-172,-187
120,122
121,116
130,123
-140,-135
-124,-125
100,-105
-162,-153
-198,-180
-215,-230
-137,-147
101,100
118,119
117,103
-102,-115
-168,-169
120,119
105,103
-122,-115
-164,-155
-155,-148
-117,-112
107,109
109,-101
-154,-144
-133,-154
-130,-132
-125,-122
-132,-134
-170,-172
-124,-122
-171,-154
130,140
-103,-117
-156,-152
-162,-160
-160,-140
-127,-127
105,-101
114,109
139,151
-170,-172
-126,-120
-165,-183
-130,-126
-117,-117
-154,-152
178,180
128,118
-171,-172
-195,-193
-147,-143
-139,-142
122,109
126,122
163,167
-145,-146
115,112
-130,-117
-133,-143
-136,-118
-187,-193
-185,-182
-117,-120
-130,-133
-125,-120
-125,-132
-151,-134
114,114
-110,-121
-105,-110
-201,-190
102,-108
145,140
-130,-145
-169,-148
-200,-193
-134,-122
-147,-126
-136,-145
107,107
-116,-108
-159,-145
141,149
-125,-128
146,133
-153,-147
-102,-107
106,100
-209,-215
-152,-142
-180,-173
-137,-136
-125,-125
-190,-197
-116,-119
-117,-115
-140,-134
-106,-101
-117,-131
-127,-133
-147,-159
-119,-116
-119,-107
-117,-116
-131,-130
-142,-130
-154,-153
-111,-105
-113,-115
-167,-170
120,108
-133,-139
-150,-145
-146,-152
-113,-103
-180,-186
-163,-184
105,-113
-121,-130
-172,-154
-203,-198
-131,-120
-131,-135
-131,-126
110,-103
-142,-155
-159,-159
-133,-138
-154,-145
-122,-123
-162,-174
-109,-113
-136,-139
-155,-152
-185,-190
-110,-108
-103,-101
106,116
-116,-115
-159,-185
-152,-145
-166,-172
-172,-152
-128,-130
102,-106
-115,-108
-106,-109
-181,-169
-177,-175
-160,-161
-130,-122
-140,-136
-131,-131
164,159
-127,-140
-170,-151
-157,-150
-145,-142
-111,-109
-126,-133
-168,-151
-125,-123
-102,-102
-114,-106
-151,-143
-137,-134
131,126
-108,100
106,114
122,115
-145,-154
-195,-194
-108,-101
-116,-103
-121,-122
122,125
-123,-124
-104,101
102,-103
-105,-103
125,131
-156,-145
109,114
-178,-167
115,110
115,110
-138,-138
-151,-136
106,106
-118,-108
-131,-117
-132,-130
-115,-122
138,140
127,129
-120,-127
-130,-139
114,119
-103,101
-183,-170
-131,-138
125,125
-115,-115
-106,103
-109,102
-130,-125
-153,-151
103,-106
105,110
104,-102
-125,-130
-111,-116
-105,-103
126,122
-190,-163
-120,-105
-140,-119
-125,-127
118,110
114,106
-104,-107
-120,-105
-130,-125
-124,-121
120,125
179,185
102,106
-137,-134
105,100
111,-103
113,105
-118,-130
-138,-132
114,111
100,103
-137,-136
138,134
-135,-159
-113,-118
-105,102
122,133
139,134
-102,-110
114,112
109,102
115,114
-116,-104
-131,-123
-109,-114
-141,-141
-125,-120
-106,107
-145,-168
-155,-177
-109,-119
-135,-128
-117,103
-122,-116
-109,-113
141,150
-109,-105
129,123
-160,-163
-179,-168
-114,-117
104,112
106,106
-103,100
-167,-169
100,106
-145,-140
-127,-132
-125,-121
-161,-168
-185,-183
-138,-149
117,127
-104,-109
-189,-198
-136,-137
-106,-113
-124,-127
-145,-126
-132,-122
-115,-124
-127,-124
-126,-117
-177,-180
-139,-130
-280,-280
127,124
101,101
-160,-156
-126,-120
-117,-121
110,116
-118,-127
128,122
-122,-114
-172,-166
-113,-107
-128,-132
-163,-156
-220,-232
-145,-154
115,107
-106,-104
-203,-200
-133,-134
116,118
-116,-108
-142,-132
-189,-185
-275,-276
-172,-177
-138,-125
-191,-187
-225,-243
-208,-210
111,104
128,122
-113,-122
-176,-171
-139,-140
-149,-156
-111,103
-137,-123
-169,-174
-157,-152
-215,-215
-145,-139
-178,-187
-311,-285
-180,-155
129,114
113,108
-120,-118
-178,-170
-162,-173
-148,-147
-120,-110
-111,103
-194,-197
-200,-187
-187,-190
-131,-143
-170,-165
-145,-139
-160,-160
116,115
-129,-131
-101,-104
-152,-167
-183,-180
-140,-145
-187,-191
-279,-290
-151,-161
-134,-146
-159,-156
116,115
-122,-128
-138,-141
102,-102
-190,-187
-106,-114
-135,-133
-122,-114
-159,-149
-180,-172
-131,-124
-140,-139
115,108
-270,-265
-109,107
-101,-106
120,119
-225,-219
125,105
-130,-138
-225,-219
136,140
-172,-170
117,119
-145,-130
-260,-250
-155,-152
-130,-127
111,113
-255,-240
-117,-113
-116,-117
115,-110
-133,-143
-118,-124
-191,-197
-115,-118
-142,-156
104,104
-155,-147
-179,-188
-120,-120
-136,-142
-121,-118
-191,-188
-156,-153
106,119
105,-105
-130,-132
130,126
-133,-133
110,125
-174,-179
-114,-106
122,118
158,163
106,117
124,142
-117,-125
-150,-165
106,-113
-123,-140
-137,-133
113,120
-254,-234
-120,-136
-106,-110
-162,-154
-109,-102
-154,-149
103,102
-132,-113
-116,-116
-140,-140
-147,-159
143,135
-118,-113
101,101
121,129
-173,-180
-116,-122
-102,-103
100,-102
127,139
175,175
-102,102
113,-105
-153,-156
-131,-132
-139,-145
-155,-158
-175,-162
108,103
127,124
-101,101
121,136
-122,-111
-138,-131
113,105
-101,-106
106,100
-127,-152
100,-102
-134,-129
194,186
-156,-146
-169,-160
110,104
-145,-132
-250,-252
-122,-113
103,101
-127,-131
116,106
110,-126
127,119
-208,-197
187,167
-148,-142
136,136
136,138
-150,-132
120,113
-113,-107
-148,-145
117,117
129,133
-170,-165
-125,-118
108,101
-104,-107
-169,-163
124,111
-109,-103
158,155
-159,-160
-165,-166
-131,-143
108,103
-124,-123
128,112
127,125
-122,-120
106,100
113,100
114,110
-135,-138
-172,-198
-158,-155
151,145
-172,-182
-102,-102
-232,-230
-113,-118
116,117
122,125
136,120
-138,-121
-127,-124
-179,-183
-182,-176
-115,-113
-141,-133
158,154
-175,-172
-132,-126
-175,-181
-159,-159
-177,-185
118,105
178,175
118,103
-145,-151
-145,-130
-200,-220
-136,-134
-125,-128
-135,-107
119,103
-151,-153
-136,-140
-209,-214
-108,-109
-114,-106
-194,-208
117,106
-133,-138
170,161
-172,-195
-180,-180
-127,-122
-137,-141
-122,-107
-130,-120
142,141
-139,-136
-150,-151
103,102
-143,-154
-134,-133
-153,-140
-154,-165
-200,-200
-107,-107
108,102
-186,-172
117,119
-275,-252
113,118
135,131
-174,-167
-180,-166
119,120
-210,-215
-150,-147
-137,-124
-168,-163
-159,-159
-126,-134
138,126
-136,-151
106,106
-203,-164
116,112
149,141
-147,-155
-152,-146
132,124
-190,-219
-163,-153
-136,-136
-180,-178
-145,-152
114,134
118,114
-165,-168
112,114
-150,-137
-155,-146
-145,-138
141,145
-105,-116
-159,-136
122,118
136,155
-143,-135
-153,-155
-225,-235
-134,-128
121,133
122,105
-121,-106
-160,-154
-172,-155
-260,-270
146,147
-123,-134
-130,-139
134,134
-153,-155
122,121
-102,101
-240,-230
-153,-159
-120,-115
127,127
-145,-138
-118,-115
-192,-188
-134,-135
155,145
-139,-148
-136,-130
117,133
-113,-103
-109,-106
122,139
-134,-129
-147,-132
172,161
115,113
-137,-117
106,112
183,192
122,107
-139,-137
106,103
-115,-116
-230,-241
115,112
122,124
-134,-136
-136,-125
-115,-114
132,125
160,148
110,110
109,-105
129,127
133,137
104,107
-107,-110
-180,-160
-135,-134
118,116
-107,-113
-141,-136
-124,-118
-120,-119
110,104
129,127
124,123
-190,-190
154,164
-103,-103
119,119
-145,-138
-165,-164
-145,-139
201,180
110,101
-113,-107
-127,-128
-109,-114
122,117
157,156
206,185
-193,-194
110,120
120,139
118,107
-130,-132
111,105
106,-111
107,102
-137,-133
-131,-144
125,114
-211,-221
-185,-180
111,105
-220,-240
-157,-158
-210,-212
-111,-121
126,133
-138,-145
-153,-134
-147,-153
132,121
-190,-198
-178,-175
-185,-199
111,103
128,125
-185,-189
-195,-195
-138,-130
-210,-212
112,105
111,111
-130,-132
104,101
-215,-210
106,111
-105,-107
-156,-172
-190,-173
-135,-159
162,166
-185,-172
-258,-260
-181,-181
-104,-101
106,111
-134,-134
107,103
-160,-169
-163,-159
-145,-168
-230,-270
-172,-159
-205,-227
-160,-163
-115,-117
135,123
124,118
-178,-174
-126,-120
118,128
-204,-240
-230,-237
-160,-156
147,158
-149,-145
-159,-173
-157,-156
122,129
-142,-133
-149,-155
-104,-108
-189,-175
-136,-130
185,195
-180,-188
-159,-145
-265,-265
-225,-248
-146,-141
108,116
-147,-143
-265,-265
160,156
-110,-121
115,107
-265,-277
-119,-111
106,104
-205,-208
-180,-170
160,156
-150,-141
-150,-147
109,109
-150,-140
-125,-108
115,115
-236,-232
-155,-137
-125,-108
-165,-168
-188,-179
161,159
-120,-104
135,128
-128,-122
-161,-164
-149,-141
122,125
-143,-134
-138,-127
-113,-108
-171,-174
-152,-142
138,128
113,104
169,156
112,110
-147,-149
-150,-132
-130,-117
107,-101
-180,-180
105,100
-180,-164
-150,-147
-140,-134
-172,-172
-185,-210
-159,-167
-132,-125
157,161
108,113
-145,-145
-132,-120
-130,-118
111,113
-160,-148
-132,-124
-162,-177
149,152
-115,-109
-200,-194
-103,105
124,113
-176,-186
-142,-155
109,102
-210,-205
-161,-159
-210,-203
-205,-198
-139,-155
113,105
-110,-105
-160,-166
200,200
-164,-176
-101,-116
153,146
-170,-175
-140,-147
-133,-108
-168,-149
-151,-151
-161,-170
102,-103
-150,-150
-127,-131
-143,-143
-148,-147
127,128
-265,-270
108,100
155,156
-116,-123
-130,-135
-147,-151
-135,-137
-117,-107
-180,-185
-135,-139
-158,-158
-132,-137
-140,-143
122,130
141,141
-158,-146
-109,-122
190,189
-124,-132
-163,-171
-125,-124
-250,-251
110,101
-120,-126
-198,-215
-255,-254
157,150
110,101
-130,-138
-117,-120
-147,-161
-155,-155
104,-105
-116,-131
-125,-124
-280,-281
106,101
-135,-149
-110,101
-121,-110
-235,-236
169,171
115,125
118,118
-110,-107
-148,-147
-168,-180
-149,-145
104,116
-120,-122
-145,-126
-102,100
104,124
-130,-125
-136,-122
-190,-176
-104,-105
117,126
114,100
160,155
-138,-136
-135,-142
-120,-109
111,115
-196,-185
132,125
-149,-134
181,176
-108,-104
-108,-104
-103,-103
-136,-136
-151,-156
102,102
-103,-103
127,111
-167,-186
-126,-141
-145,-152
-108,113
-133,-143
-138,-132
-159,-160
107,113
-109,-136
-108,100
-119,-113
-158,-166
-133,-130
-165,-172
130,114
-150,-160
-150,-146
-170,-215
-146,-135
-131,-117
-127,-124
-140,-142
110,114
-134,-160
-138,-150
-131,-157
-192,-225
126,129
-172,-185
138,137
-151,-150
111,101
-163,-163
101,116
111,116
-123,-112
-110,-103
-102,-107
-212,-220
105,100
-122,-136
-232,-250
-110,-104
-200,-258
-116,-136
-190,-194
-140,-137
-118,-111
-155,-148
-115,-105
-215,-220
-108,-121
161,171
-136,-136
121,130
119,128
-140,-137
-113,101
118,126
-145,-133
-157,-164
-221,-228
169,162
-183,-190
-135,-136
169,151
213,196
-160,-150
155,152
199,199
-146,-163
-145,-144
137,143
-136,-134
-177,-186
-190,-230
-180,-185
-110,-113
-149,-175
-148,-157
181,165
224,234
-165,-160
136,137
129,141
-115,-130
-128,-137
-155,-137
-155,-137
104,102
-150,-136
-205,-243
111,104
-161,-177
-128,-118
-108,-114
-115,-109
168,162
-113,-108
-118,-112
121,122
-118,121
-115,-121
-160,-161
105,101
215,200
-157,-159
-185,-177
116,136
-138,-123
-138,-141
178,182
146,135
141,130
-136,-133
-110,106
-163,-147
-225,-211
-140,-148
123,118
140,131
-170,-167
-160,-150
-125,-116
-140,-141
-165,-170
183,185
191,159
-104,100
-106,-107
127,129
160,162
-127,-144
-150,-147
162,165
119,-106
-175,-184
-155,-151
146,147
-116,-122
126,128
-110,-104
-243,-274
-158,-147
-161,-172
-145,-138
106,107
-161,-172
-149,-159
133,132
-248,-215
-121,-109
-215,-199
104,104
-183,-164
-133,-119
-109,104
-245,-235
104,104
-107,-112
-158,-165
138,134
-172,-176
-210,-200
-113,112
-106,-102
-120,-119
-170,-152
126,142
-183,-164
-185,-163
152,137
-123,-109
-301,-248
-132,-154
116,102
-134,-138
102,-102
-195,-225
-180,-168
-108,-123
124,126
-102,113
-185,-163
138,160
-194,-176
113,127
108,109
-148,-156
-111,-117
-114,-119
-185,-187
-102,110
-101,-121
141,135
-178,-200
-114,102
-163,-173
-210,-205
119,122
-130,-138
-235,-235
-120,-108
108,-107
-180,-190
-185,-185
-290,-301
-102,104
-181,-205
-153,-142
129,131
144,140
-253,-255
132,128
-181,-203
109,110
-109,-110
-180,-192
-127,-133
-103,103
-153,-142
-142,-139
129,131
-110,112
-170,-182
-125,-139
-113,-102
113,102
-150,-152
-113,-102
-180,-205
-124,-114
-103,113
-135,-141
-130,-142
128,133
-165,-168
-128,-107
169,178
-205,-225
116,116
-142,-165
203,182
-176,-176
110,107
-139,-141
-125,-123
100,119
-168,-168
-210,-206
115,125
122,128
-195,-177
143,141
-126,-117
-120,-126
-135,-151
151,146
113,113
-116,-115
-162,-174
-188,-189
-108,-105
-105,102
-172,-179
-105,101
101,-109
-185,-192
158,181
126,130
-123,-101
-155,-154
192,171
106,-115
110,108
-162,-174
-134,-131
110,106
-117,-116
-250,-240
141,154
-190,-174
-195,-232
187,168
122,143
112,127
135,125
-172,-176
-117,-122
-210,-219
-135,-149
-146,-139
-177,-177
-159,-165
-123,-122
-128,-115
-106,112
-108,-111
125,115
106,105
110,103
-107,-105
-159,-168
-175,-173
-145,-155
105,-101
-143,-140
-145,-148
-135,-125
-136,-124
106,112
-146,-143
-156,-149
-135,-140
-119,-118
-150,-160
-124,-124
-121,-126
105,106
-178,-179
-179,-169
-121,-130
-115,-109
-133,-127
115,126
-105,-121
-170,-175
-110,-105
-140,-142
138,142
105,103
152,130
-163,-128
180,138
-125,-118
-165,-179
-105,120
-200,-210
-115,-125
115,114
-140,-149
110,-105
-135,-125
-105,-102
100,-105
-175,-163
-105,116
-160,-143
-205,-180
-110,-106
-115,111
-115,-117
160,146
109,109
-125,-105
-105,-123
-115,104
-109,-120
-105,112
-105,-109
-190,-164
115,121
-125,-128
-170,-169
-115,-114
-125,-111
-120,100
120,116
100,121
-110,-112
-115,-110
120,115
140,143
130,150
-130,-128
-120,-102
-170,-143
-110,-120
105,123
155,130
-220,-240
-140,-164
-140,-111
105,-105
100,101
155,160
-115,116
-120,-105
-105,-101
145,138
-210,-220
-250,-225
-120,-103
-130,-106
-115,-105
157,155
-115,-122
110,104
108,109
-131,-130
-136,-136
-125,-124
107,111
154,163
-137,-134
-230,-210
111,110
-122,-117
-178,-170
105,110
138,132
125,123
-104,-105
-115,-105
117,113
-137,-134
-231,-215
115,112
-115,-120
-142,-160
-108,-113
-185,-175
-185,-183
-137,-136
-122,-115
103,100
-199,-183
-124,-121
-172,-190
-156,-145
-170,-172
-126,-125
-116,-123
144,139
-117,-123
-140,-132
-161,-149
-187,-185
-118,-108
-140,-139
-125,-109
-166,-153
-107,-117
-143,-137
-108,100
-160,-139
-145,-134
-134,-124
149,146
-160,-177
-110,-114
-156,-151
-173,-162
-108,-106
112,100
-106,-108
-203,-193
-145,-145
-188,-185
-113,-103
-160,-140
-214,-203
105,108
165,140
-135,-112
172,159
-250,-250
-178,-185
-166,-170
-193,-177
104,100
-128,-122
-128,-119
-110,-111
-127,-128
-151,-154
-118,-119
115,104
107,-105
-173,-161
-121,-123
-236,-241
-101,-111
-190,-186
-135,-131
-186,-175
-117,-121
-140,-136
-119,-114
-148,-154
-125,-128
-125,-118
-106,-121
126,111
-190,-195
-168,-173
-240,-220
-128,-115
-164,-161
-104,-101
-169,-160
-148,-148
-114,-105
-115,100
106,127
-130,-134
-159,-153
-151,-148
-145,-147
-155,-157
-125,-115
-210,-200
-200,-209
111,107
-116,-125
106,122
111,120
-145,-169
112,101
112,120
108,104
-132,-142
-114,-109
122,119
-173,-174
-104,-103
125,122
-133,-140
125,134
101,102
-103,-103
109,-106
-193,-172
104,101
122,117
-130,-130
-130,-121
-160,-145
183,190
-193,-193
-114,-113
137,131
-109,-102
115,126
-103,-103
115,-101
-146,-143
-161,-185
111,105
137,132
-103,-118
-151,-143
122,117
-163,-166
-108,-106
120,111
122,120
106,102
-107,103
-132,-133
142,146
102,106
-225,-221
-108,-115
-105,-126
-107,103
102,101
-107,-108
-149,-145
107,114
144,140
104,101
-108,-108
104,114
-135,-145
-130,-124
-135,-136
108,-111
-185,-178
-101,-103
131,124
107,111
110,125
106,113
-101,101
-115,-108
112,110
120,114
106,113
106,124
-190,-188
-147,-138
-115,-135
-105,108
-102,-116
-129,-124
154,150
-105,100
126,124
-163,-160
-122,-101
-111,-110
-148,-159
-196,-210
-121,-113
109,108
107,104
125,138
-130,-130
103,-101
-260,-235
116,112
-128,-136
-126,-114
-132,-121
-150,-156
-130,-119
-181,-172
-115,108
-198,-185
-134,-146
-198,-178
120,131
-117,-118
-105,106
-146,-145
-119,-128
-198,-197
-149,-149
-135,-138
-132,-122
-141,-136
-165,-152
-177,-175
-150,-174
107,114
-107,104
-168,-167
116,109
-102,-106
-177,-193
-193,-200
109,103
-121,-107
106,-103
-109,100
-155,-160
-160,-175
-140,-140
-120,-130
101,108
-160,-173
-165,-161
-164,-166
-136,-130
-109,-106
-232,-225
106,106
-160,-142
-173,-164
-124,-130
139,122
-138,-137
-177,-169
-130,-139
-156,-154
-162,-142
-108,-111
105,106
-154,-162
122,124
-166,-159
-125,-108
-182,-170
-200,-200
126,128
-121,-118
-175,-165
-152,-155
-125,-111
-120,-104
-270,-295
148,148
-115,148
-232,-247
-137,-145
-160,-154
106,103
-164,-162
-204,-201
-120,-118
100,102
-134,-137
-115,-110
104,111
130,121
-118,-124
-153,-156
-175,-163
-119,-134
102,102
106,-101
-154,-153
-107,-115
126,136
112,109
129,120
-111,-104
-137,-137
149,150
-185,-180
-178,-177
133,142
133,127
-121,-122
-145,-138
108,117
-130,-114
-129,-136
-108,100
107,110
124,126
-156,-143
-204,-185
150,128
-151,-142
-122,-121
138,122
134,136
-160,-145
-104,-108
107,109
-147,-159
-155,-166
116,128
107,112
-106,-108
-141,-139
-125,-139
113,114
-161,-173
-113,-107
136,136
157,155
-124,-139
-135,-135
164,157
116,114
102,110
-135,-135
-105,-105
-110,-110
122,120
100,104
-180,-172
-141,-153
109,112
136,122
155,154
-109,101
109,103
-139,-136
-129,-116
-115,-102
183,183
145,160
-178,-179
-195,-210
-130,-141
-114,-124
117,-102
103,111
105,-102
123,136
114,100
136,147
-102,-108
-104,-109
-130,-118
111,135
143,138
-201,-186
-120,-124
107,-104
-126,-140
134,149
-106,-126
116,122
-146,-140
104,124
-145,-137
116,122
139,145
152,147
-148,-159
-128,-140
-101,107
-118,-120
-166,-159
116,114
-135,-147
-130,-126
-118,-138
-163,-149
-136,-135
110,111
120,103
131,124
104,-105
-161,-150
-125,-136
-172,-164
-135,-157
-123,-123
124,118
-133,-127
-145,-160
-132,-141
-185,-177
-185,-204
-105,-105
122,132
125,129
-125,-131
-127,-131
-145,-151
-114,-114
-132,-120
-142,-145
155,152
-113,-138
-124,-115
-142,-140
-225,-248
-200,-200
-140,-159
117,111
145,140
-120,-127
-155,-147
-155,-156
-135,-125
114,110
-122,-107
113,112
-173,-163
-181,-176
130,136
104,109
-193,-193
-174,-190
-150,-148
-171,-168
-135,-145
-118,-118
-180,-165
-116,-108
123,127
-146,-159
-126,-111
-210,-213
-230,-220
132,126
137,142
-155,-157
-188,-186
-216,-193
-180,-172
100,106
-104,-108
-125,-130
-141,-137
-116,-113
-133,-126
-109,-106
108,-102
-110,-113
-177,-170
117,116
-216,-227
-145,-153
-145,-134
108,-102
-104,101
-115,-119
-117,-125
-123,-121
-150,-150
110,115
-139,-150
-117,-123
128,130
-207,-206
107,106
-172,-166
157,149
-135,-148
-146,-145
-129,-117
157,159
100,112
-130,-120
-106,-111
-144,-148
-133,-127
-134,-160
-106,-121
-136,-130
-147,-159
-106,-102
-230,-235
-132,-132
111,116
145,132
125,157
-104,-106
-105,-118
-103,-106
103,115
-135,-133
-164,-149
101,104
-172,-176
-203,-220
-122,-130
-161,-162
-154,-175
-139,-142
154,161
113,117
105,104
-150,-149
-156,-146
-140,-143
114,102
-162,-181
-103,-117
-212,-215
-167,-148
-148,-140
-171,-171
-142,-138
113,106
149,152
-102,101
-109,-101
106,-104
-106,-106
-172,-154
-154,-161
-111,-128
-103,-113
-185,-176
-106,-111
136,126
-149,-148
108,118
143,137
108,104
113,107
-121,-118
-126,-118
-107,-116
-176,-169
-131,-135
-165,-143
-122,-126
-156,-155
-104,-107
153,138
-132,-134
-146,-140
146,138
103,101
106,-113
-130,-129
-154,-147
110,105
-200,-217
-110,-122
-145,-142
-105,-104
-218,-221
-125,-142
135,122
-113,-123
-153,-149
107,111
-120,-119
152,149
-150,-138
-130,-130
-130,-140
-153,-140
116,110
-116,-126
-125,-117
-148,-156
127,126
-224,-223
-122,-120
-116,-120
136,134
110,111
-117,-113
-141,-147
-155,-145
-134,-132
-155,-140
-130,-138
-116,-120
-139,-160
-145,-148
122,130
-118,-122
-117,-115
114,116
161,146
-160,-161
-150,-156
-126,-122
-119,-113
-174,-172
122,112
136,130
-115,-115
-155,-140
-170,-184
106,107
-141,-134
-138,-138
-120,-127
105,105
-108,-110
-140,-142
104,-106
-106,-107
-192,-186
-117,-120
111,110
-140,-141
-109,-106
-103,-102
-135,-126
-125,-142
-131,-131
-110,-106
-127,-142
-120,-131
128,120
-141,-140
-199,-203
-119,-125
-111,-113
-125,-142
-118,-122
-127,-133
-155,-167
116,122
141,143
-147,-137
-135,-142
-130,-135
101,101
107,107
-147,-142
-178,-175
-104,-107
-130,-141
-113,-111
-130,-147
-132,-140
114,110
-131,-138
-153,-165
-118,-111
-159,-156
-109,-103
-116,-114
126,139
-126,-136
-210,-230
-117,-130
-165,-155
-136,-133
-113,-121
109,103
112,106
-162,-166
-110,-115
-163,-172
116,118
-107,105
105,-119
-135,-123
155,140
-151,-137
-140,-151
-135,-123
100,102
111,113
-108,-105
-130,-122
-147,-149
102,106
-159,-152
119,121
-150,-155
-133,-142
-135,-142
104,101
-127,-139
-140,-130
-152,-145
-102,-104
-102,100
112,108
-134,-135
-148,-161
-119,-127
-134,-126
135,122
101,100
-118,-113
-135,-131
-170,-170
-118,-105
-105,-105
-170,-165
100,-107
-101,-109
-125,-131
112,113
-140,-137
-149,-149
-106,-101
-120,-119
120,120
-130,-123
-150,-167
-145,-150
-150,-156
-141,-154
-180,-180
-120,-124
-155,-156
-145,-145
-135,-151
-103,105
127,125
-121,-127
151,154
100,-103
-142,-147
-160,-180
-198,-193
-160,-150
-132,-141
-110,-104
-153,-165
-149,-151
-172,-177
-148,-162
122,108
122,124
-139,-126
136,143
110,115
-132,-132
-142,-150
-117,-120
-117,-124
-185,-188
115,112
-163,-160
115,144
136,132
-141,-143
141,141
-145,-141
128,138
-135,-130
-138,-124
-133,-126
-141,-161
-132,-128
-120,-122
-132,-150
-147,-154
-129,-122
-162,-152
-113,-102
124,150
-168,-165
-104,-105
140,138
-122,-147
-136,-124
133,145
-221,-227
-145,-145
122,123
-150,-171
-140,-141
101,-101
-140,-151
-114,-108
-103,-104
-138,-139
110,-101
-113,-113
-131,-140
-120,-110
-126,-126
-155,-172
-114,-122
-101,-107
-177,-181
-150,-154
136,129
-159,-159
-113,-114
115,117
-130,-103
-145,-162
-113,-105
-108,-110
106,104
-152,-161
104,106
-172,-146
-106,-101
-169,-159
-167,-152
117,135
-166,-167
139,134
146,149
-166,-166
-115,100
100,-118
-146,-138
-169,-172
-153,-151
132,126
-159,-161
-110,-102
-118,-132
-139,-134
-107,-111
-210,-195
-110,-106
-118,-106
-145,-151
-110,-104
149,134
-140,-145
-148,-145
136,137
-150,-145
-127,-119
-125,-118
187,203
-129,-115
111,-106
-126,-125
-109,-106
-143,-134
-105,-104
-115,-140
-150,-146
-159,-150
104,119
-120,-122
-113,-118
-147,-148
-137,-149
-265,-235
-159,-167
105,-105
-125,-109
-119,-130
-127,-145
-119,-101
100,-110
-127,-152
-154,-159
133,136
-126,-132
-109,-108
-155,-147
-134,-134
-220,-193
-130,-136
-110,-111
110,106
-102,-110
-131,-141
-130,-130
106,-101
-122,-116
-117,-120
105,112
-111,-128
124,109
-163,-181
112,106
-210,-245
-185,-174
136,133
108,102
-115,-134
-140,-131
-128,-137
-113,-107
-197,-194
-176,-152
-105,-120
103,-106
-116,-111
-165,-178
-101,-110
161,161
101,-101
-137,-134
-151,-141
-200,-206
-102,-113
-223,-237
-155,-140
-119,-115
-120,-132
-101,-102
-154,-160
-205,-222
-149,-160
130,136
118,111
-130,-112
-145,-159
-121,-118
-174,-180
-123,-130
-138,-149
-153,-137
108,114
-113,-132
-121,-126
-155,-159
-149,-159
-121,-120
-170,-220
164,165
-155,-151
-172,-179
-130,-132
136,137
-159,-150
110,101
-134,-118
-185,-188
-200,-200
122,126
-185,-190
103,104
-155,-162
-126,-124
-180,-177
126,132
-114,-107
-113,-121
-108,-106
-118,-117
-119,-110
-138,-143
-199,-195
104,102
-254,-258
129,132
-145,-159
-119,-117
-200,-215
134,139
129,117
128,127
130,118
123,130
-149,-141
-115,-115
-121,-120
-109,-105
-163,-150
-115,-117
-247,-299
173,200
-165,-159
-130,-118
-147,-146
112,122
-120,-110
110,135
133,138
-121,-120
-139,-132
-125,-126
100,100
-173,-153
-141,-146
-109,-108
-126,-128
122,120
100,-105
-132,-132
-156,-130
104,106
-106,102
161,169
-147,-150
138,136
-130,-133
116,106
-150,-140
-187,-179
106,107
-134,-145
122,113
-118,-119
-138,-140
-145,-139
105,103
-119,-109
-165,-156
132,134
124,113
-130,-126
160,156
-183,-185
-137,-134
-128,-138
107,-108
105,106
101,101
103,-109
-113,-109
-130,-133
122,126
-138,-146
135,140
106,127
-140,-117
-105,-108
-179,-172
-114,-115
-145,-146
-125,-119
-132,-127
-190,-181
106,104
-110,-105
136,124
110,110
108,110
108,104
-140,-118
-149,-161
-130,-139
108,119
-115,-130
-122,-124
125,141
-198,-186
-106,-109
-200,-191
-136,-127
-114,-117
-138,-142
106,100
104,101
135,132
-125,-149
122,117
-124,-114
-110,-117
-145,-155
-138,-142
120,100
-184,-147
112,109
-192,-188
-115,-122
140,130
142,132
-139,-130
120,121
-151,-139
-142,-150
104,-107
-119,-111
-115,-113
-134,-137
-145,-142
-213,-210
-111,-130
-172,-161
-153,-142
-116,-113
122,105
110,124
-105,-116
-190,-203
-104,-114
-192,-210
-154,-146
-177,-185
-153,-173
-178,-162
-138,-140
-152,-163
106,104
-136,-148
124,140
-188,-182
121,123
-150,-164
-110,-118
-190,-176
-151,-153
-210,-162
104,-110
-117,-106
-145,-133
-126,-135
-125,-125
-104,100
-110,-105
-118,-124
-169,-159
122,149
-220,-203
113,125
-140,-139
-149,-145
-252,-259
-145,-156
114,128
-193,-192
101,-101
103,101
-142,-137
-139,-147
127,123
-182,-180
-121,-115
-131,-139
-132,-136
-177,-177
-137,-145
-119,-111
109,108
-115,-118
118,122
117,109
-230,-178
-169,-172
122,112
-207,-219
-138,-130
-175,-195
106,102
125,127
-149,-159
-101,-104
-143,-162
-140,-145
-137,-143
-155,-145
-130,-133
-102,-110
-179,-165
-146,-136
105,103
-200,-215
-143,-131
-153,-148
-154,-155
141,137
-220,-190
-130,-133
-139,-144
-117,-108
-116,110
-136,-133
-126,-142
-127,-121
-145,-166
142,145
-184,-196
-118,-108
-173,-178
-121,-120
159,159
-190,-203
-118,-127
106,102
-120,-127
-108,100
-129,-120
-125,-123
116,119
-106,-102
109,-102
-123,-128
-107,-101
-180,-190
-155,-161
-133,-131
136,149
-139,-149
-182,-195
-118,-124
124,143
-117,-127
-140,-133
-116,-113
-145,-166
118,109
-127,-127
120,120
-179,-166
-107,-114
-107,-114
106,113
-145,-163
-127,-128
-115,-113
102,105
-102,105
-101,103
-107,-106
-110,-109
153,151
-148,-141
160,160
-226,-216
100,-104
-117,-107
116,128
-145,-145
-159,-158
-119,-113
160,162
122,130
-120,-120
-130,-120
-130,-124
-127,-139
-127,-119
-118,-125
-103,-104
-122,-109
-106,-110
-107,100
-172,-169
-104,100
-120,-125
-158,-152
-105,-105
-170,-180
-152,-163
107,106
-126,-121
-121,-118
150,152
-120,-115
-130,-132
-143,-152
103,103
104,108
-226,-236
100,102
-130,-139
-150,-160
-162,-157
100,-106
110,106
-126,-130
-167,-178
-120,-117
116,115
-123,-131
-110,-118
132,137
116,124
-166,-160
-148,-146
-138,-145
103,-101
-138,-145
-186,-188
112,112
-152,-154
103,104
-125,-130
126,119
-117,-111
-142,-145
-127,-128
-164,-181
-143,-150
-101,-104
-108,-109
-176,-190
-141,-150
-122,-118
-146,-155
115,118
-177,-180
-117,-123
-135,-145
-177,-179
-108,-111
-108,-111
-145,-156
110,107
-140,-135
104,-103
-140,-140
-200,-211
120,119
-114,-107
-124,-125
122,117
-145,-145
-125,-127
113,113
-137,-125
-130,-145
-126,-121
-125,-126
-200,-208
-102,104
-116,-109
-224,-228
-153,-149
-135,-133
-120,-155
171,165
-180,-195
-145,-140
-102,104
-170,-186
-124,-121
-152,-155
-123,-126
-138,-149
146,140
-200,-215
-200,-210
-128,-140
-191,-198
-120,-130
149,164
-152,-155
122,126
-101,103
-106,-116
-161,-165
125,124
-196,-177
112,111
-180,-176
-129,-135
-130,-146
-169,-172
-118,-126
-130,-123
-175,-174
-124,-130
-113,-109
112,107
-125,-132
-120,-130
138,132
-172,-190
124,127
-241,-214
-150,-146
-138,-134
-215,-185
161,153
-132,-126
-188,-172
119,129
158,159
156,152
-116,-110
-137,-130
-155,-187
-107,-103
145,152
101,103
-124,-145
-169,-163
-130,-134
104,105
-119,-134
-114,-113
-124,-116
-179,-185
-135,-137
-103,-109
100,107
137,146
-134,-146
159,144
-164,-163
-127,-128
-186,157
-192,-180
144,135
116,114
100,128
100,-107
100,103
-174,-185
-109,-105
-118,-125
145,159
-135,-136
103,100
-169,-159
129,118
-156,-159
-144,-152
150,148
-115,-108
134,130
-179,-180
104,106
-109,-107
-107,-125
-108,-109
138,124
-164,-166
140,130
-180,-170
140,138
-144,-153
-115,-116
-169,-164
119,116
-118,-114
-144,-152
-180,-167
-183,-186
125,109
-145,-145
121,119
-104,-104
-103,-102
-119,-123
-172,-169
135,136
-120,-116
118,122
-145,-175
-247,-259
-146,-172
-138,-135
-105,118
-168,-167
131,116
-109,-117
-117,-116
-165,-173
-123,-113
-189,-185
114,110
-102,108
-106,-104
-190,-180
-255,-244
-171,-169
-135,-124
111,117
-172,-159
117,126
-123,-117
107,107
-115,-118
-125,-140
-165,-190
-177,-210
-130,-127
-109,-104
-188,-202
137,141
-122,-134
-142,-140
126,133
119,128
-163,-169
-154,-159
-145,-161
-142,-140
-264,-281
-147,-150
-179,-177
122,122
-140,-132
-250,-238
141,138
168,163
-125,-172
-125,-109
-140,-140
-137,-135
-273,-305
-185,-191
-167,-179
-185,-210
-200,-195
-187,-192
-133,-136
-130,-117
-145,-149
145,140
140,149
-157,-164
-105,105
-133,-146
-210,-235
-200,-180
-240,-210
-225,-225
-227,-235
-157,-174
-185,-203
124,121
-116,-114
-185,-178
146,135
128,128
-160,-169
142,155
110,-102
107,104
-131,-136
-132,-138
-172,-192
-215,-214
-115,-122
-163,-179
-131,-130
-115,-111
123,136
164,173
133,126
-125,-114
-138,-136
-134,-134
-101,105
-178,-176
-152,-147
-198,-192
-114,-107
-102,100
-126,-134
-185,-210
-111,-111
-185,-175
169,164
122,126
118,130
132,132
-125,-134
131,136
-200,-203
-145,-140
-208,-165
-126,-121
132,123
-125,-128
-120,-108
105,105
-130,-145
206,196
-122,-118
119,128
138,136
-132,-148
-175,-180
-114,-113
-134,-130
-186,-187
162,155
110,103
144,138
131,127
-225,-219
-132,-125
-129,-116
138,149
107,104
131,125
-118,-106
-141,-133
-111,-118
-120,-121
104,106
109,114
-103,-110
124,123
126,122
-220,-240
130,124
-137,-137
113,119
160,166
148,136
-147,-136
-165,-174
-231,-228
-135,-134
173,184
-131,-126
104,100
142,141
173,173
-150,-163
-137,-144
-121,-117
117,127
173,173
159,167
-151,-150
-166,-170
-255,-255
119,102
111,121
-113,-132
119,116
-193,-187
132,125
-177,-178
-126,-127
141,130
138,152
-190,-183
126,124
-105,-110
-122,-113
-116,101
-117,-107
124,109
-190,-185
149,148
-115,-121
116,106
108,104
-184,-178
107,-110
-151,-154
-170,-165
149,157
-131,-128
-119,-134
-174,-176
-123,-126
105,101
-190,-158
142,139
-125,-133
129,132
-106,-115
108,-102
113,114
132,119
-167,-182
-133,-127
-119,-105
113,107
-145,-138
118,124
116,136
-125,-113
-128,-131
-145,-150
-116,-109
108,106
-195,-185
113,-104
-120,101
169,162
-284,-273
-139,-130
143,136
-197,-187
-131,-123
-118,-138
-122,-108
-127,-132
-158,-146
-158,-140
-152,-148
141,143
-165,-163
155,153
-204,-188
155,149
-199,-179
-125,-108
136,127
-204,-188
-155,-151
-126,-120
-145,-137
-123,-113
-142,-135
-105,104
-161,-162
-101,-102
-145,-145
122,125
180,176
-176,-168
-155,-166
105,-103
-258,-253
-123,-130
114,127
-116,-109
-117,-117
-210,-210
-117,-130
-154,-159
118,116
-144,-143
156,143
-135,-125
-170,-174
-150,-153
-145,-163
-110,-116
-210,-237
-145,-147
-164,-177
104,-105
-145,-134
-156,-153
-172,-169
101,104
-159,-141
-190,-180
-184,-200
-149,-148
-210,-200
-155,-153
-180,-161
-245,-247
-258,-255
-155,-168
-108,101
118,118
-113,-119
-210,-226
114,114
106,-104
-195,-200
-230,-220
-108,-110
-120,-122
-165,-156
-190,-187
-265,-280
-196,-186
-169,-172
-135,-123
121,147
103,-106
-185,-186
-190,-187
-101,105
106,113
-110,-109
-136,-150
-301,-309
-175,-173
-301,-285
-180,-186
-105,100
-118,-118
-154,-161
-210,-220
-219,-220
-175,-192
106,-115
-215,-253
209,226
-175,-190
-178,-178
-186,-162
-123,-118
-108,-102
110,107
-105,-110
-150,-162
-101,-117
-180,-200
-280,-305
103,-151
-103,-125
-231,-210
161,159
-151,-143
-175,-165
-175,-174
103,103
-108,-108
-110,-105
-137,-135
-120,100
111,-103
-159,-161
-143,-150
-136,-141
-113,-127
-225,-210
136,131
-156,-148
-159,-151
130,122
-115,-120
150,125
-113,-113
-111,-114
-112,-109
170,139
121,115
125,122
151,138
109,112
111,102
-215,-243
145,152
-185,-201
134,126
105,104
189,171
153,150
157,147
-145,-138
109,108
-134,-143
196,180
106,115
-127,-123
-235,-217
172,161
115,112
-185,-235
-130,-116
113,102
120,116
122,113
113,106
-165,-121
126,124
-102,-102
146,141
107,-102
-153,-138
-240,-250
121,114
-203,-193
-150,-176
-106,-108
108,114
136,145
-108,102
-104,-101
-125,-141
161,161
-109,-106
141,139
132,139
-118,-119
-202,-186
-180,-168
-138,-130
172,172
145,135
-102,-110
-123,-123
-111,-109
167,171
-105,-105
106,106
146,136
-132,-132
-137,-139
-136,-150
-152,-138
-162,-150
-149,-158
151,145
-132,-132
-140,-137
-110,-108
-121,-130
-110,-113
141,135
-111,-113
131,144
150,143
156,171
-119,-118
-140,-149
-162,-175
-160,-168
162,139
-145,-147
-142,-140
-110,-103
-156,-160
-111,-103
165,159
-163,-160
164,171
141,143
-101,104
-105,102
-110,-110
101,-109
-188,-185
-215,-220
-237,-248
-190,-190
128,119
-150,-173
-103,-113
-157,-152
-210,-193
-162,-180
146,145
110,122
-121,-117
-109,-107
124,113
-205,-205
-189,-178
-190,-170
-203,-197
113,113
-143,-144
-127,-134
-150,-142
-175,-162
-235,-230
142,139
-101,106
-150,-153
-118,-105
-117,-123
-240,-246
-210,-192
-210,-200
-187,-190
-120,-105
-184,-195
-118,-113
-138,-125
-101,-106
-150,-137
148,141
-230,-250
-200,-210
-122,-113
-110,100
127,113
-124,-114
100,-109
-191,-182
-128,-131
-203,-193
106,-103
-250,-250
-209,-188
-160,-136
-115,-102
-135,-129
-108,-104
-135,-141
-116,-109
-145,-136
110,108
150,150
-154,-138
-116,-114
129,117
-162,-160
-210,-191
-200,-173
-144,-145
-115,-116
145,146
118,124
118,124
-134,-137
-236,-244
-128,-105
117,118
-168,-180
-115,-109
-236,-244
-159,-153
-155,-155
-315,-310
-118,-113
-122,-106
-121,-131
-118,-111
106,109
-147,-137
-139,-146
106,113
-106,-109
-114,-123
101,110
-140,-133
-155,-155
-172,-165
126,128
106,109
136,140
106,101
-113,-102
-223,-235
-111,103
-211,-237
-133,-123
126,125
119,122
-137,-140
-152,-150
-157,-159
136,142
121,116
122,118
-114,-109
-139,-134
110,108
-242,-247
132,130
-165,-169
106,112
-124,-131
138,140
-123,-130
-139,-135
-117,-130
120,-101
113,120
112,106
-110,-113
-217,-235
101,108
136,136
-138,-146
126,132
136,145
-120,-119
-104,110
149,156
-147,-136
-126,-141
173,156
122,122
-172,-185
190,190
-155,-151
187,200
135,121
-243,-200
122,128
-126,-127
-123,-120
-160,-135
141,138
-130,-133
-113,-122
-103,108
132,122
-140,-143
127,119
-180,-165
149,163
140,138
-183,-171
-148,-147
-119,-114
-105,102
-125,-114
149,155
-140,-149
-123,-113
118,115
116,119
-159,-158
124,112
-154,-136
185,192
112,115
-230,-250
-115,-120
111,122
-125,-125
101,104
107,109
122,130
113,118
-185,-185
-204,-223
-101,-102
-113,-109
125,143
113,127
-175,-159
-101,101
140,146
-195,-174
-279,-325
118,113
-130,-139
-152,-147
-154,-156
-136,-124
-155,-141
-200,-205
133,125
-143,-153
-169,-180
146,137
130,135
-245,-227
-240,-213
-155,-141
115,110
-132,-133
-170,-175
122,128
-136,-153
-117,-160
-200,-205
110,104
-190,-219
-107,-113
160,132
-180,-163
-227,-230
-127,-119
113,100
-134,-138
-135,-145
-117,-111
-121,-138
-235,-230
126,130
-110,-107
-127,-109
-128,-130
-123,-113
-130,-150
-127,-136
-122,-135
-165,-172
107,100
-150,-152
160,170
122,108
-200,-203
-101,109
-119,-119
107,107
-165,-178
-130,-138
-142,-185
-160,-176
-147,-160
-205,-220
-145,-160
121,122
-160,-177
143,148
155,161
-177,-180
-243,-200
136,122
-160,-165
122,122
-214,-205
-125,-128
-107,-110
-138,-131
129,120
-243,-200
-155,-154
128,127
125,143
167,166
131,133
-190,-235
-270,-255
-185,-182
140,161
-243,-255
-128,-145
163,158
-158,-169
-107,102
187,192
-185,-182
-149,-140
-127,-143
-195,-186
-250,-301
-191,-172
105,111
-140,-145
176,180
-152,-149
104,-102
-237,-240
136,135
154,150
-193,-169
-144,-142
-150,-156
-125,-156
-163,-154
-145,-145
-154,-149
-113,-109
-133,-130
203,219
-138,-130
-109,-111
-134,-154
176,164
114,119
-180,-168
-133,-123
-122,-104
-148,-148
-172,-190
-209,-205
106,123
-145,-166
125,121
-210,-204
-185,-195
-207,-197
-101,100
126,124
-104,103
-200,-185
-193,-172
120,104
-290,-255
134,122
-265,-285
-109,-130
181,170
-175,-159
139,127
-187,-185
-107,100
109,106
-140,-133
-198,-181
-203,-193
133,113
-203,-210
206,224
-248,-278
-126,-126
178,170
-190,-190
127,106
-159,-154
118,117
-125,-120
-116,-117
-117,-122
-117,-122
-220,-195
-203,-185
128,134
-234,-238
161,140
-243,-243
-138,-135
186,158
-293,-276
150,149
-204,-191
-113,-122
153,156
-133,-145
-106,-102
124,122
-130,-140
-220,-280
114,106
-140,-140
-185,-200
120,111
-113,-101
-130,-138
-170,-128
-145,-151
-150,-166
107,100
-130,-134
106,126
-103,-150
-145,-141
-175,-177
-121,100
-130,-126
-155,-177
-113,117
-105,-130
-153,-140
141,173
-184,-155
-148,-125
-185,-180
130,150
171,185
-137,-137
106,106
-330,-320
-110,-132
138,130
-190,-210
-110,-105
-118,-123
-146,-149
-122,102
-102,-102
-190,-139
-176,-188
-107,-102
-193,-231
-173,-163
-193,-190
-121,-124
-155,-155
147,150
-145,-147
-101,-118
124,118
-101,-106
-130,-131
-142,-139
-104,-105
-165,-172
-145,-147
-113,-113
131,120
-149,-161
-123,-123
103,-105
-198,-210
-130,-127
-131,-128
-132,-134
-130,-125
-120,-111
-177,-177
-122,-118
109,106
-131,-133
-156,-153
-113,-124
-138,-130
153,157
114,105
-147,-150
-147,-138
135,157
-120,-114
-135,-127
170,166
-145,-138
-230,-250
-115,103
-135,-145
-105,-116
100,-107
-165,-149
-150,-147
-135,-105
-185,-157
-130,-133
-110,-117
145,158
-130,-159
-160,-174
-110,-107
-115,-120
-145,-130
-110,-119
-125,-135
135,139
-130,-143
-270,-230
-105,-148
-130,-140
-130,-146
-105,-108
170,155
-170,-170
-140,-139
-130,-130
-130,-110
-135,-111
-120,-117
-140,-145
130,130
-120,-116
-260,-220
-130,-122
-145,-147
-135,-157
-170,-180
-120,-117
-180,-197
-170,-150
-170,-148
-160,-152
-190,-175
115,125
-145,-148
-140,-140
-115,-116
-115,-125
-130,-120
-160,-138
-115,-122
-230,-198
-130,-123
-125,-103
-160,-170
-160,-156
-144,-167
-150,-138
-200,-182
115,123
-235,-195
-140,-139
125,129
-135,-123
-125,-128
-150,-135
-115,-108
-138,-130
-139,-128
-180,-190
-142,-127
-161,-177
-180,-199
142,138
-146,-131
-150,-142
-165,-159
-137,-128
104,-106
-131,-125
-131,-120
-108,-109
-137,-144
-163,-178
-115,-116
-130,-148
-125,-113
-150,-143
-152,-150
-107,-117
-113,-113
146,145
-165,-163
-154,-148
-147,-124
131,117
-109,-106
-143,-148
-101,110
-153,-142
-147,-141
-145,-128
-116,-118
-185,-195
150,147
-111,-115
-130,-152
-137,-142
-158,-150
-138,-126
109,112
-141,-152
-125,-129
-177,-175
-126,-120
-125,-133
103,111
-120,-128
147,140
-163,-164
-112,-127
-150,-141
147,145
-136,-144
141,118
-126,-131
-152,-145
-134,-137
-154,-145
-136,-143
104,-113
101,-106
104,104
-190,-200
138,139
104,-103
145,128
-104,-101
109,114
-137,-143
143,136
-147,-160
-117,-107
126,115
147,128
103,110
114,121
-186,-181
-123,-125
-105,113
109,107
-131,-123
140,124
-132,-134
-173,-163
138,133
-153,-140
-123,-113
119,115
135,150
-101,100
116,121
-215,-225
-120,-122
104,-102
-146,-137
-109,-119
124,122
-165,-155
117,120
-101,121
-188,-192
113,106
107,111
-137,-140
-131,-116
161,170
-183,-170
-133,-148
115,126
-133,-129
101,104
-212,-230
-176,-173
-133,-148
-152,-157
-120,-120
110,119
-147,-152
153,149
115,-115
134,153
-178,-177
-156,-144
-133,-130
-175,-180
-184,-170
-125,-133
117,104
111,106
-133,-119
152,136
-120,-116
-104,104
-250,-253
-117,-105
118,103
126,109
-155,-185
-110,-113
115,121
128,124
123,104
151,146
-103,107
-120,-108
-130,-121
119,104
-102,107
100,109
-225,-255
102,-117
-237,-210
-205,-220
111,-104
104,112
-107,-124
-110,-110
-109,-114
-125,-109
136,118
-112,-109
-103,102
-102,-110
-140,-137
-109,-114
-230,-220
-160,-169
-128,-130
-169,-145
-185,-170
143,132
102,100
-135,-133
-146,-151
-139,-113
163,149
103,-105
-107,-113
-146,-151
-112,-125
-240,-243
-149,-144
101,104
-151,-130
-166,-157
138,122
-142,-152
106,-108
-137,-131
-119,-117
-157,-159
-102,107
115,-101
-114,-130
-125,-130
160,150
-102,106
-105,-116
-110,-125
105,111
109,108
-148,-145
-135,-135
109,108
-160,-172
132,131
-148,-145
110,115
-166,-180
-117,-113
112,115
-102,112
104,-110
106,103
-156,-155
-156,-155
111,108
-167,-163
-125,-130
-175,-172
-161,-169
120,103
-121,-134
-165,-151
106,-103
-157,-143
145,136
110,117
-127,-107
-122,-132
-127,-133
-121,-128
-261,-274
-179,-170
106,121
-125,-130
120,-104
-141,-134
-174,-180
109,106
132,116
-123,-134
-125,-121
-116,-120
-117,-128
-261,-244
-110,-115
107,-102
-131,-135
108,106
-105,-136
104,-109
-196,-184
129,126
-152,-138
-168,-148
107,-104
-135,-147
-101,-106
-156,-160
-173,-148
-270,-265
-133,-125
-132,-129
108,-105
107,109
136,128
-167,-146
-114,-106
125,104
-111,-113
-135,-144
-136,-148
-108,-106
-111,-113
-143,-150
-188,-208
-153,-176
106,109
105,117
126,136
123,108
-103,102
114,107
-196,-199
-112,-102
-113,-126
-142,-145
-251,-223
-235,-224
-145,-152
-106,-104
120,122
142,133
-125,-132
-128,-125
-108,-101
-143,-156
-107,-104
-184,-188
-267,-250
-248,-244
107,-101
-132,-123
102,103
-122,-125
-109,-111
114,104
108,112
-138,-140
-132,-143
110,103
-127,-143
-108,-109
-119,-113
-215,-180
-228,-220
136,118
107,106
-101,-111
108,102
-115,-135
119,122
-152,-135
-110,-114
124,111
129,121
-139,-141
-115,-120
-136,-155
163,153
-128,-123
-166,-148
-196,-253
115,107
100,-110
113,112
-125,-128
-126,-123
-102,-118
174,185
121,129
-148,-145
-164,-187
-142,-140
112,125
-119,-131
-162,-160
105,122
-104,-105
110,109
-146,-147
-150,-130
-148,-153
116,101
170,190
-138,-150
100,-115
-114,-126
107,120
115,120
126,128
-122,-135
-223,-207
112,111
-115,-128
-146,-159
-117,-130
141,122
254,250
-138,-117
-138,-148
-154,-155
-132,-134
-102,-114
-111,-101
-154,-164
-108,-130
-179,-190
114,110
-140,-138
-118,-102
-164,-184
-224,-195
-125,-118
-139,-132
-150,-135
-102,-105
170,154
-120,-111
-159,-162
-120,-120
-163,-171
-192,-175
-106,-124
-105,-103
-132,-137
-141,-131
117,121
-128,-137
105,106
-128,-117
126,135
-103,-128
101,104
-104,105
-139,-145
-155,-153
-171,-171
-135,-123
-120,-111
-145,-145
-103,-102
105,108
-183,-160
-113,-115
-170,-175
114,109
136,142
-120,-118
-111,-109
-160,-158
112,103
112,102
-114,-118
-111,-118
-156,-147
100,-117
-113,-118
105,107
-140,-125
-191,-180
-135,-141
-115,-118
-170,-150
106,104
-169,-168
185,185
-200,-207
-161,-160
-136,-137
-136,-118
-106,102
-127,-137
101,-112
-197,-189
-236,-237
-163,-180
-184,-188
-196,-184
-139,-151
-105,102
-107,-103
-124,-115
-152,-140
228,244
-175,-190
-116,-121
-101,-110
102,-104
-173,-170
-121,-140
-165,-181
-159,-150
-117,-115
-115,-124
-195,-210
-144,-148
144,130
-200,-220
-158,-153
107,110
-138,-139
-138,-139
-114,100
106,102
-118,-120
-293,-305
-130,-137
-146,-148
-122,-119
-187,-190
114,112
-131,-136
-143,-129
104,103
-129,-111
-290,-277
-119,-122
-103,118
-125,-140
-113,-111
105,105
102,116
-122,-130
152,154
-142,-171
-188,-179
-111,103
-123,-123
-117,-133
-125,-133
-349,-350
-113,-103
-122,-105
-148,-152
-116,-123
103,-113
-164,-160
-110,102
166,165
-208,-190
-140,-142
-148,-135
-133,-142
-114,-113
-141,-142
-155,-187
104,-105
128,142
-225,-247
162,150
147,129
-115,-118
-125,-123
-203,-184
111,100
-133,-127
120,130
-159,-156
100,107
-113,-108
-143,-129
128,123
-113,-122
143,134
-162,-166
118,112
-137,-131
114,122
-256,-252
-131,-134
-170,-163
-160,-155
-140,-130
-160,-152
105,104
-124,101
-114,-121
128,125
-109,-103
139,148
113,118
-114,-113
-116,-126
-186,-170
-152,-169
-190,-196
-154,-145
102,-104
-120,-127
100,103
-120,-134
143,138
126,141
-120,-113
-101,-102
133,140
146,139
160,148
-163,-146
129,125
-140,-130
-101,-105
138,133
-125,-141
-150,-145
161,161
124,104
-125,-116
-107,-103
-140,-150
109,102
117,126
120,126
-190,-190
-114,-110
-205,-197
-151,-159
134,138
-113,-110
128,132
102,-101
123,124
-126,-120
132,132
-128,-131
-102,-113
131,142
171,192
-184,-174
100,103
-131,-114
-177,-188
106,-101
-150,-150
-102,-117
-111,-106
151,156
-130,-115
-137,-124
-143,-149
-174,-159
-160,-121
108,113
153,149
-144,-142
-115,-113
-144,-136
-200,-170
-240,-205
-113,-110
143,143
-170,-171
-128,-138
100,-109
-106,-102
108,115
114,109
-130,-123
145,149
-166,-159
-182,-174
-121,-127
-208,-196
-210,-225
-168,-163
150,149
-152,-155
-126,-123
-133,-124
-106,110
-120,-129
-150,-146
118,107
119,108
-185,-175
-129,-132
-165,-158
-200,-186
-239,-258
-130,-119
163,172
-149,-156
-175,-174
-143,-146
100,103
-121,-129
-116,-118
-127,-121
-116,-110
-133,-159
146,138
-168,-188
105,-107
-155,-171
-188,-181
106,102
126,134
126,134
-113,-114
101,-108
100,102
-131,-115
105,108
-110,104
-145,-145
151,157
-230,-238
-126,-120
-130,-125
-151,-155
-108,-110
-102,-109
-103,-105
-120,-143
-133,-123
-120,-140
-127,-116
-128,-127
-138,-134
100,111
-214,-220
-178,-172
-101,120
-167,-171
-146,-152
-205,-186
-111,-108
104,127
140,150
-193,-180
-103,102
-143,-138
113,116
116,113
115,116
-220,-216
-160,-184
112,108
-159,-187
105,114
-147,-139
-127,-127
140,122
155,131
-147,-170
-125,-115
-113,-108
-172,-183
108,101
115,118
-241,-240
-205,-210
132,118
118,115
104,101
-128,-115
-102,-101
-124,-115
127,148
-150,-137
-136,-140
-114,-115
-162,-144
-121,-126
124,131
-225,-225
-127,-119
-133,-127
-127,-113
-150,-137
-136,-128
-107,110
-137,-145
-117,100
116,-105
126,118
-113,-115
-109,-112
110,109
105,105
-252,-244
-205,-208
-175,-172
-145,-145
-130,-110
-140,-127
-185,-199
169,190
-170,-164
-145,-155
-122,-114
-145,-123
-181,-183
-139,-119
-172,-188
-108,-120
-159,-145
-111,100
-109,-106
153,159
-183,-176
-146,-130
-164,-154
-130,-137
-206,-193
-159,-153
-129,-141
-133,-136
-118,-111
-164,-145
104,104
-157,-147
-150,-143
-136,-125
145,144
-149,-155
-160,-175
-191,-153
-132,-135
-141,-154
-133,-116
-143,-134
-116,-123
-117,-105
-207,-209
-103,121
-169,-164
-126,-135
-200,-218
138,148
-144,-142
121,124
-150,-128
-186,-188
-131,-131
-173,-167
-135,-145
-102,105
115,113
-110,-109
-194,-206
-231,-219
-120,-140
101,110
-164,-152
-135,-125
-101,118
-101,-108
127,126
-111,-103
149,170
-148,-163
-148,-163
126,138
-133,-114
-182,-166
-184,-176
-206,-207
-180,-175
125,119
115,123
102,-134
-118,-107
-130,-116
-109,112
-152,-142
145,149
-167,-185
-162,-150
154,156
-140,-130
-130,-121
-166,-161
-180,-206
-167,-185
118,122
116,117
-160,-169
-135,-140
-104,106
-134,-141
-144,-144
-148,-143
116,117
118,126
-121,-130
108,112
-153,-138
127,131
115,114
110,110
-196,-173
-220,-240
-121,-112
105,126
116,110
115,124
-179,-154
148,152
-109,-116
115,113
102,-128
137,128
-107,-125
-153,-143
-101,107
-142,-128
-157,-152
-122,-108
119,115
-113,-136
115,106
-127,-135
117,107
-128,-109
-115,-122
-174,-185
156,171
-155,-183
-104,112
-114,-104
-151,-132
101,109
115,120
-144,-136
-117,-104
126,129
-105,118
120,129
-220,-222
-130,-138
-116,-122
-110,-111
161,177
-127,-115
116,132
-177,-158
-142,-152
-145,-143
-134,-146
-127,-122
-199,-171
-143,-129
-128,-127
-135,-131
134,127
-104,101
-102,100
126,118
-120,-120
147,157
-165,-164
138,154
-167,-166
-118,-115
-142,-156
-116,-118
-200,-176
-118,-110
122,106
174,174
106,107
-106,-108
117,116
-106,-108
143,142
-154,-139
-111,-123
-208,-201
-148,-136
-107,-115
-123,-127
-159,-154
-183,-186
118,114
141,130
-170,-180
107,-102
112,127
-208,-187
-194,-179
-113,-115
-117,-113
-135,-110
-179,-165
-108,111
-139,-154
-200,-200
-117,-113
-177,-189
-220,-208
-115,-135
-120,-102
-175,-177
-102,106
-177,-189
-170,-172
-190,-185
-146,-143
-171,-193
-117,-113
-150,-155
-168,-145
-190,-204
-135,-135
-146,-134
124,128
-155,-146
-135,-135
-164,-145
105,117
-183,-179
-102,107
-134,-128
-151,-149
-208,-224
-136,-128
104,113
-164,-149
-163,-162
-123,-109
-107,-118
-182,-168
-131,-122
-172,-166
125,129
-191,-177
-104,100
-178,-193
104,-105
-108,-106
-186,-173
-138,-131
-133,-130
114,109
-190,-167
-173,-167
139,143
-168,-138
-115,-127
-156,-160
-114,-105
-167,-184
-123,-117
119,129
-104,-106
-106,-101
132,132
-182,-172
-131,-122
-122,-117
-121,-111
-138,-133
109,101
-145,-138
-146,-145
121,122
-121,-124
-151,-147
-182,-171
105,109
-122,-117
-166,-170
-180,-178
120,131
-125,-122
-171,-162
-155,-151
-193,-184
-148,-147
-132,-153
-108,-115
-170,-148
117,123
119,118
-180,-183
134,140
-130,-145
112,109
-114,-133
-111,-104
-130,-125
-140,-132
-102,-109
-128,-149
-119,-121
-167,-179
-157,-173
-106,-106
150,140
119,116
-131,-126
-115,-119
-125,-135
114,116
-128,-116
-300,-300
-140,-150
125,114
-130,-121
-143,-140
-182,-178
-131,-119
108,108
154,169
-128,-126
-104,-114
103,-106
-131,-134
-154,-161
-179,-185
-156,-180
-140,-134
-142,-135
-123,-134
-131,-129
120,117
-165,-164
-105,-108
-176,-183
-122,-118
120,135
-146,-162
-115,-110
-122,-118
120,128
129,129
-185,-190
-115,-114
-147,-135
-105,-109
100,-108
-160,-151
-119,-117
-139,-150
-144,-150
124,143
-145,-140
103,102
-121,-107
105,110
132,127
-122,-111
-179,-194
-115,-133
-107,110
-103,103
108,109
-148,-141
-127,-110
103,105
160,148
-144,-138
-150,-145
-133,-131
-118,-121
104,105
-150,-135
-123,-129
-110,-111
105,121
-135,-128
-131,-148
127,132
111,100
-118,-109
101,108
-192,-178
100,108
-163,-147
156,155
-144,-120
-133,-139
129,128
112,112
-181,-220
-106,-105
161,141
-250,-236
-258,-232
-116,-106
-160,-145
-195,-199
-163,-151
-160,-169
-123,-123
162,175
126,145
-178,-172
116,108
-180,-190
-113,-113
103,-103
-192,-199
-151,-132
135,154
-175,-190
-182,-190
-133,-142
-180,-172
-104,-108
129,148
107,122
105,110
-106,-104
-150,-160
-140,-141
-125,-130
-211,-245
-153,-157
-115,-123
-134,-128
-150,-158
-130,-134
120,127
143,146
126,123
-103,103
-141,-134
-192,-203
-123,-136
-134,-136
-199,-215
-128,-135
-101,107
115,125
-151,-147
-194,-189
-142,-146
-171,-169
-110,-125
-180,-161
-113,-118
-106,-101
-138,-135
-159,-170
130,150
-305,-315
-157,-180
-188,-170
-139,-143
-113,-115
113,107
-199,-220
-204,-260
-207,-195
111,113
-128,-126
-131,-131
-214,-237
-194,-180
120,125
-191,-192
160,155
126,123
138,135
-237,-226
-185,-180
-151,-156
122,144
-125,-127
-173,-157
-115,-118
-127,-140
150,145
-139,-144
-105,-105
-152,-162
-101,105
-109,104
-111,-102
103,104
138,143
126,122
-109,-115
113,127
-240,-260
-127,-131
-138,-139
-116,-120
-175,-169
-133,-132
-109,-103
-121,-119
-109,102
-150,-139
148,146
132,125
-259,-273
-127,-126
114,128
-229,-240
-135,-132
-137,-138
-106,-108
-181,-190
-189,-185
-130,-137
-141,-146
-142,-146
126,122
153,161
-125,-124
-260,-245
126,130
-157,-153
-110,-106
-127,-116
-138,-138
-222,-226
123,138
115,116
-135,-145
115,107
125,120
132,132
-150,-144
-108,-109
-133,-129
-285,-325
-138,-146
-161,-162
-187,-168
-142,-143
-105,-101
111,103
-185,-173
-133,-137
157,161
104,117
-230,-227
-115,-116
-102,-109
-130,-123
-118,104
-170,-145
-227,-261
-143,-141
-123,-117
-132,-143
-178,-175
-112,106
111,106
-156,-146
-142,-146
-115,-116
-122,-120
-174,-154
-122,103
-138,-128
-243,-251
-112,100
-163,-153
-194,-206
-160,-153
-146,-142
136,139
-168,-164
-119,-119
124,134
-166,-156
-132,-112
-118,-116
115,108
-140,-133
-144,-146
111,121
119,122
-161,-150
-162,-165
-127,-122
-113,-113
-119,100
109,107
121,130
-153,-146
-173,-180
-137,-130
-109,-105
-109,-101
-155,-151
104,123
147,168
-126,-126
-153,-162
-148,-148
-141,-134
117,127
-140,-134
-191,-199
125,132
-102,100
-173,-158
118,118
-127,-135
-162,-160
131,131
106,101
106,110
-135,-125
103,114
-108,-107
-146,-128
163,183
-111,-123
-173,-153
-213,-240
113,118
116,107
-170,-190
-111,-117
114,111
-166,-164
-160,-158
-184,-187
154,151
-134,-125
111,120
-108,-123
-115,-104
-110,-110
-115,101
123,123
102,-107
-180,-170
113,128
112,103
-155,-143
-175,-151
-168,-166
149,161
-110,-112
-136,-133
-106,-110
-117,-125
-205,-218
-109,-107
119,129
-101,103
-135,-130
104,114
115,128
-162,-163
-241,-218
-172,-167
160,166
-141,-127
111,105
-111,-108
-150,-153
-166,-159
-109,111
-111,-108
115,118
132,126
-161,-160
119,129
-166,-154
-148,-146
-142,-130
-130,-149
-201,-204
-161,-175
-119,-104
-181,-187
116,120
-158,-157
-113,-105
-159,-155
100,111
-151,-137
116,120
-154,-151
-135,-138
113,107
-110,103
-130,-120
-233,-230
139,157
-179,-170
-224,-235
-135,-147
-117,-125
-225,-235
-122,-123
-173,-155
-120,-125
-142,-137
-142,-140
-145,-270
-118,-125
-122,-124
102,-101
104,113
-214,-235
136,128
-153,-145
-104,106
-155,-145
103,-105
-108,-111
-176,-173
-137,-163
-220,-224
-183,-188
107,108
142,130
100,112
-170,-187
105,105
-153,-141
109,100
-127,-131
-162,-155
147,128
-145,-136
-121,-126
-152,-144
-157,-168
-111,-130
-126,-113
-118,-143
-130,-133
-159,-156
-147,-188
138,150
-160,-146
-243,-240
119,128
-126,-113
-166,-172
-118,-143
-144,-145
-139,-126
-122,-119
-116,-125
-178,-157
-139,-144
-170,-180
-165,-143
119,120
-172,-155
-240,-250
-111,109
-125,-135
-181,-183
-146,-152
107,110
-147,-147
-130,-129
-119,-114
-110,-116
-188,-250
-140,-131
-188,-215
-280,-230
136,151
136,122
-113,-103
-113,-110
-110,-101
155,153
-115,-116
-185,-187
-225,-206
-156,-159
-161,-167
-106,100
138,115
-101,109
-178,-178
-137,-144
-113,-107
-137,-119
-123,-120
135,151
-107,-108
124,131
-149,-147
-262,-247
-189,-195
-148,-155
126,111
105,-109
104,105
-175,-170
-238,-240
-154,-163
-116,-113
-164,-162
123,126
132,129
119,114
-194,-200
-215,-195
-190,-188
-185,-164
127,130
106,108
-106,-102
-182,-185
-171,-205
-130,-128
-118,-119
-131,-129
117,114
-119,-126
-110,-112
-113,-116
175,178
106,112
-152,-162
-166,-164
-108,-117
-103,-102
-148,-158
-121,-129
-118,-115
115,126
160,161
-120,-115
-109,-102
-188,-184
-175,-172
-205,-184
-123,-115
-146,-152
111,110
135,154
-115,-116
136,134
-182,-160
-131,-126
111,115
153,158
-165,-151
111,104
-192,-189
-210,-190
-135,-146
-108,-101
-120,-122
113,116
-102,110
-164,-158
-144,-154
-110,105
113,103
-112,-147
138,148
-145,-127
-158,-168
-102,111
-117,-105
-135,-129
-113,-113
122,121
105,-103
107,-102
-205,-180
-135,-129
-191,-220
-164,-164
119,139
-168,-170
165,170
103,104
-205,-216
-130,-127
115,135
-115,-102
114,117
115,125
-213,-186
147,143
-220,-210
-170,-160
-133,-117
-147,-165
-102,104
130,130
-192,-188
-151,-140
179,200
-122,-112
-178,-178
-113,-113
100,-103
156,153
-240,-218
-132,-130
-146,-128
-215,-218
133,113
-183,-178
-190,-175
161,156
-118,-108
-200,-164
-184,-198
-157,-168
-116,-108
139,132
106,113
116,113
-183,-208
-170,-157
-172,-160
192,209
103,106
-192,-182
-146,-144
107,105
126,130
-114,-118
175,178
-290,-260
-134,-138
-201,-190
-234,-245
-131,-122
-187,-179
-133,-120
106,118
-185,-165
-123,-120
-123,-128
-120,-124
115,132
103,-109
141,152
-245,-276
-211,-242
-223,-222
-225,-185
-134,-138
-268,-278
-145,-145
129,133
-123,-122
-168,-158
-109,-103
-133,-133
-210,-246
-201,-170
-137,-147
-203,-204
-156,-148
-122,-114
115,110
125,122
-210,-212
-150,-150
-122,-115
-120,-135
-177,-174
-164,-174
-210,-212
-167,-177
-135,-140
-160,-173
129,120
-143,-140
-165,-180
101,104
105,100
124,125
-162,-159
115,116
126,146
-138,-153
-187,-184
-204,-190
-205,-170
-125,-126
-127,-105
-105,-111
116,117
-143,-150
-111,-115
182,196
118,128
-129,-134
-125,-128
-123,-135
-158,-137
-175,-185
-180,-168
-120,-120
120,131
-265,-266
155,165
-147,-153
-132,-120
155,143
100,-111
147,150
-110,-135
-166,-156
115,112
-128,-123
-280,-292
121,127
-180,-180
116,120
116,135
-122,-122
113,111
136,138
-167,-180
-143,-130
135,140
136,147
-170,-185
-115,-105
-200,-230
-208,-187
112,115
-196,-188
-102,-103
-167,-180
128,121
-102,-101
140,118
129,117
-160,-142
132,130
138,149
-158,-169
134,140
-273,-310
-235,-259
115,125
-128,-138
-113,-118
-124,-118
-106,100
107,107
-163,-173
160,170
-177,-179
-167,-166
-243,-260
-120,-122
-153,-144
154,150
214,219
-130,-126
-143,-138
-120,-123
150,172
-185,-191
-168,-158
-113,-113
-132,-113
-141,-129
-113,-122
128,133
100,-102
-120,-110
129,125
-168,-150
-184,-163
-106,-104
-125,-111
-132,-129
-117,-117
-123,-124
126,125
-194,-184
-170,-168
-172,-176
-120,-118
116,140
174,179
-102,106
101,101
-104,108
-180,-178
-103,110
-152,-140
132,142
-148,-147
-175,-166
-143,-153
-129,-104
120,124
132,135
128,132
-118,-124
101,-107
126,146
-130,-123
123,128
106,103
-150,-147
-170,-155
116,125
-127,-122
-147,-135
-108,-105
-250,-250
123,120
-111,-101
-134,-132
-130,-121
-135,-128
-186,-235
138,148
-155,-150
-134,-129
-186,-160
-129,-125
-126,-117
-139,-119
104,105
111,110
-290,-284
114,124
-177,-170
-169,-179
-108,101
-224,-233
105,110
-239,-230
-152,-149
-175,-156
142,141
-174,-171
103,103
-134,-113
123,133
-159,-133
-240,-206
-143,-166
-157,-146
-148,-144
113,119
-205,-207
-149,-162
-186,-183
-117,-111
123,130
-130,-124
-177,-166
130,122
-143,-143
-134,-133
-299,-325
-176,-186
-116,-135
100,122
-130,-124
-120,-123
106,103
-104,107
111,115
-199,-205
-130,-126
-133,-122
-201,-211
100,-112
-170,-160
-235,-211
-227,-216
-152,-175
127,138
-161,-158
-103,-118
-139,-130
-125,-131
-116,-108
-123,-110
-116,-115
-220,-232
108,110
-170,-162
-216,-205
-192,-196
-140,-146
-108,-120
-230,-215
124,141
-165,-175
-108,102
-142,-132
123,140
-115,-108
-140,-120
-150,-140
-125,-140
183,205
-138,-133
106,114
-199,-216
104,-114
-144,-129
-110,-120
111,117
-104,-105
-142,-152
112,133
104,115
-103,108
-139,-143
-108,-109
105,-112
-147,-138
-130,-113
-216,-232
-162,-165
131,139
-150,-138
125,122
-132,-125
-152,-144
140,159
108,105
-115,-114
-173,-180
-120,-119
-108,-138
-161,-145
-107,-107
-158,-136
-160,-163
-109,-106
-119,-113
-128,-124
115,115
-116,-119
126,135
136,143
-107,-107
-108,-103
-156,-160
-255,-270
-157,-169
-135,-147
155,168
109,118
102,106
-163,-180
-103,-108
101,102
-271,-266
-132,-117
101,107
-149,-166
-104,-105
111,113
105,104
-134,-129
-106,104
104,115
-138,-137
121,115
-182,-168
-129,-129
115,112
-210,-214
-120,-116
-125,-140
-153,-165
-159,-157
137,140
114,124
-110,-112
145,153
-113,-110
-135,-139
-104,-110
-198,-205
-146,-139
119,106
-270,-275
116,120
106,109
-227,-248
-106,102
-102,-108
159,169
-118,-130
-141,-131
123,135
144,154
-179,-168
-126,-123
123,124
-116,100
-134,-129
-177,-166
132,127
147,160
-149,-159
-157,-167
-130,-145
-225,-246
-125,-117
138,150
-117,-114
-115,-116
155,165
-123,-123
123,122
-105,104
-137,-127
146,155
-182,-182
-122,-123
-153,-149
-136,-139
-174,-167
-141,-144
142,161
104,108
-127,-124
146,151
-137,-130
112,108
-160,-158
-116,-101
-105,-110
-175,-143
-127,-124
-148,-145
112,-105
-166,-170
122,115
-156,-162
147,170
123,149
121,132
-110,105
101,111
-170,-167
-170,-169
126,124
-165,-167
126,126
-152,-133
-170,-163
-155,-148
-139,-130
-131,-122
-160,-164
-139,-140
146,150
114,108
132,134
-175,-177
-192,-173
-124,-124
147,142
-170,-180
165,181
133,147
-167,-168
-157,-123
-124,-124
-151,-154
-157,-161
-153,-150
-185,-193
-210,-199
-169,-151
151,149
129,122
133,152
-178,-175
-120,-120
-125,-116
-220,-185
-156,-135
-165,-155
-126,-128
-199,-185
-209,-198
-134,-114
197,208
-101,110
113,123
-190,-183
-144,-133
152,154
-155,-145
-109,-103
-120,-120
-169,-169
-202,-216
138,144
-137,-138
-210,-225
-126,-125
-112,-116
-150,-155
-112,-116
-132,-113
156,168
-117,-105
-110,-103
-141,-143
-170,-178
-255,-267
103,120
123,124
-134,-117
-168,-154
-111,106
-134,-136
-153,-171
102,-106
-145,-138
141,139
-103,-101
-117,-121
-134,-137
-149,-162
-163,-168
131,146
147,160
-125,-123
-129,-120
-113,100
-130,-137
-137,-128
-226,-260
-110,-102
-237,-222
-220,-202
-168,-181
-182,-193
135,129
158,147
102,109
-141,-142
111,114
-131,-132
122,123
-173,-180
-283,-298
-114,-119
-225,-214
-131,-147
-261,-259
-220,-207
-193,-129
-140,-147
-128,-128
-215,-201
-194,-220
156,180
102,107
126,124
-161,-145
-141,-134
-110,-107
-255,-266
161,172
-230,-245
-165,-175
-152,-163
129,128
107,-102
-145,-145
-108,100
-230,-225
104,112
135,146
-110,104
-285,-238
-115,-116
-250,-251
116,127
-230,-225
-260,-257
-125,-106
-142,-142
-133,-123
-160,-148
-194,-191
143,138
-119,-142
-108,-112
-144,-121
174,184
-262,-282
-121,-125
-229,-239
-132,-132
119,120
105,-113
-166,-159
116,129
-111,-123
133,132
-230,-200
174,184
-334,-380
-114,-118
-145,-133
-185,-180
112,119
146,157
104,-103
-154,-165
-108,-131
-130,-122
122,116
-115,108
115,113
-265,-286
197,220
-266,-255
125,125
-143,-122
-265,-265
-125,-118
158,153
147,152
-152,-140
-127,-120
-111,-117
134,142
-175,-172
-105,-110
147,138
114,106
-123,-125
-152,-183
-175,-192
115,117
-130,-124
-142,-143
115,123
176,182
-108,102
100,101
114,103
-130,-125
-127,-131
-133,-114
123,112
104,120
118,118
-180,-166
-267,-290
-111,-111
-160,-164
126,117
-180,-203
174,182
-225,-240
110,122
-118,100
150,161
140,130
-237,-256
-131,-118
-149,-140
-110,-106
149,158
171,179
-220,-228
-151,-147
210,200
-210,-195
-104,-108
100,100
116,106
-245,-245
-134,-126
-113,-105
-104,-127
170,165
154,161
-168,-154
119,118
110,108
-126,-135
109,102
-152,-140
132,130
-140,-136
111,110
-131,-118
-105,104
108,-101
114,100
-149,-159
-148,-142
-102,-107
-153,-146
107,109
-225,-220
100,108
-145,-139
-154,-159
101,-108
105,117
-137,-135
115,127
-114,-125
109,105
-159,-146
-128,-129
-127,-108
-166,-166
-117,-114
115,123
-114,-106
-119,-118
-121,-112
-102,-106
102,-105
-114,-128
-117,-112
155,157
-105,107
100,-102
100,105
-157,-175
-130,-140
-150,-145
-152,-149
-157,-175
100,-105
-130,-115
120,112
100,118
-157,-166
147,161
-113,-116
-112,113
138,128
160,134
-131,-135
-164,-160
-102,-116
-149,-169
-119,-140
-136,-127
-105,106
-161,-154
-119,-140
-110,-121
-200,-184
101,-108
-129,-133
167,155
-140,-163
-128,-138
-110,-105
106,109
-160,-148
132,111
-105,-109
-165,-152
-114,-102
-133,-133
150,135
-125,-138
-116,-118
-124,-106
-139,-148
140,109
124,165
-130,-128
-163,-173
-145,-160
-147,-153
119,-103
-166,-142
-160,-176
123,124
-118,-142
-105,-104
-156,-175
-116,-109
-134,-147
127,140
-122,-118
-170,-153
-144,-130
-133,-147
119,119
-193,-182
-158,-165
-113,-133
111,106
-144,-149
117,119
108,105
-161,-140
-188,-180
138,138
-119,-124
-134,-106
-172,-145
-130,-117
-105,-108
-170,-155
-175,-175
-119,-121
114,107
-120,-121
-148,-141
-148,-146
143,152
101,-105
136,146
-146,-137
-125,-147
-144,-148
136,128
106,-113
-165,-149
-115,116
-121,-125
-150,-152
-136,-105
-128,-148
-137,-137
108,110
-181,-209
-177,-197
-139,-125
115,104
-145,-125
-105,107
-133,-120
-134,-143
-102,-104
-136,-124
-174,-167
-157,-167
-145,-139
-105,105
-185,-205
-177,-195
120,115
-137,-158
123,126
115,-102
-134,-143
111,104
-137,-139
-128,-117
-106,-105
116,119
-209,-195
-215,-225
-125,-116
-137,-132
140,129
114,118
110,117
-155,-142
-170,-157
-168,-163
100,-114
-236,-224
115,114
104,105
108,124
-160,-160
-172,-142
-109,-114
108,115
-134,-152
-116,-126
-104,-108
-214,-228
126,116
-137,-128
134,120
-159,-164
133,127
115,110
-105,-109
-171,-170
108,112
-149,-143
119,109
-121,-107
-127,-138
-113,-108
-224,-230
-120,-113
-165,-154
133,141
-164,-154
120,113
107,110
-122,-118
-148,-141
110,130
-123,-113
-135,-121
-103,-104
115,121
111,114
-116,-116
-113,-134
-103,104
-118,-120
-135,-109
-115,-120
-104,103
123,140
131,129
-123,-113
143,156
-111,-107
-130,-139
-110,-105
101,-103
-153,-154
-110,-113
120,115
165,159
-205,-187
-125,-133
126,117
-205,-187
-152,-140
-142,-130
107,103
-113,-109
-132,-148
-114,-124
-113,-111
-121,-120
-109,-107
-108,-105
-132,-164
115,111
110,124
-122,-106
-149,-155
-127,-126
118,122
-115,-122
-104,-109
-170,-170
-115,-119
133,122
115,111
-125,-124
-183,-175
-102,100
-129,-127
-156,-158
-110,-107
-206,-220
-114,-122
-145,-145
-105,-108
-140,-145
-119,-118
-110,-109
-103,101
-133,-140
-152,-158
-192,-177
115,120
-139,-135
-115,-119
128,135
-215,-214
-101,-109
-148,-147
-141,-134
-143,-137
107,-108
117,116
-101,-120
-113,-119
-137,-138
-148,-140
-108,-113
-153,-155
-174,-170
115,126
-205,-260
-123,-126
-192,-180
-122,-130
-159,-152
-109,-110
-110,-109
-137,-153
-104,104
-114,-114
-125,-109
-157,-153
-193,-195
-135,-140
-260,-245
-144,-142
-175,-185
-113,-109
-109,-103
-129,-138
107,109
126,-103
-114,-118
-109,-113
-133,-145
-145,-242
103,100
-124,-160
-106,-106
-125,-128
-194,-198
-113,-114
-174,-185
-140,-140
114,103
153,148
-150,-163
-119,-122
-127,-113
-118,-113
-175,-184
-108,-123
-151,-147
-135,-125
-141,-135
-180,-178
-114,-110
-185,-170
-137,-131
-101,-108
129,129
-147,-166
-109,-119
-138,-136
-200,-208
108,-113
-131,-128
-150,-159
-118,-118
150,153
-175,-168
-163,-154
123,115
-117,-119
-123,-111
-175,-170
-155,-130
-159,-152
-142,-138
117,115
-103,-108
-111,-114
164,164
-134,-129
-109,-113
-190,-190
120,124
101,-101
-109,-107
-106,-108
-163,-162
-114,-124
-111,-114
-121,-110
141,123
-131,-133
-137,-135
146,128
121,135
-108,-110
-111,-113
-104,100
-165,-170
-171,-163
-104,100
-154,-139
-105,-103
100,104
-171,-149
108,108
-124,-118
129,136
-105,-133
-174,-185
-111,-113
171,161
-103,-106
-126,-123
-120,-130
-161,-165
-148,-126
-156,-169
112,120
-125,-129
-132,-131
-138,-132
-103,-103
125,126
-147,-162
-148,-137
-114,102
-150,-150
-180,-168
-163,-165
-137,-140
136,125
102,-101
-180,-172
-141,-147
-113,-115
160,160
138,152
-138,-145
101,-116
-171,-159
-123,-131
138,129
144,132
-120,-115
-120,-115
-146,-153
120,123
144,132
-114,-116
-126,-134
-152,-147
-146,-153
104,101
-150,-142
-108,-114
-138,-146
-143,-131
118,104
-114,-120
-125,-132
-118,-117
169,175
-135,-130
149,149
126,123
-126,-137
-143,-137
-104,-106
-132,-128
106,115
-168,-164
115,100
106,105
-141,-146
-134,-128
-140,-137
138,111
-175,-167
156,172
-187,-184
-140,-142
-126,-123
-111,-102
-117,-122
-106,-107
-150,-150
112,121
-180,-174
-119,-125
-139,-122
-108,-102
-106,-110
-129,-130
126,120
-153,-134
100,100
-125,-122
124,116
-154,-143
-121,-125
-275,-261
109,111
108,100
-155,-161
-154,-143
-141,-125
-190,-190
109,-105
-120,-105
-131,-111
-121,102
-148,-141
-148,-136
-120,-137
-119,-127
-180,-174
-115,-109
149,147
-149,-144
-137,-138
-117,-117
-170,-173
-101,101
102,-116
-115,-125
-117,-115
111,107
-134,-150
-130,-122
-119,-102
-148,-157
-121,-125
-220,-205
-109,103
-133,-148
-150,-153
-128,-137
-114,-113
-115,-109
111,107
-133,-150
111,104
-167,-169
-119,-118
-130,-134
-196,-181
-125,-121
-147,-154
-165,-170
-122,-142
-137,-142
-113,102
101,120
-154,-160
-192,-170
-116,-118
-175,-162
-163,-162
109,-102
126,123
-222,-218
120,119
-119,-125
110,117
112,110
-129,-122
-115,-102
-121,-116
115,119
-148,-162
-115,-120
-118,-114
-164,-145
111,126
102,102
-255,-254
-131,-123
-137,-130
-145,-154
110,111
-165,-163
-112,-126
-105,-102
104,105
-170,-150
-147,-132
-115,-126
-163,-181
-115,-136
-110,-126
-175,-152
-120,-113
-122,-128
-174,-170
-104,104
-132,-139
-109,-110
-111,-103
-181,-195
-164,-163
102,-104
-159,-143
-156,-166
-159,-156
120,123
109,107
-160,-169
101,101
107,121
-173,-181
-243,-226
-121,-131
-148,-144
-102,-103
-150,-154
-125,-144
-115,-113
-113,-110
102,111
106,102
119,122
101,104
-114,-131
111,115
-201,-193
-113,-104
-130,-133
115,105
-151,-155
162,137
-117,-113
-101,107
-105,107
-108,-120
-143,-140
-126,-138
114,114
-190,-189
-104,-107
-130,-140
-120,106
-142,-140
-143,-140
-150,-140
-107,-113
-109,100
-106,-105
-102,-133
-106,-104
130,128
-130,-134
-105,-128
-131,-142
126,122
-148,-155
-108,-108
-137,-138
-170,-168
-119,-119
-119,-123
-119,-110
-117,-140
-125,-137
150,155
-141,-143
108,106
-152,-155
127,129
-135,-131
-132,-127
-108,-102
-145,-160
-102,-105
-139,-150
-120,-116
-143,-142
-106,-125
-146,-137
-114,-116
111,101
-154,-164
127,111
-159,-164
112,109
-139,-150
-120,-171
137,138
118,111
106,111
-164,-192
-171,-180
-106,-113
-205,-190
-128,-125
-190,-182
-132,-151
-199,-173
101,-105
135,115
-174,-167
122,116
-139,-144
-170,-181
147,150
113,101
-104,-115
104,104
115,-109
-143,-134
-160,-158
-108,-123
-116,-117
-140,-137
140,131
-200,-167
126,114
-144,-138
-146,-136
-109,-109
100,100
-136,-140
-133,-148
-123,-127
-133,-115
-150,-147
-141,-139
-130,-142
-152,-156
134,133
-135,-137
-148,-154
105,-108
100,102
-118,-113
109,108
-135,-153
-120,-126
108,-105
-141,-130
-135,-135
-120,-139
-240,-245
-158,-160
164,156
-104,-115
-159,-153
121,128
-106,110
-101,-113
-168,-178
-106,-121
-118,-114
-135,-162
-118,-106
-106,-101
-151,-147
-125,-116
-112,-105
123,119
100,-105
-155,-131
101,114
104,-104
-108,109
-177,-168
100,-111
102,-104
102,-104
-120,-120
-140,-140
-115,-110
-171,-166
-157,-137
-163,-155
103,101
-113,117
-166,-170
170,168
117,100
132,123
-172,-164
-111,-120
123,136
-137,-152
-132,-131
-135,-125
-118,-120
-111,-117
-107,-105
-127,-130
-153,-185
-131,-142
-161,-180
-103,104
-124,-120
-144,-142
100,105
121,120
-121,-127
-103,-105
-185,-168
-157,-185
-161,-169
-118,-116
-113,-130
-133,-130
-138,-149
-114,103
-119,-129
-116,-104
-118,-121
-118,-126
-136,-141
-123,-126
-160,-149
-191,-190
-106,108
-103,-130
-119,-134
-159,-133
-147,-143
-123,-128
-105,-105
-109,-119
-105,-105
-110,-109
112,110
-113,104
116,107
-115,-124
-136,-134
-115,-128
-114,103
-121,-106
-139,-150
-105,-125
-116,-118
115,120
104,102
-159,-165
-113,-117
-148,-166
-107,-110
-136,-128
-136,-138
-121,-133
-138,-107
106,114
-144,-146
119,130
-167,-172
-119,-126
108,112
-120,-114
-148,-140
-103,-116
-127,-126
121,137
-138,-168
-235,-255
-118,-106
-141,-145
112,119
-164,-189
-120,100
-142,-126
-135,-144
104,-117
105,105
-127,-143
-127,-138
-118,-115
136,141
-167,-150
-119,-128
-125,-135
-175,-161
-175,-180
-125,-109
-155,-155
117,110
-105,102
123,122
106,114
-207,-190
-147,-139
-152,-170
-108,-114
131,132
127,121
-164,-160
-106,-108
103,-115
-185,-167
-121,-118
-157,-148
-107,-108
109,113
-184,-199
120,117
-153,-160
-113,-129
101,109
-133,-140
118,113
-128,-130
100,100
-138,-140
-182,-170
-167,-219
107,110
-110,-118
128,127
-185,-195
-120,-111
-135,-138
-113,-111
112,114
-123,-108
121,128
-128,-128
-110,-110
-152,-162
120,111
-111,-117
-141,-143
-184,-194
119,115
108,105
-143,-160
108,105
-121,-140
-188,-192
-169,-159
-109,-112
116,108
-120,-121
106,100
-108,105
-137,-153
-104,-101
-150,-131
-133,-146
-126,-150
-113,-118
-101,110
-129,-124
111,110
-107,-106
-122,-150
135,128
-146,-138
-113,-112
-114,-115
-146,-154
134,120
-137,-133
-144,-150
-158,-154
-132,-125
-103,-109
-140,-124
-166,-159
-102,-118
-113,-113
139,118
-107,-104
104,108
-121,-125
-145,-119
123,121
-159,-163
114,110
-154,-159
114,112
105,117
-115,-108
-146,-150
105,103
113,114
-137,-145
-105,-117
-179,-172
-115,-119
-190,-198
111,114
116,112
-111,-119
-152,-169
101,101
-140,-131
-105,-128
-128,-156
109,124
-159,-175
-137,-138
102,108
-104,108
124,122
-133,-128
-120,-118
130,126
-122,-131
-117,-128
-120,-114
134,139
-122,-132
-217,-239
114,108
-147,-150
161,175
-127,-131
-125,-122
122,109
-126,-115
100,108
114,104
-110,-117
-155,-153
-110,-115
129,116
-102,120
-113,-111
-110,106
101,-109
-154,-145
103,103
-213,-202
-118,-104
-130,-114
-137,-135
-127,-128
-129,-123
-157,-156
-175,-183
-122,-125
108,100
113,118
-198,-183
104,100
-103,-116
101,106
-142,-129
-109,-113
-127,-120
-130,-134
-170,-155
-104,118
-182,-188
-170,-156
109,109
-120,-130
106,129
-118,102
103,-102
113,125
-137,-118
-150,-140
-137,-123
-110,-123
103,102
-210,-181
143,140
-153,-140
-179,-154
-138,-101
112,113
154,147
-181,-166
-113,-113
-115,-108
106,102
-108,-126
-117,-104
-187,-154
-140,-135
-109,-126
-150,-165
-138,-160
-137,-130
106,119
-170,-166
-109,-120
-116,-113
113,106
117,105
-185,-173
-125,-150
-148,-144
114,114
-149,-158
-162,-166
-166,-172
-134,-126
108,107
100,-102
-170,-170
-142,-143
-123,-121
-115,-133
-206,-206
-156,-170
-133,-132
102,101
-166,-178
-155,-132
-156,-170
116,129
-125,-144
-169,-175
-103,-115
-149,-163
118,112
-141,-137
-157,-141
-112,-105
-109,105
-154,-158
112,-110
-110,-131
-179,-166
-116,-141
101,-102
-170,-150
-128,-152
-119,-163
-125,-145
-125,-157
-192,-178
-105,-110
-112,-104
-138,-145
-160,-171
115,109
-129,-137
-114,-113
-183,-181
-144,-150
-123,-111
-115,101
-151,-140
-130,-123
-120,-102
-155,-195
105,100
110,134
-127,-111
-148,-144
109,110
-170,-177
-113,-123
-200,-188
-125,-117
-127,-119
-200,-213
-115,-118
-148,-146
117,101
-115,-126
129,145
121,118
-105,-114
-150,-150
-115,-115
-141,-140
136,118
112,108
-132,-133
-148,-141
109,-105
-115,-114
115,-111
-108,-106
-116,-123
-148,-150
-139,-160
102,-104
-122,-133
100,105
106,101
-132,-126
102,108
-113,-127
108,104
135,136
-102,108
-180,-165
-140,-127
130,122
-137,-125
-145,-142
104,-116
-112,-114
118,113
-148,-126
-155,-143
115,129
111,127
138,127
-130,-160
-113,-109
-185,-188
-105,-111
102,106
-147,-160
-129,-107
109,120
121,130
-180,-177
113,102
-165,-182
-116,102
-200,-200
122,105
-147,-160
-144,-165
110,103
121,132
-119,-102
-104,-123
-131,-122
130,129
-102,-118
-165,-153
-114,-119
-102,114
-195,-193
147,127
-133,-133
-136,-142
150,143
-138,-129
-119,-102
103,108
115,117
-125,-130
102,-115
115,117
-160,-148
100,103
-111,102
-120,-121
-170,-144
133,160
-175,-160
-160,-152
126,142
-143,-142
-131,-138
-127,-135
-127,-135
-103,109
-119,-115
106,112
-104,-105
-137,-123
-115,-122
-193,-163
-164,-153
115,115
-118,-120
-112,-117
123,109
-190,-196
101,104
-148,-159
115,-106
-105,120
-200,-240
111,125
-174,-168
-131,-131
-105,100
-110,-114
-150,-133
146,153
146,153
-132,-140
-156,-175
-104,-102
-138,-128
-245,-224
112,130
-123,-130
-170,-178
-126,-117
-125,-150
107,122
-113,-110
107,116
-126,-148
123,145
-150,-167
-150,-178
120,112
-150,-135
-215,-180
117,126
-113,-120
-186,-192
-111,-125
110,107
-102,103
125,135
-101,103
-152,-135
-137,-149
-170,-191
131,128
140,138
-133,-138
-144,-152
-180,-180
-170,-170
-160,-140
-155,-158
-159,-151
-175,-179
-108,-111
158,200
-148,-141
-113,-114
-107,-108
-175,-190
-175,-170
107,100
-121,-117
113,141
-125,-120
-145,-137
-150,-138
-145,-137
-185,-190
-166,-183
-110,-115
103,-104
-135,-147
-127,-125
103,-106
-160,-173
131,135
111,124
-150,-120
-132,-114
-128,-140
-154,-170
-115,-130
-160,-170
-189,-222
-132,-154
138,111
-111,-113
-125,-118
104,122
-163,-159
111,125
-122,-137
105,106
-111,-121
-145,-145
124,112
-179,-190
-182,-209
-154,-153
-120,-147
-111,-127
-108,-114
-201,-210
-147,-150
-114,-135
-161,-180
-108,-111
-142,-166
-167,-172
-207,-217
140,133
-150,-168
-207,-217
-126,-146
105,103
-117,-120
-104,-117
-113,-110
140,143
-173,-174
-119,-110
-107,104
-131,-151
-145,-170
108,115
109,108
-172,-153
-198,-210
-127,-119
-125,-110
-125,-111
-154,-144
100,-128
-105,112
-195,-178
-132,-134
-110,-128
-156,-141
-117,-105
116,119
-101,-108
-161,-158
-185,-136
-103,-109
-149,-157
-121,-147
-101,102
-205,-216
-114,-107
-277,-280
-105,-101
149,162
-144,-122
-107,-104
119,122
-192,-225
104,115
-104,-116
-157,-190
-113,-106
-121,-142
-118,-101
-132,-111
-125,-135
-130,-131
123,137
155,148
-116,-120
116,120
110,119
-154,-187
-117,-125
-115,-113
-150,-169
-160,-145
-110,-103
-106,-106
-108,102
121,116
-137,-120
122,120
152,139
-180,-186
135,143
134,119
-159,-165
118,118
-141,-148
-129,-134
-140,-142
135,139
-145,-120
-144,-141
-115,-108
-170,-177
122,125
-157,-156
-128,-130
-110,-137
-159,-145
-143,-146
-152,-162
-123,-126
-128,-127
-154,-152
-128,-127
-163,-151
-141,-121
114,117
123,115
105,100
-175,-186
-128,-154
-144,-142
-122,-146
-175,-186
-144,-161
-109,102
-123,-126
121,140
-125,-123
-121,-134
-115,100
-110,-102
101,105
142,134
-175,-161
-161,-146
-112,-101
-108,-121
-141,-122
-184,-173
-130,-122
-140,-145
157,168
-135,-125
-107,103
-199,-175
-165,-165
122,116
126,123
-170,-163
-137,-130
103,101
-128,-149
115,105
124,118
-170,-168
-111,-111
-200,-179
-118,-122
-126,-125
-166,-155
139,136
-135,-141
-101,107
-125,-128
123,132
120,106
-237,-265
104,135
-109,-112
-181,-173
-117,-109
-129,-124
113,113
-172,-145
-165,-169
149,175
-163,-163
100,102
-144,-145
102,128
131,129
-255,-245
108,-106
-131,-149
-172,-164
-127,-127
-108,-113
124,132
-111,111
104,107
150,139
-127,-134
-114,-107
-150,-147
102,-102
-119,-112
-250,-265
-141,-124
-149,-140
105,124
-114,-121
-176,-173
112,119
-179,-185
-138,-135
-110,-120
-114,-119
-121,-126
119,113
-132,-130
-144,-131
153,159
110,110
-168,-163
129,122
-125,-123
106,115
-140,-145
-105,-107
100,-104
152,162
-113,-107
-113,-114
168,185
-111,-102
-159,-156
164,185
127,112
-180,-179
-121,-121
-129,-133
-117,102
-105,114
-110,-105
-139,-140
-123,-124
-102,-109
-110,-117
111,115
-123,-120
-143,-124
176,190
117,108
-180,-164
165,144
-132,-124
107,116
-129,-123
-145,-134
-129,-133
-140,-145
176,175
-129,-132
-156,-153
-155,-205
-133,-133
136,136
104,122
-144,-125
-144,-139
-164,-156
-113,-103
-131,-151
-170,-179
145,153
196,177
109,118
-126,-117
-107,-106
-107,-115
-103,102
132,124
115,129
-104,-104
-163,-161
-230,-239
-106,100
-177,-165
-145,-151
140,125
136,127
-146,-163
-118,-111
-104,-104
-117,-117
-118,-110
144,139
105,-102
-200,-211
-192,-180
113,106
-161,-205
-181,-193
-158,-173
107,124
-128,-136
-113,103
143,141
-108,-108
114,125
-200,-159
-102,-112
-230,-228
-205,-230
-161,-149
-280,-280
-121,-125
-220,-208
105,113
-131,-136
-121,-114
-180,-180
103,-106
-107,-110
110,102
-192,-181
-119,-112
-225,-202.03
-210,-169
-120,101
-119,-113
-111,-110
-198,-178
109,115
-117,-114
-126,-120
-154,-152
131,123
-111,-108
-119,-127
-182,-182
101,102
-193,-212
-161,-161
-126,-138
-158,-149
-115,100
-143,-148
139,153
103,107
108,113
108,107
146,148
-138,-138
-125,-117
-197,-200
113,107
123,121
-147,-135
-143,-131
-236,-210
-176,-163
-106,-105
-147,-154
-144,-126
-113,-121
119,106
106,-106
107,118
-141,-130
-155,-157
-118,-128
-119,-132
-138,-122
-132,-108
115,107
105,106
-155,-132
107,121
103,102
108,-107
-139,-135
118,136
-142,-147
-129,-128
-149,-146
-115,-108
-140,-127
-197,-183
-250,-215
-109,-111
-175,-166
-185,-178
102,-117
-126,-115
-110,-114
-113,111
107,107
-114,102
-138,-131
-272,-257
-151,-155
-130,-125
-194,-177
-145,-161
-116,-135
-121,-124
107,114
-122,-146
-133,-126
-225,-210
-109,-102
-129,-114
101,-110
-136,-125
113,114
-108,-110
102,106
-188,-183
-168,-178
-103,104
-103,-101
105,105
122,121
-140,-137
-264,-250
-158,-166
-157,-160
-127,-139
-101,-103
133,127
152,163
100,103
-146,-149
-150,-150
-142,-133
-145,-150
134,144
156,143
-190,-180
-173,-173
113,106
-111,-107
-135,-152
-128,-126
146,142
-147,-143
-115,-115
-145,-164
106,103
-165,-178
100,100
-101,101
-132,-117
113,114
106,-105
-101,-106
109,112
-203,-235
-131,-125
115,109
-148,-130
-122,-121
-121,-125
104,110
-123,-133
128,135
-200,-246
135,128
114,111
-118,-115
130,130
-176,-169
-176,-169
-135,-130
-135,-118
-166,-158
-115,-123
115,114
-105,-105
-127,-109
110,102
-205,-182
-120,-112
-114,-113
127,128
-166,-156
113,104
-123,-122
-116,-123
-145,-149
-125,-130
118,118
-117,-122
-182,-187
-159,-178
126,128
132,141
190,180
-126,-128
-157,-152
-156,-151
121,137
-144,-150
126,132
-167,-168
-134,-128
-108,-133
-139,-145
-148,-151
-134,-134
-129,-129
136,129
156,139
-144,-145
-124,-143
-155,-147
-178,-168
-102,102
-203,-188
-120,-139
102,-104
-186,-193
-158,-144
-130,-123
-108,-101
115,124
108,100
130,125
-150,-136
-114,-128
103,102
108,100
-145,-125
-104,103
-114,-107
-114,-108
133,137
-174,-154
-164,-140
-190,-187
-114,-114
121,126
120,-107
-206,-245
-119,100
-157,-156
-134,-111
-145,-127
142,148
144,134
120,117
-235,-230
-143,-163
-103,-111
-172,-159
103,103
108,110
-157,-167
146,131
-207,-240
-114,-105
155,141
-113,102
-151,-142
-153,-147
131,116
-191,-182
-117,-114
128,140
-109,-106
108,102
-116,-128
-194,-205
106,113
-175,-188
-148,-133
-113,-118
115,118
-152,-150
-122,-118
115,123
-193,-195
151,170
130,127
108,-111
-168,-171
-228,-240
149,164
-157,-145
-113,-106
-101,-106
-185,-171
-108,-104
-202,-198
135,126
115,114
-131,-127
-142,-140
-121,-121
165,172
-145,-137
160,150
-118,-118
-104,-115
-158,-155
111,120
102,106
-190,-211
-104,-115
-160,-144
104,113
-107,-103
-160,-160
-134,-126
104,105
100,-116
-185,-155
100,105
-107,-107
-143,-119
105,106
100,107
110,108
140,128
-147,-138
140,141
100,-112
-111,-108
-137,-134
100,102
152,145
-173,-154
115,116
107,-107
-133,-133
-114,-116
-172,-179
-134,-167
124,120
150,153
-131,-137
-120,-117
-168,-164
130,121
126,137
-144,-147
-170,-172
-118,-148
-202,-231
106,100
-183,-178
-118,-110
-158,-163
-119,-102
107,110
-128,-129
-106,-111
-189,-200
-102,102
125,110
-143,-136
-164,-163
161,169
-207,-208
186,209
-143,-143
128,127
-149,-120
-168,-165
147,159
126,-102
-111,100
-164,-142
149,147
112,102
116,-104
133,112
-190,-198
-147,-154
106,111
-102,-103
-120,-122
-137,-131
-162,-173
-141,-148
-133,-136
-141,-140
-145,-143
142,135
-120,-109
-152,-169
-106,-115
-185,-170
-112,-119
103,107
-137,-143
-133,-125
-162,-162
-120,-127
-101,100
-165,-156
-120,-127
-146,-155
-147,-142
-138,-134
-101,100
130,128
-129,-128
-104,-104
-180,-152
114,102
120,112
-155,-157
-139,-116
115,108
-155,-155
-171,-183
-124,-131
-162,-153
-114,-111
110,100
136,153
-160,-154
-147,-144
-171,-161
-102,100
-118,-117
-119,-104
-154,-161
-146,-141
-153,-168
-156,-171
-116,-118
124,128
-138,-117
-125,-123
-136,-122
-121,-107
-141,-155
133,125
-184,-205
104,113
156,150
-117,-101
-149,-146
-130,-131
-134,-131
-144,-141
106,-102
109,-105
-181,-176
-147,-144
-142,-136
136,134
-165,-152
-110,-115
-184,-178
129,119
-143,-135
-166,-177
-118,-108
-155,-152
-116,-122
105,106
-110,-109
-172,-185
-107,-105
-121,-121
129,115
-175,-170
-132,-117
120,136
124,113
107,115
-154,-145
-155,-145
-157,-190
121,111
-101,103
-129,-146
147,140
-159,-158
-118,-115
-131,-138
121,144
-220,-208
-119,-116
-113,-105
-225,-230
110,125
-118,-122
159,173
-130,-135
-118,-114
-106,-101
-111,-110
-205,-188
103,101
-137,-134
-162,-154
-197,-200
-125,-116
-167,-148
-162,-167
156,147
-122,-129
129,128
-122,-141
-110,101
-127,-134
138,140
-225,-233
134,134
100,-110
-210,-205
-149,-155
-108,-104
-118,-113
-140,-136
143,149
114,120
129,119
-108,-118
123,116
101,111
-107,-120
-137,-145
101,-118
-195,-208
-153,-145
-288,-286
-132,-135
-170,-182
161,152
114,111
-297,-295
115,117
130,133
-167,-163
-148,-123
114,117
-134,-141
-170,-175
-138,-141
-175,-163
-137,-133
-168,-167
175,175
123,126
-130,-123
121,123
-123,-131
159,167
-154,-154
-181,-193
126,121
-173,-178
-127,-124
-260,-240
-113,-112
-126,-120
181,188
124,133
-156,-154
119,125
-113,-104
-210,-208
156,163
-178,-195
-122,-126
-150,-156
-210,-208
-133,-140
131,127
-118,-113
-108,-102
109,113
-130,-117
126,114
-184,-193
-190,-221
-152,-177
-153,-156
-207,-235
-181,-177
-128,-118
-161,-159
-130,-117
-130,-138
-123,-130
-126,-132
137,131
-105,101
152,147
-159,-139
-213,-208
-195,-204
-116,-112
-209,-190
-208,-230
108,102
-132,-120
-105,101
-143,-130
-155,-146
104,103
-141,-128
123,121
130,115
-171,-163
-212,-193
-158,-151
-140,-140
-175,-176
-185,-155
165,154
-109,-103
-130,-127
-139,-119
138,142
-114,-119
-126,-118
135,150
-210,-232
104,-123
-122,-120
165,161
119,112
-137,-153
-119,-110
-160,-173
-111,-107
115,-107
-117,-115
121,127
-165,-180
-177,-177
104,104
161,161
134,117
121,123
-138,-129
-151,-153
-111,-133
-135,-134
-120,-143
122,114
-230,-238
-111,101
116,116
-175,-168
-105,-108
-137,-190
121,109
165,157
105,-112
-117,-128
-152,-152
-138,-143
122,133
-115,-118
178,164
-190,-197
-120,-127
-160,-185
-120,-120
-232,-225
117,127
163,166
-137,-133
-126,-160
179,223
-263,-285
-116,-123
128,145
-117,-106
-176,-150
-125,-128
-207,-213
-125,-142
-113,-121
284,301
-130,-121
-142,-134
-253,-277
126,138
125,114
-200,-185
-140,-141
131,143
-114,-115
-180,-162
-170,-172
-185,-146
122,104
-106,-104
112,111
-134,-127
-130,-131
-208,-238
-104,-116
-101,105
-203,-212
104,117
143,153
-101,-101
-170,-147
-155,-169
-201,-181
150,151
100,-104
137,129
-129,-135
-116,-110
-225,-208
126,131
100,-113
-199,-199
-166,-141
152,148
-139,-151
-119,-126
-104,-117
-178,-178
-113,-130
-148,-138
-120,-114
140,138
112,102
-122,-112
171,160
-180,-157
-128,-125
-146,-168
-290,-305
-121,-137
-111,-102
-109,-121
-118,-115
-162,-172
120,135
106,-110
147,158
-130,-125
110,104
115,119
-190,-184
-164,-165
-108,-123
-122,-105
-123,-130
-113,-105
-101,106
128,128
-122,-117
-113,-129
-113,-118
-257,-270
115,-105
128,147
-163,-149
-129,-133
129,122
136,155
-285,-298
-163,-149
134,132
-130,-123
125,115
-149,-135
-127,115
114,114
-205,-207
-142,-134
110,110
-103,-125
-150,-144
-170,-156
-161,-150
134,132
-205,-207
-208,-204
-110,-135
156,154
130,136
-147,-110
145,151
-170,-183
-130,-119
-110,-117
-108,-109
-143,-162
-170,-199
-138,-144
157,148
-170,-230
-190,-160
139,122
176,176
147,144
-177,-155
138,136
-154,-157
-193,-196
-142,-165
-125,-120
-170,-171
-215,-221
-150,-157
147,170
-175,-182
-230,-236
111,-108
165,174
-104,100
-128,-121
169,145
104,130
-102,102
102,101
-170,-178
103,110
-155,-170
-108,-118
-177,-188
-195,-179
-203,-214
-162,-175
-123,-120
-170,-170
-127,-133
-102,-106
120,132
156,147
-125,-122
-119,-117
-120,-116
-135,-132
103,-102
-125,-115
-110,-131
-104,-114
-136,-151
-103,101
-111,-134
-119,-125
-125,100
-152,-163
-143,-141
-122,-139
-105,-110
-144,-155
-120,-145
-129,-122
-119,-105
-130,-119
104,-102
-165,-142
-197,-150
-209,-165
-130,-115
-175,-190
155,127
-150,-153
-149,-129
-132,-118
-123,-134
103,103
-158,-120
-178,-140
-105,-102
-151,-158
-136,-124
-124,-128
-107,-107
119,124
-119,-116
102,106
-148,-126
-204,-161
-122,-134
-108,110
-133,-122
-127,-114
-157,-150
-137,-124
-103,-105
135,116
-134,-133
110,-104
-160,-134
-142,-109
103,-101
-145,-125
-146,-150
-140,120
-114,-105
-128,-136
-106,-120
-118,-111
-147,-129
112,104
-140,-110
-108,105
-133,-133
-118,-109
-107,-116
106,116
-150,-117
-139,-115
149,149
105,-113
-130,-107
-102,-104
-143,-119
-154,-130
185,174
-160,-150
-135,-123
-122,-125
-160,-139
-102,-111
-137,-117
-127,-102
-118,-112
108,100
-101,-109
-121,-103
-118,105
120,113
-113,-117
150,132
-181,-167
-116,-122
-132,-110
128,125
-138,-129
105,107
-134,-125
-105,-117
185,175
126,120
-150,-161
-128,-142
-118,-129
-106,-137
111,115
-113,-105
-166,-162
-114,-108
104,105
-163,-164
-122,-115
-138,-131
-114,-137
102,108
-137,-127
-129,-121
-143,-141
-140,-125
-130,-113
-110,105
-118,-106
103,-114
-230,-207
-119,106
-143,-147
-108,-124
100,110
-125,-127
-134,-133
-125,-138
-120,-103
-148,-140
115,112
104,120
-137,-150
-114,-104
-121,-105
-142,-154
-131,-126
-153,-128
-115,-119
-163,-170
118,106
-113,-102
-139,-139
-132,-128
-108,101
106,107
-132,-138
-142,-155
-113,-143
-164,-155
-123,-118
151,170
-260,-260
-137,-133
-126,-123
-114,-104
-102,107
-241,-260
-115,-118
-155,-158
-116,-112
-135,-136
-137,-172
-133,-130
-109,-111
-124,-146
-131,-105
-189,-178
-150,-128
-139,-135
-102,101
-129,-123
-181,-177
-110,-116
-214,-194
106,109
-138,-138
-148,-172
-142,-139
-135,-140
-180,-185
115,104
-178,-158
-183,-170
-160,-170
113,121
112,102
-225,-210
-127,-120
-175,-164
-117,-126
-118,-103
-113,-109
104,-108
-155,-205
-152,-137
-130,-121
-152,-153
-131,-130
-146,-144
-126,-126
-121,-117
-146,-149
-128,-125
109,117
-102,-122
118,123
108,106
-144,-143
-122,-116
-109,-119
-117,-107
-101,-113
-139,-140
-131,-131
-113,104
-104,110
-113,-110
120,126
111,109
-138,-158
132,129
-122,-127
-150,-147
-177,-183
-103,-107
110,100
-110,102
-111,-112
-126,-126
-118,-123
-106,-118
-119,106
110,-104
-139,-150
-105,103
104,114
104,-104
-134,-118
104,-108
-121,-134
108,112
-102,102
104,-107
-132,-115
-116,-130
-104,-124
115,109
-188,-199
-125,-146
122,121
100,114
122,129
-185,-175
-105,-124
111,110
110,105
-114,-109
-155,-147
-121,-112
108,109
-161,-150
-109,-127
117,118
-111,-135
146,147
-159,-145
103,-103
122,129
-111,-103
106,-104
105,107
103,100
-151,-162
111,107
-102,-132
-138,-147
-128,-150
130,121
129,115
-142,-153
-135,-142
104,108
-137,-127
146,146
-108,-116
-160,-137
-116,-119
-114,-139
-145,-139
-125,-119
-109,-110
-150,-150
-137,-122
-132,-140
119,119
-150,-146
-130,-114
140,127
-156,-156
-133,-132
-190,-193
-126,-125
-201,-215
-123,101
115,106
-159,-185
-123,-108
-122,-125
-128,-113
-116,-108
-102,-104
-117,-106
-105,-107
-107,-114
-118,-113
-156,-121
-102,-107
-188,-194
110,103
147,147
-194,-205
-138,-153
-118,-154
113,107
-108,-120
141,137
-108,107
-108,-125
-155,-240
-111,100
104,123
-105,110
-107,-113
-147,-145
100,104
105,112
-138,-138
-114,-118
-175,-182
-113,-115
135,134
-152,-142
-139,-142
100,101
-118,-108
-126,-134
-105,-113
-106,-114
-147,-151
-115,-115
102,104
-140,-134
110,113
-166,-175
-113,-130
121,113
-117,-110
-106,-109
-140,-135
126,113
-153,-174
112,120
-106,-107
-153,-137
-119,-119
132,128
-190,-180
108,106
-160,-145
-127,-142
123,106
-179,-170
-141,-147
-103,111
-113,-110
-110,-120
-111,100
-146,-139
172,156
-161,-163
-118,-120
-114,-110
-149,-147
-136,-148
120,123
-132,-148
-196,-194
-119,-117
-132,-131
-140,-141
-109,-118
-110,-108
154,126
-169,-166
102,112
-104,103
-162,-151
113,105
-133,-136
-122,-116
-165,-153
-125,-123
-125,-123
-107,-108
-118,-131
-140,-164
-117,-134
-143,-147
108,104
-211,-192
101,-133
118,136
-130,-148
-129,-126
-135,-144
-122,-125
-130,-126
-125,-132
-125,-114
-144,-125
-106,104
-111,-115
100,-102
104,100
-126,-136
108,-114
100,-116
-160,-155
-184,-202
-116,-116
-122,-137
100,-108
-119,-126
-137,-148
127,122
-118,-106
-134,-165
119,115
112,107
102,109
-118,-110
-110,-117
129,102
-142,-150
-119,-117
-115,-115
100,103
129,102
100,-101
-142,-150
-155,-159
-104,-130
108,112
-120,-137
-113,-113
-117,-107
-134,-135
-163,-159
-162,-175
-114,101
-101,102
-120,-112
-146,-159
-120,-102
167,148
-111,-107
-147,-170
132,112
-172,-159
125,-101
-116,-104
-160,-159
-134,-138
-127,-116
-101,-110
102,125
-213,-215
-109,-107
-141,-145
153,153
-119,-125
143,136
-147,-133
-105,-120
112,-103
-183,-173
115,121
-137,-155
-133,-146
-121,-127
-135,-147
143,142
-123,-136
-143,-160
-107,-137
-122,-130
135,135
-134,-131
-151,-142
-110,-119
-168,-167
102,115
-156,-157
-147,-133
100,-101
-101,-107
107,115
-120,-138
-106,-132
-128,-137
-114,-125
122,117
-119,-110
-180,-220
107,-104
-174,-180
110,122
-119,-140
117,115
-157,-166
102,100
-101,-107
-119,-110
-122,-111
108,105
-125,-130
-104,-110
-118,-123
-125,-128
-295,-318
-130,-143
-140,-125
115,106
-119,-131
120,122
-107,-102
-148,-115
108,122
-119,-127
-102,108
-124,-119
-170,-168
-158,-156
123,132
-238,-190
105,-101
-140,-134
-111,-127
-105,-102
-144,-139
-101,-101
-118,-113
126,118
100,117
113,126
-127,-123
-151,-133
-148,-136
123,130
-202,-214
-140,-155
-131,-133
-139,-120
-134,-140
-109,-102
113,116
-142,-141
116,113
-111,-105
-125,-121
-113,-142
-139,-116
-106,-116
-103,102
-142,-137
-114,-120
-122,-139
-121,-118
-112,-118
-124,-144
109,106
-177,-154
-168,-162
-130,-129
117,126
-109,-113
-125,-125
108,115
100,-103
-131,-159
-125,-126
-131,-126
-137,-135
-147,-151
-136,-160
108,122
-156,-142
-149,-140
-134,-153
-163,-155
-132,-131
-130,-137
101,118
115,116
-161,-163
-110,101
-137,-138
101,104
115,114
-153,-149
116,119
-125,-121
-111,-104
-143,-161
-113,-108
-128,-106
-171,-181
-106,-115
102,-102
122,109
-152,-175
-107,104
-123,120
-129,-130
-148,-168
-129,-130
-286,-270
-185,-195
129,138
103,100
-105,-108
-180,-185
-105,-105
-106,-106
-106,-104
115,115
-192,-235
-119,-111
-118,102
-185,-165
-107,-115
-136,-164
-150,-137
-155,-152
-116,-140
-105,-105
-114,-129
-164,-168
-117,-133
102,-105
115,118
-175,-180
-150,-152
115,-104
-139,-140
-160,-184
121,108
-168,-168
-134,-120
-134,-103
106,116
-110,-130
-131,-162
-160,-159
-190,-190
106,106
-148,-157
-139,-143
-108,-133
-104,100
-126,-120
-136,-126
-159,-150
-142,-126
-142,-137
-120,-125
-135,-131
-102,-110
-163,-166
-245,-259
120,132
-149,-156
-110,-145
108,102
-110,-118
-111,-101
-145,-137
-196,-186
-167,-171
-116,-112
127,119
-153,-156
-101,-110
-169,-184
-210,-177
-104,106
-115,-132
-153,-150
-127,-145
-109,-118
-143,-137
-160,-202
-186,-168
-168,-160
108,113
-120,-121
-163,-157
100,114
135,-173
135,-173
-124,-130
-119,118
116,105
-145,-116
105,-101
116,117
-129,-113
-141,-145
-114,-115
-137,-161
-108,-107
-164,-157
-104,107
-137,-143
-111,-120
-178,-159
-148,-145
-108,-110
-120,-132
-107,-113
113,111
-123,-132
-142,-144
119,118
-166,-152
-131,-140
-124,-134
-125,-113
-145,-131
-126,-119
-117,-123
-115,-121
-135,-133
-122,101
114,-110
-110,103
-180,-205
-114,108
-139,-145
-105,-113
-114,-108
-103,109
100,101
-107,-106
-127,-126
-131,-127
102,-108
-101,-101
106,108
112,115
-110,-106
-121,-102
117,113
192,190
-152,-138
-140,-135
-113,-113
126,121
-160,-150
165,170
-150,-160
-102,100
-142,-133
104,-105
116,-110
148,161
114,120
165,170
-150,-165
-166,-190
-104,-109
103,-108
-135,-125
-102,-121
102,112
-150,-160
-160,-146
-128,-142
-121,-124
123,146
107,110
-127,-130
123,109
120,108
-152,-170
-160,-146
114,-104
-143,-150
-102,-106
114,112
-128,-117
-130,-130
-149,-167
-125,-103
-119,-113
100,115
-110,-110
-139,-156
129,122
-118,101
-113,-103
-120,-133
-116,-123
-125,-118
-126,-127
-127,-150
-126,-150
-110,-102
-126,-126
-125,-128
-108,-118
107,117
-109,112
126,115
-120,-123
102,-107
-148,-169
-109,104
-145,-157
112,101
151,160
-148,-154
-109,104
100,-130
-115,-140
-105,-109
-111,100
-107,104
163,173
-185,-192
-171,-190
-161,-148
-110,-113
-183,-186
-135,-131
-125,-131
-108,-105
-117,-104
-102,110
107,123
-144,-175
135,136
-173,-175
125,130
-150,-160
123,122
-118,-130
-164,-146
-143,-135
-108,-101
-163,-171
-159,-130
-114,-105
-133,-119
126,130
-105,109
-157,-160
-105,104
-113,-143
119,133
-105,102
-144,-143
-205,-175
-137,-134
117,114
-186,-193
-123,-117
114,106
-176,-190
-116,-124
-108,-121
-173,-175
-115,-106
-107,102
-140,-106
-101,100
-148,-142
-139,-165
-141,-146
104,112
-140,-131
-155,-160
119,136
-151,-135
-125,-130
108,-105
-107,-105
-140,-156
-135,-132
-113,103
-108,-101
-107,-126
-158,-177
100,-104
-175,-153
-115,-108
-131,-146
-109,-125
-130,-113
-132,-132
-109,-125
214,183
-129,-128
114,118
-120,-109
-171,-210
138,119
-104,-104
-111,100
-145,-136
-143,-154
-170,-173
-148,-143
-132,107
-150,-133
-139,-143
143,146
-118,-138
-101,-116
-132,-137
-250,-282
-133,-129
-136,-120
-120,-120
-143,-132
-120,-120
124,120
-155,-149
120,141
-127,-127
107,-103
-117,-115
-115,-115
102,106
-144,-134
-130,-133
-112,-115
133,137
-139,-148
-155,-170
-175,-192
-193,-193
-195,-182
107,-101
106,105
-165,-168
147,125
-116,-115
-187,-239
-115,-119
-104,-121
-110,-121
-180,-180
-153,-159
-159,-160
-148,-136
-141,-141
-171,-172
104,104
130,140
-180,-170
-103,-108
-104,100
-197,-190
-116,100
-139,-160
-123,-125
-108,-129
152,146
-111,-108
-120,-127
-107,-103
107,-105
-194,-195
-121,-138
-188,-195
110,105
-167,-170
-130,-132
115,127
-148,-139
-245,-275
115,-101
156,146
104,103
-162,-144
105,101
-144,-129
-135,-139
-159,-150
129,119
-142,-130
-130,-143
125,111
118,102
-242,-255
-154,-154
-139,-111
-142,-105
-101,101
-113,-101
110,-102
-126,-121
-139,-142
130,134
107,112
-110,-103
-151,-140
155,180
-154,-171
-168,-195
-129,-131
-150,-113
-121,-117
102,-102
-118,-144
114,111
-120,-125
-124,-130
104,116
-124,-143
-102,105
-142,-145
162,137
-177,-176
-122,-156
-122,-110
-122,-127
-134,-109
104,126
-164,-148
-117,-115
-115,-113
-115,-113
116,116
-122,100
-108,102
-166,-165
204,177
-113,-118
-119,-132
-145,-132
-133,-138
-125,-123
-156,-148
165,165
-273,-280
104,-124
109,115
-150,-158
-109,-115
101,100
107,-150
-113,-110
-118,-114
-101,-115
113,126
-129,-153
116,115
-240,-275
-187,-175
123,121
-158,-161
-128,-115
-155,-169
-133,-140
124,119
-187,-178
-156,-201
-115,100
-106,-102
101,101
-117,-132
-105,-119
-109,-117
-123,-124
109,104
-107,-116
-123,115
-151,-130
-120,-130
-136,-160
-150,-160
-120,-143
-150,-148
124,106
135,130
-119,-131
106,104
-139,-142
-186,-240
-116,-113
-162,-158
-116,-120
109,111
100,101
-141,-125
-125,-124
111,120
-103,-133
-108,-127
-125,-116
-165,-167
188,170
-135,-125
-160,-153
-117,-110
-145,-173
-168,-162
-135,-126
-139,-145
190,259
-118,-134
115,121
-155,-143
-120,-160
-130,-132
161,156
-112,-104
-120,-158
-168,-175
-168,-160
-129,-134
-140,-140
-130,-132
-222,-220
-153,-141
179,197
-150,-158
101,-101
102,106
-181,-170
161,156
-119,-121
-130,-120
-156,-170
-132,-124
134,144
136,144
-151,-159
-127,-126
-132,-132
-145,-140
-118,104
112,105
105,127
-168,-140
-146,-148
109,106
-120,-122
-125,-125
-119,-129
103,104
-115,-118
-107,-125
-155,-140
110,104
-140,-133
-154,-149
113,110
116,136
-171,-188
-111,-113
125,114
109,104
-182,-198
-120,-102
-115,-108
-113,-106
124,118
-181,-174
117,126
-145,-152
-121,-115
115,118
-137,-155
113,127
-148,-156
117,123
-142,-110
-148,-148
-147,-115
-130,-108
200,175
127,125
131,145
-133,-116
-165,-168
-138,-114
-169,-193
104,105
-146,-134
-270,-255
-178,-163
-177,-151
-155,-115
-155,-121
-120,-126
-116,-116
108,110
-108,-109
-108,-111
-143,-155
-118,-144
-133,-127
-105,-109
-158,-156
-165,-160
-182,-177
-200,-205
116,120
-104,-104
-161,-165
-125,-104
105,116
-104,104
-125,-129
-130,-165
-114,-116
-142,-130
-115,-122
-138,-144
-155,-152
-120,-104
-164,-180
-117,-110
-160,-156
-128,-129
101,112
-137,-153
109,110
-141,-118
-148,-175
-118,-120
-142,-141
-178,-245
-143,-113
-131,-118
-140,-121
-142,-167
-130,-118
121,101
-137,-128
-130,-176
103,113
-143,-145
-165,-190
-170,-175
-159,-210
-130,-122
101,108
-260,-240
-137,-137
-142,-167
-130,-118
-119,114
118,115
-132,-112
-159,-138
119,118
-114,-115
-140,-132
-167,-175
-101,101
-104,-106
-380,-370
-138,-131
-114,-116
122,130
142,146
-128,-140
102,-108
-151,-146
135,116
-121,-118
-133,-148
-340,-304
102,-106
-132,-128
-104,-117
-109,106
-132,-138
-105,-116
-148,-160
-101,108
-121,-121
-107,-103
-160,-153
-111,100
-150,-150
-154,-165
-132,-124
-129,-136
100,103
-120,-136
-108,-114
-148,-130
-140,-145
-111,108
-115,120
-126,-146
102,-103
-148,-140
-132,-144
-163,-153
-193,-192
-115,-117
-117,-118
-102,120
-108,-122
-125,-102
-119,106
-121,-130
-153,-165
134,138
-144,-129
110,114
-175,-150
-120,-104
-118,-133
-209,-205
-122,-135
-162,-165
-105,-117
101,102
-113,-114
-111,100
-130,-127
116,120
-106,-104
-143,-134
-113,-114
-114,113
156,161
-180,-170
-135,-140
-115,-109
-163,-166
-119,-114
-139,-146
-150,-148
-133,-130
-135,-134
145,153
146,144
-150,-136
-130,-116
174,201
115,104
-163,-149
-145,-171
-105,-105
-140,-158
-110,-105
-146,-135
-142,-131
-109,-116
135,147
-110,-111
-163,-175
-104,-102
-125,-154
-143,-154
-140,-142
-115,-133
117,105
114,101
109,-102
-160,-181
-121,-114
-121,-114
-106,-108
136,125
-141,-161
-112,-118
-129,-133
-107,-114
-101,103
134,107
-133,-155
-113,-120
-125,-116
109,116
117,108
123,126
-125,-131
-155,-124
112,-106
106,106
108,127
116,110
116,124
121,124
-113,-128
-103,102
100,103
-117,-114
-134,-142
100,103
-102,-112
136,142
115,106
-175,-160
-125,-108
-129,-127
-126,-138.1
-116,-102
126,135
144,160
-139,-157
-148,-139
-137,-142
-150,-130
-136,-132
-135,-130
189,232
-145,-147
110,124
-166,-181
-145,-155
-113,111
-167,-185
-180,-192
-137,-153
-160,-160
-108,-115
-138,-145
-148,103
-104,103
-128,-152
-119,-123
126,142
-116,-128
-265,-265
-142,-138
-144,-159
113,119
-192,-220
-114,-113
-112,103
122,118
-131,-125
-134,-140
-108,-125
-142,-130
-117,-116
111,-102
-167,-195
-182,-210
-163,-149
106,120
-132,-144
-224,-190
110,110
-159,-147
-107,106
-135,-150
109,100
122,115
-105,-105
-116,-148
104,115
-135,-137
-190,-178
-186,-185
104,111
-168,-160
-123,-125
-177,-163
-125,-165
-197,-162
-169,-141
-115,-117
-108,-102
-164,-195
110,103
-118,-140
-156,-176
-177,-177
-115,-136
-170,-138
-165,-145
101,107
-115,-117
-155,-154
105,108
-127,-138
-225,-265
107,-105
-140,-133
-119,-124
-117,-132
-174,-168
-199,-172
-123,-113
-166,-164
-265,-222
-164,-174
-164,-175
-125,101
129,153
-210,-151
-239,-273
118,120
-118,-103
-108,114
-155,-130
103,117
155,173
126,126
120,119
-218,-183
-155,-140
-135,-123
120,116
110,144
-112,100
-139,-120
156,174
-185,-180
-141,-135
-104,114
-106,115
111,131
-209,-235
-163,-168
100,-109
102,109
111,117
-116,-110
-108,100
151,156
-117,-106
-120,-111
-210,-205
-194,-207
-109,-116
110,131
100,100
-170,-167
-134,-149
-123,-123
106,118
137,130
-104,-101
-113,-128
-138,-138
-115,-127
-145,-148
-147,-137
-138,-144
102,-105
102,-110
-143,-146
-190,-190
-152,-183
-128,-143
-121,-113
118,129
-145,-142
123,104
122,100
-109,-108
-130,-126
-147,-121
-109,-118
-120,-114
118,114
-177,-220
104,108
102,-101
147,156
136,125
-123,-115
-189,-178
108,103
-210,-179
111,120
-113,-118
103,-108
-111,104
170,205
-168,-163
108,111
-106,-124
-115,-113
112,110
120,112
-125,-127
-155,-136
116,110
-170,-182
-119,-143
-118,-123
134,152
153,162
167,150
-189,-184
144,150
-117,-116
113,104
162,175
135,143
-106,-104
-150,-177
-147,-130
120,106
112,-103
217,241
-113,100
-182,-155
-117,-120
-118,-136
145,143
-125,-128
-129,-110
-153,-151
-132,-117
-158,-178
104,103
129,129
136,141
-131,-128
108,106
-150,-145
-158,-158
128,125
-110,100
-110,-111
-146,-131
-117,103
-109,-113
-136,-142
-200,-205
117,104
-127,-153
110,-101
-137,-131
104,102
-195,-208
-142,-137
125,143
-127,-110
133,143
-126,-110
-118,-139
-127,-115
-137,-150
-248,-270
108,113
106,106
-135,-131
-159,-160
-168,-170
-175,-183
-167,-162
125,106
-160,-174
-129,-151
-131,-141
104,112
-137,-131
-181,-153
-195,-220
-159,-179
-122,-107
115,116
-190,-195
-111,-135
101,104
-120,-120
-240,-212
-145,-165
-140,-138
-133,-143
-121,-116
-195,-166
-160,-196
-153,-145
-116,-120
-165,-185
115,108
-194,-219
-126,-109
109,111
-130,-129
-195,-220
-174,-170
-126,-130
-162,-181
-128,-115
-200,-186
-153,-165
-111,-120
-113,-118
-215,-194
103,122
-185,-155
-244,-243
-220,-199
100,114
-193,-159
-115,100
-120,-133
116,123
-125,-122
114,117
-105,100
-172,-171
128,122
-218,-197
-200,-223
-231,-225
-153,-185
-164,-170
-119,-112
111,116
-116,-125
-110,-106
138,119
-167,-149
134,142
121,107
-179,-167
102,-114
-145,-144
-205,-190
-121,-125
-139,-125
-170,-169
-114,-113
106,-118
128,116
134,115
-105,-115
-127,-132
-101,105
-178,-194
-225,-225
120,119
-187,-170
-220,-240
-133,-121
-176,-171
-165,-166
-168,-167
-104,-112
-119,-117
-101,-116
-167,-148
-190,-203
-155,-154
-139,-159
110,105
-145,-150
-150,-155
-108,-106
-145,-142
-141,-174
-157,-159
-203,-191
-167,-186
-170,-193
-117,-133
-150,-158
105,-117
204,220
-148,-152
-163,-139
101,100
124,134
-146,-141
-111,-116
161,148
134,152
-157,-129
-167,-153
-131,-120
126,123
-204,-179
104,107
131,108
-145,-140
-175,-166
-120,-132
-130,-142
-172,-159
-177,-173
186,221
126,136
119,115
-250,-290
-112,-122
-159,-148
-103,-110
-153,-167
-142,-150
-128,-130
-122,-113
-105,-107
165,182
116,134
-192,-178
-108,-102
-147,-126
145,138
-119,-126
-154,-147
-170,-160
100,-103
-135,-138
122,112
115,104
-111,-123
-123,-120
145,163
-119,-116
-220,-195
-113,-110
-125,-137
124,129
115,115
-150,-155
-154,-154
111,104
-130,-126
-163,-162
119,119
-120,-146
106,-103
104,115
-127,-113
-198,-216
-140,-141
-163,-150
-104,-114
162,140
-155,-190
-160,-170
104,114
-112,-127
-170,-180
133,136
115,110
125,118
-105,-113
-128,-130
-122,-115
-122,-132
-136,-127
-128,-108
-132,-164
186,210
-170,-162
139,132
120,110
104,108
-137,-120
-125,-129
136,129
-108,-115
119,129
133,118
-152,-161
-150,-139
188,183
-115,-111
145,129
-170,-185
117,110
118,120
-132,-132
-149,-135
-192,-212
-103,-101
-141,-146
-125,-155
160,161
-131,-131
-193,-182
139,122
-160,-147
143,135
-150,-135
102,-127
162,171
108,107
-135,-114
-159,-182
173,182
-155,-132
143,141
182,197
-156,-172
-137,-129
126,106
130,103
-123,-123
-138,-126
-195,-200
-206,-240
-132,-118
-230,-253
-209,-191
119,109
105,102
-250,-276
203,186
102,-102
122,115
125,107
103,-110
-140,-150
-101,107
-196,-193
101,116
-135,-132
-239,-220
-222,-237
129,104
-115,102
-232,-245
170,192
-148,-142
106,143
-107,107
100,128
-140,-135
-125,-118
-181,-161
109,115
-123,-116
-216,-185
-233,-208
122,136
-109,-116
-246,-244
152,131
-104,100
143,140
-135,-164
117,105
106,101
106,104
-195,-215
-193,-221
-119,-133
-115,-131
-207,-200
-220,-245
-153,-144
106,112
-128,-134
-146,-126
134,136
100,118
134,136
138,138
-150,-143
-191,-174
-150,-180
-106,-104
113,133
-197,-219
146,148
-164,-160
-132,-113
-125,-150
-108,-104
-145,105
-146,-128
102,-130
-115,-126
-153,-145
-164,-160
-186,-183
106,106
132,117
-243,-225
135,131
-166,-160
-245,-243
-131,-138
114,142
127,127
-240,-224
-131,-114
-188,-165
135,139
138,121
115,-113
-231,-203
-200,-161
-179,-168
-175,-178
125,127
105,112
-191,-196
162,157
-185,-223
-147,-150
-129,-142
-101,-120
-153,-163
-152,-160
-114,-116
-220,-215
-205,-178
-290,-272
-139,-103
144,136
106,-107
-114,-116
-194,-185
131,118
-203,-214
-147,-160
113,116
-115,-138
-177,-171
100,-111
-171,-155
-244,-239
-172,-168
-190,-215
-140,-137
111,-106
106,111
-231,-235
130,140
-185,-210
-110,-102
131,115
165,168
121,107
-123,-128
-140,-106
-154,-150
-142,-142
-187,-180
-166,-180
135,136
155,152
-130,-119
-186,-195
-197,-220
115,-115
-108,-130
122,116
103,-113
123,115
-145,-131
-159,-162
-153,-145
123,125
-144,-116
-106,-110
165,150
106,107
-164,-175
-113,-102
110,113
-107,104
110,111
120,122
134,118
115,122
-133,-134
-125,-129
103,100
-160,-167
134,146
-144,-149
-131,-127
-167,-190
-115,103
128,143
100,-117
134,125
-104,104
104,114
-151,-158
-187,-200
-174,-175
137,105
128,122
-119,-111
241,249
-155,-153
241,249
-165,-190
126,142
105,105
117,-105
-160,-171
-110,-109
165,182
-136,-126
-130,-127
136,142
143,137
123,135
-126,-131
-104,105
166,161
-155,-179
112,114
111,115
106,115
-165,-175
-125,-117
182,183
-170,-169
-175,-196
129,121
-126,-131
-160,-151
-111,-109
-137,-160
165,168
-175,-192
-111,-109
102,108
108,126
143,127
-205,-200
-184,-174
152,131
-142,-136
-160,-173
122,125
-133,-149
173,179
102,102
-131,-152
-170,-156
-351,-355
-148,-167
-119,-110
-135,-150
-180,-190
-104,-113
106,134
-107,-110
143,138
-158,-150
-179,-170
-138,-136
-158,-150
-158,-134
-240,-195
-160,-153
-111,-110
-127,104
-235,-235
-123,-111
-152,-158
-114,-108
150,161
162,139
210,215
-143,-146
-120,-131
124,127
-163,-167
-192,-157
-143,-157
133,154
-132,-117
-210,-197
-127,-122
-137,-144
-114,-129
141,156
223,210
179,188
-114,-118
-108,111
-130,-108
-101,110
-135,-130
-165,-161
-155,-158
134,115
199,157
-200,-220
-121,-118
-175,-190
134,131
-121,-119
-110,104
-140,-148
102,-105
-190,-210
-108,-130
-190,-176
-111,-117
-152,-119
-107,-110
-121,-117
-121,-117
-137,100
-104,-101
-180,-165
-159,-184
-145,-142
122,133
-208,-220
-112,-113
-136,-141
-116,-143
-200,-184
-114,-104
-188,-175
108,111
-114,-104
-140,-132
-115,108
-198,-188
-168,-171
102,106
129,138
-285,-270
-160,-155
-220,-217
-140,-150
106,118
116,113
-103,-104
-130,-140
122,133
-220,-195
-175,-170
-190,-170
122,133
-181,-164
-199,-165
-230,-223
122,101
105,109
-160,-167
-173,-146
-220,-192
-147,-140
106,105
-210,-195
106,111
-308,-327
-133,-104
-161,-167
127,131
102,-104
-120,-142
-126,-113
111,108
-165,-166
-155,-145
-200,-225
-180,-175
-169,-133
-180,-157
118,124
-215,-223
-169,-182
-160,-175
130,126
-165,-182
-113,-115
-119,-114
117,107
-139,-145
-228,-215
-118,100
-125,-135
-200,-200
150,148
-165,-178
117,118
-163,-173
146,125
-119,-129
138,134
105,111
-200,-200
-110,100
-152,-141
107,144
129,129
-231,-220
-103,-102
123,118
-244,-240
-115,-115
-165,-182
-132,-180
-165,-161
-132,-140
-110,-104
-105,109
110,115
-159,-166
-130,-124
158,151
-242,-227
115,121
141,136
-277,-265
100,100
-104,-108
133,-112
-180,-185
-148,-148
-135,-143
-120,-134
102,103
-184,-190
110,108
146,141
-225,-221
125,121
-102,114
-200,-215
-193,-176
-109,102
103,-102
-178,-164
-223,-219
-116,104
-195,-190
-135,-129
-133,-143
115,127
143,171
-156,-169
-165,-185
-137,-142
120,-106
-174,-180
123,125
-166,-175
-197,-178
135,126
121,134
115,118
-142,-148
-158,-178
168,165
-163,-154
135,121
-174,-170
-151,-153
149,141
-180,-167
150,145
-157,-120
-172,-185
154,142
104,-121
-130,107
-145,-173
-155,-145
-174,-170
158,165
-244,-236
-151,-153
149,141
140,150
-125,-109
-140,-140
130,106
-185,-201
120,123
104,122
111,-102
-135,-136
-102,-102
153,-105
-182,-182
165,188
-125,-117
-124,-124
189,214
-235,-240
-150,-142
-200,-225
161,157
-120,-115
-180,-186
-190,-195
118,112
116,116
111,109
-115,-148
-134,-153
-125,-109
-165,-194
146,179
-200,-185
-170,-126
106,114
143,152
108,111
111,109
-115,-148
-157,-145
-250,-302
-104,-107
-134,-153
127,137
-130,-120
-156,-118
138,121
-230,-205
-130,-117
-115,-121
134,135
126,157
114,118
-104,128
-127,-119
-360,-345
127,137
108,139
-150,-205
-102,-107
118,119
-237,-242
-137,-130
-175,-165
-125,-129
-108,-108
-199,-190
-133,-137
-190,-170
122,129
-175,-175
126,140
-127,-126
-220,-202
-180,-162
-115,-117
141,136
-181,-170
-131,-130
-150,-134
115,107
121,131
-117,-125
156,125
-164,-149
-152,-154
109,103
-145,-142
-115,-108
127,133
-101,-113
117,108
-135,-137
-127,-130
-140,-159
107,110
101,-119
105,-120
-119,133
-220,-179
163,180
-120,-117
-147,-174
160,155
-120,-122
-105,-117
173,167
128,129
-101,-120
113,114
110,115
102,104
-160,-123
101,-102
125,108
120,140
-116,-109
-123,-102
111,115
-106,-108
-134,-133
-139,-127
-165,-142
-154,-160
-118,-122
119,130
-126,-111
-132,-130
112,121
-117,120
-109,-108
-115,118
186,180
131,149
-114,-110
-121,-108
-114,-117
-131,-131
-136,-123
-145,-133
-117,-137
-165,-155
125,115
115,127
115,107
-125,-108
-155,-155
-125,-119
-170,-145
-230,-265
150,126
-155,-143
135,148
122,117
-124,-129
-119,-120
-119,-105
-166,-166
104,140
114,128
-141,-123
-108,-109
-141,-125
-171,-159
126,111
-156,-123
131,128
-115,-121
-130,-148
160,187
147,146
-130,-142
-145,-151
-150,-162
-190,-155
-255,-230
115,102
-120,-131
165,151
-105,103
-115,-121
-225,-230
-192,-185
104,106
-202,-185
-130,-136
-160,-143
-155,-152
-170,-166
-142,-158
-128,-117
-170,-167
-130,-137
-200,-175
-165,-155
117,109
-135,-128
-105,-113
-133,-128
-117,-114
-130,-113
100,100
-104,-113
-129,-128
-160,-137
-151,-169
-175,-143
-119,-121
-106,-101
-215,-188
-103,104
-120,-123
101,-106
-105,-106
-122,-118
-117,-130
-113,-114
-102,-106
-148,-143
-170,-185
-137,-128
-204,-215
-132,-123
-113,-118
-150,-155
-125,-138
-145,-142
-111,-118
-152,-142
-118,-113
-102,-111
126,132
-174,-203
-108,102
110,102
-180,-180
-245,-230
-178,-197
-102,-118
113,135
-136,-137
-126,-115
-165,-162
-130,-137
-120,-119
123,129
-111,102
-171,-136
-103,-107
-135,-143
-161,-134
-285,-310
-127,-130
-150,-140
101,-120
-153,-133
110,115
-116,-104
115,111
-135,-131
161,179
120,-111
-136,-126
-115,-102
-185,-173
-230,-230
-131,-124
111,101
115,-102
-160,-120
-150,-155
-141,-141
-150,-130
109,127
132,129
-144,-140
106,103
-110,-131
-120,-121
-125,-137
-110,100
-156,-165
156,154
-131,-118
-124,-116
-106,-111
-155,-160
-121,-104
-113,-114
162,197
-149,-173
-163,-166
127,139
-156,-152
-108,102
132,116
135,126
-110,104
-132,-136
-117,-111
-126,-128
-110,-128
-133,-125
-152,-149
120,138
-123,-133
-144,-140
-108,-102
-138,-131
102,-101
-115,-116
-103,-102
122,147
-164,-166
179,181
-161,-153
141,168
-106,-102
228,245
-114,-106
-139,-128
130,140
-101,102
-154,-159
-104,114
157,174
-114,-128
-146,-133
183,192
-126,-104
125,118
-151,-161
-169,-157
161,177
-135,-123
-121,-123
-128,-128
-108,-105
120,120
105,102
-150,-180
-132,-118
-138,-135
141,156
102,103
125,107
115,109
-119,-119
134,136
-148,-177
-142,-139
-105,101
-118,-107
135,135
-140,-156
-147,-140
-155,-138
-134,-107
151,149
121,146
102,117
-113,-102
-225,-158
165,154
-144,-181
-104,-101
-104,102
-130,-127
105,134
-113,-113
-140,-120
-138,-122
135,110
-176,-180
-220,-203
136,133
-145,-142
-120,-113
-139,-110
100,110
-160,-137
-128,-134
-190,-180
-124,-120
-126,-120
167,199
113,111
-150,-154
-120,108
124,140
109,114
-290,-310
-200,-226
104,108
112,123
-188,-195
136,147
-185,-210
115,116
-180,-198
-131,-109
-134,-120
-215,-199
110,-105
-130,-128
-109,-120
-167,-157
-110,-115
-114,-102
-200,-202
108,-117
-187,-190
-115,-120
-194,-190
-130,-146
-122,-118
-330,-365
-128,-127
-159,-135
111,111
-269,-275
-110,-114
-153,-155
142,174
-136,-138
-115,-122
105,107
-165,-142
111,130
114,-115
106,109
-180,-172
-143,-144
-117,-119
115,134
-145,-165
-197,-198
110,108
-175,-205
115,109
-120,-115
-103,-102
-116,-101
107,110
-125,-118
-175,-188
-180,-165
-135,-125
-125,-142
-210,-203
119,103
-150,-149
115,116
-113,-102
-125,-140
-152,-151
-130,-115
-120,-113
107,102
-151,-164
-300,-283
-131,-125
108,110
100,109
-205,-200
-108,-142
-133,104
-104,-105
-175,-167
-181,-162
143,150
106,-108
-141,-159
-110,-119
-113,110
-230,-224
-143,-140
179,162
-113,-112
-120,-127
115,119
-118,-140
-171,-151
-120,-117
-155,-174
149,116
-126,-115
-170,-186
-123,-118
-180,-175
-200,-183
-113,-117
115,115
104,111
-187,-184
121,130
-161,-159
-168,-156
-131,-127
-163,-154
116,-111
108,104
-183,-196
130,132
-134,-131
105,-107
-130,-131
-124,-124
-106,-108
167,179
-103,-107
-169,-182
-111,-130
-168,-200
-140,-141
135,155
-102,-102
-186,-202
-138,-135
-129,-130
-135,-128
-128,-128
135,141
-137,-139
-120,-125
106,108
115,119
-130,-111
-104,100
106,115
-115,-119
120,136
-175,-182
108,100
161,136
-113,-111
-209,-214
141,124
106,115
-118,-130
-138,-134
-141,-158
115,115
116,102
-142,-142
126,126
103,-114
-185,-185
-125,-130
-172,-152
-135,109
-191,-193
126,139
-150,-154
-105,113
-127,-116
-104,-109
-125,-119
-143,-130
-219,-220
-148,-161
-108,-113
114,108
-190,-220
-110,-130
-230,-260
103,-106
-122,-133
115,115
-147,-130
111,128
-116,-123
118,116
103,106
-123,-125
-155,-182
-166,-168
-159,-162
111,-114
-125,-107
-116,-116
-268,-250
-120,-117
116,119
118,116
-220,-248
-109,-125
-104,104
-132,-148
104,126
-164,-169
-143,-129
-163,-152
102,102
-176,-188
108,-109
123,126
-220,-248
108,130
-103,-120
-123,-114
-158,-169
-157,-144
-129,-123
-210,-258
124,117
-136,-134
-109,-101
123,115
-155,-163
134,138
-120,-113
-145,-134
-141,-129
-150,-155
-154,-167
-164,-145
106,104
-119,-115
-145,-137
-140,-185
133,155
-108,107
-104,117
-223,-241
-170,-188
118,131
-145,-161
-128,-134
-128,-120
-165,-155
-223,-241
-185,-190
102,121
-141,-137
-270,-290
-165,-130
-130,-128
102,100
117,125
-165,-215
-170,-177
-110,-121
-175,-163
102,111
-159,-142
104,113
-145,-123
139,110
-133,-138
-140,-142
-127,-120
-134,-116
-128,-137
156,155
-170,-190
-150,-178
-178,-190
-159,-136
-129,-116
-129,-130
-107,-141
102,113
-174,-167
117,115
160,177
-212,-245
-175,-181
-109,121
-294,-315
-120,-119
-131,-108
155,165
-121,-118
-136,-150
105,109
-131,102
-103,102
-109,103
-186,-177
-109,103
168,165
106,110
-158,-164
-111,-101
-120,-107
-151,-150
126,143
123,122
-123,-118
-117,-108
-155,-149
-101,100
101,111
-159,-176
150,174
131,106
-125,-133
-192,-167
-119,-121
111,-108
131,134
-125,-106
123,118
111,108
-161,-152
-157,-160
-127,-120
175,168
107,101
-205,-190
-164,-154
130,133
-199,-228
-129,-137
125,119
-102,-103
-136,-155
111,118
116,126
-141,-155
-132,-139
115,128
135,154
-125,-149
-131,-117
105,124
136,159
-235,-200
119,132
146,145
115,114
-150,-184
147,163
-150,-140
-127,-126
-160,-148
105,107
-121,-128
-114,-118
-112,-126
148,150
-243,-220
111,128
139,136
-107,-106
-138,-148
139,160
126,153
-106,-113
-132,-132
106,-102
-350,-370
-106,-113
120,110
-155,-156
-125,-124
103,-111
-175,-164
-126,-121
-122,-104
-169,-159
100,108
-104,104
-178,-176
-177,-172
-236,-275
107,101
-120,-116
-160,-170
-171,-161
-180,-186
-192,-235
104,109
-138,-132
-113,-110
-113,-113
-130,-137
150,170
-154,-175
-111,-110
-181,-185
-105,-137
-171,-220
106,110
-104,-106
-172,-182
-130,-114
-148,-124
-103,102
-124,-105
-184,-188
-104,-122
-162,-153
-104,-123
-130,-129
-123,-142
-105,114
-123,-118
-132,-142
-148,-142
-138,-129
122,115
104,103
-152,-110
118,108
-235,-212
-101,107
-299,-289
-139,-132
-171,-170
-120,-135
-166,-163
-152,-156.12
-124,-141
-117,-109
-152,-146
-110,-115
115,115
-165,-144
136,109
-150,-150
-105,-109
-248,-249
-150,-135
-200,-194
178,170
-131,-110
111,126
127,124
134,137
-150,-139
-152,-151
-118,-128
179,226
-126,-129
-176,-188
-103,102
-214,-210
111,127
108,-106
140,146
-174,-224
102,102
114,106
-136,-137
123,-102
119,140
-134,-122
102,-125
-137,-141
117,140
-202,-208
172,138
109,126
-104,-122
-140,-165
128,139
-132,-118
-158,-177
-170,-220
-123,-106
101,121
-224,-210
108,102
-148,-170
-135,-120
-170,-186
130,123
136,136
108,116
-170,-209
110,-104
-159,-194
100,-107
-195,-162
-174,-185
-113,-113
-195,-205
-119,-170
-111,102
-112,-115
120,117
154,117
138,156
-111,-119
-104,103
183,210
108,115
-135,-137
133,116
-178,-155
-156,-195
-136,-167
-110,105
-113,115
203,210
122,111
108,104
-245,-252
-215,-181
-140,-147
-129,-145
-168,-179
-161,-151
-110,-127
155,159
-113,-132
-157,-140
105,104
-131,-145
105,106
-171,-171
140,144
-267,-280
-425,-485
156,129
-110,109
-117,-116
-108,102
-109,104
111,-101
-121,-136
-123,-165
114,102
100,101
109,-103
-130,-136
179,170
-295,-315
-186,-255
-131,-123
138,132
-176,-193
-171,-143
-151,-159
-160,-164
-130,-135
-157,-168
-141,-152
103,109
109,109
-116,-113
165,175
-131,-133
220,241
-111,-128
-132,-127
-105,116
-115,-112
-153,-159
109,-125
-125,-133
-125,-132
-145,-145
107,111
213,174
-125,-119
-160,-186
102,102
-129,-140
-158,-151
113,104
-125,-132
-130,-135
156,136
-165,-180
121,136
127,136
-141,-153
-116,115
165,165
104,-106
-191,-181
-150,-159
-141,-148
-173,-194
103,-104
128,120
-120,-137
176,174
-103,-113
-125,-119
142,153
101,-110
-151,-163
-117,-127
110,122
-139,-130
-120,-131
-114,-110
143,170
132,115
-138,-113
137,125
233,184
112,134
-154,-128
100,-108
-171,-160
139,145
-143,-148
116,-117
100,102
-245,-260
-172,-197
-151,-164
-154,-149
-140,-134
133,123
255,254
-113,-134
-117,-134
-127,-127
-138,-132
-130,-114
147,185
123,106
-136,-113
-160,-148
-215,-173
100,-104
-140,-185
-165,-153
156,166
250,235
150,129
-118,-128
119,126
-125,-120
-115,-106
-105,-108
124,111
-115,116
-242,-235
-160,-158
-114,107
-108,-113
-129,-132
-118,-106
115,122
-102,-108
-164,-141
100,-109
-140,-148
-132,-113
-204,-170
-129,-148
-174,-190
-102,115
-123,-137
115,114
115,114
-140,-151
132,134
-131,-132
-245,-270
-137,-136
109,-108
-215,-300
-148,-132
-113,-119
-108,-118
-135,-143
-139,-150
-107,-120
121,140
-168,-185
-118,-131
210,234
109,-128
-210,-213
-128,-120
-103,104
-165,-170
-117,-130
-143,-151
143,156
-132,-129
101,-115
104,-103
-163,-149
117,116
-125,-124
-105,108
111,-110
119,125
140,170
138,131
-235,-219
-120,106
-240,-272
-105,-125
103,100
125,134
-154,-174
147,151
-225,-265
-117,-119
-133,-124
-107,-118
128,120
151,161
143,133
-253,-253
-220,-210
-255,-225
-137,-115
-143,-134
113,-122
-159,-165
131,143
-237,-250
-150,-137
-164,-180
-170,-175
111,-117
206,228
121,119
-177,-182
-180,-168
-193,-201
-135,-134
104,-104
-109,125
-207,-200
138,144
-155,-160
-126,-137
-193,-185
-137,-118
-104,105
107,107
105,-107
100,-128
-195,-209
-105,-105
-138,-137
168,126
110,120
-159,-155
-123,-120
-183,-270
-175,-195
-265,-277
-110,-102
-190,-195
-170,-159
-135,-141
-159,-155
-130,-150
-115,-131
-193,-178
170,175
-129,-137
-140,-142
-180,-174
-120,-132
-165,-160
-175,-155
-108,-116
-203,-220
-138,-129
-183,-137
-143,-135
-119,-129
-174,-160
-175,-180
108,-119
-119,-124
-230,-250
-119,-125
-116,-135
136,147
147,156
-221,-242
147,138
-134,-139
-148,-150
-113,102
-108,-142
-117,-140
-128,-129
147,177
137,134
-102,100
108,118
-129,-123
-220,-190
151,186
-150,-148
-220,-182
-115,-128
120,-101
-132,-147
128,147
147,162
-144,-164
-133,-126
109,111
158,171
124,121
110,110
125,141
-180,-197
122,130
-138,-141
-290,-275
105,134
-121,-126
-144,-164
118,100
124,126
-118,-130
-105,-115
-152,-147
-125,-142
115,-105
245,235
-214,-182
125,112
102,-113
-245,-219
-131,-140
-114,-115
-145,-127
-132,-108
123,127
102,-107
206,258
153,128
-104,-115
-104,-113
107,110
-181,-166
-133,-135
-115,-130
-147,-125
115,113
134,145
-104,-103
214,210
163,190
121,117
126,127
-105,-110
-165,-188
-110,-122
-150,-141
-190,-210
-140,-157
-108,-101
110,112
128,131
120,129
161,161
156,161
185,200
136,131
-158,-170
107,-109
-133,-140
-102,-106
-206,-255
-165,-169
-123,-134
-137,-135
-175,-190
122,111
-106,-114
121,125
-196,-193
112,111
-107,-111
-164,-135
126,127
141,149
-166,-153
157,137
-130,-155
-118,103
-107,-115
-170,-180
-201,-175
-122,-143
-144,-176
105,-115
106,111
-208,-193
102,-125
-160,-185
111,132
-156,-152
146,130
107,110
-140,-144
160,199
-104,-101
-200,-205
-153,-163
-175,-170
119,117
127,137
-155,-158
203,230
-168,-175
-131,-141
-158,-155
107,-102
-102,-119
-141,-148
110,102
-150,-122
-301,-310
115,104
-144,-178
-148,-174
-115,-107
-113,-106
137,143
-180,-180
-101,115
-153,-140
-116,-127
143,149
-150,-180
-148,-210
-263,-231
-143,-122
-170,-175
-175,-190
-134,-117
-154,-177
-237,-254
115,112
-113,-115
-180,-181
-150,-145
-162,-137
-170,-210
-130,-103
-148,-135
-232,-295
-217,-208
-188,-179
-175,-148
-150,-178
-141,-145
-160,-170
118,108
107,114
-148,-135
-144,-142
-150,-138
-184,-200
-153,-178
-126,-104
-173,-185
-214,-192
-124,-118
-170,-170
-146,-152
-193,-240
-170,-224
127,151
-104,-104
-157,-175
-133,-117
-158,-148
-180,-199
-261,-270
-108,-124
-123,-104
-118,-114
-159,-143
-117,-118
-170,-165
-168,-135
-143,-145
-126,-133
-113,105
-146,-139
-295,-273
168,183
-280,-265
-195,-194
-109,-108
-200,-186
-156,-160
-171,-170
-127,-150
-199,-180
-101,-106
126,114
-106,-107
-105,-108
-150,-133
-157,-183
143,149
-185,-169
-235,-240
-130,-119
-126,-145
-159,-170
-185,-203
-159,-152
-220,-230
-120,106
143,134
-160,-180
163,184
-240,-227
-165,-163
138,136
-170,-144
-180,-140
-192,-200
-175,-160
-126,-137
-185,-190
-175,-198
-200,-226
-105,115
-118,-137
-225,-215
-118,100
-126,-127
-115,-145
-130,-130
134,142
110,103
-130,-114
-137,-140
112,120
-137,-126
-148,-155
114,103
-195,-200
171,195
-179,-193
123,136
116,117
-126,-124
-162,-174
122,129
-101,111
107,111
110,129
139,143
-156,-186
-111,102
-102,-122
-117,-122
160,143
-135,-120
113,104
101,108
108,109
-142,-131
131,126
-113,-105
102,-105
-148,-142
146,135
-135,-147
-110,109
150,160
-231,-250
194,230
-140,-130
-108,-101
-133,-131
108,-108
131,124
130,135
126,118
180,165
-140,-139
-161,-145
-172,-193
-133,-129
-130,-114
-134,-190
-108,-137
109,-103
145,113
150,165
-120,109
-135,-132
-132,-153
-145,-144
-150,-161
-155,-176
-150,-122
-120,-120
161,151
-205,-207
-180,-177
-158,-210
-186,-179
122,124
115,108
-123,-126
121,135
-149,-152
-175,-158
-177,-212
-205,-207
-170,-240
-104,112
-130,-152
156,148
-174,-153
-115,-117
-122,-130
-185,-185
-109,-118
-176,-168
-195,-220
-200,-198
-120,-121
-115,-115
-147,-175
142,141
104,-108
144,131
-141,-133
112,127
-174,-154
-146,-144
-225,-260
-220,-248
100,-103
-166,-148
-106,112
-105,-126
-102,114
-184,-220
142,138
-133,-134
-115,-112
-176,-192
107,123
-265,-230
-145,-159
-145,-170
-287,-360
105,104
-138,-118
-105,117
106,111
-114,104
-200,-218
141,135
120,142
-139,-142
-189,-159
105,137
-225,-173
117,108
-148,-143
-195,-175
-137,-142
-170,-171
109,121
-114,-114
-133,-122
171,197
-133,-123
-171,-164
-139,-127
-125,-122
-145,-150
-140,-123
-131,-145
-250,-265
-160,-153
-115,-117
-180,-190
156,170
-138,-121
-190,-183
-186,-230
-115,110
-145,-144
106,101
-144,-132
-220,-270
-112,-141
-160,-153
-120,-128
-140,-142
-135,-133
-155,-160
-220,-270
-230,-235
-140,-147
-113,-128
-119,-122
-122,-123
-165,-168
-163,-173
-203,-193
-155,-142
123,121
-178,-165
100,-119
-111,111
-127,-129
156,161
-130,-140
-178,-160
-162,-163
120,112
-183,-241
-135,-140
-202,-225
-133,-140
148,152
115,117
-118,-110
-156,-183
113,133
-130,-125
-114,-123
-154,-144
140,136
-112,121
-170,-166
-116,104
140,143
-224,-210
-170,-180
119,108
-108,-123
120,111
-135,-137
-135,-130
-139,-115
-123,-122
-180,-156
-127,-134
145,151
-235,-220
-101,105
-125,-124
-195,-168
-165,-165
103,-122
-115,-122
110,118
-193,-208
141,137
-147,-130
-104,105
-175,-200
115,120
123,131
-105,-119
108,110
115,110
-111,-130
-127,-126
-175,-171
-108,-111
-210,-213
101,114
101,-104
177,189
150,147
-143,-149
-125,-119
111,123
-102,108
111,108
-201,-201
-121,-121
-150,-150
164,159
189,223
146,141
105,119
-155,-155
134,112
107,106
-121,-134
-140,-147
-123,-106
-206,-214
129,111
-166,-178
110,-104
-114,-123
124,110
183,177
126,133
-106,-110
-104,-105
216,187
140,123
-135,-125
-138,-134
123,152
-163,-158
-134,-138
-130,-120
117,115
116,107
125,133
-128,-125
108,104
-217,-227
-104,108
-117,-138
190,185
-152,-152
-109,-110
-176,-198
-145,112
-129,-115
-133,-126
-114,-141
103,-105
-139,-156
-171,-180
118,138
-260,-225
126,123
-118,-110
186,176
-134,-132
143,183
-103,106
-110,-114
-120,-129
-142,-135
-147,-183
100,-112
-260,-208
-141,-137
122,139
-224,-205
131,152
100,-104
152,150
-182,-170
106,-103
-120,-123
-119,-137
-107,-129
-145,-127
111,117
-106,-113
-107,123
108,110
135,139
-165,-159
140,136
-185,-184
-106,-132
125,116
-200,-260
-144,-144
107,114
-145,-140
-121,-134
-134,-117
126,121
115,130
-180,-195
-187,-175
-106,-114
105,118
-232,-230
-182,-155
-204,-214
-142,-144
-185,-200
-110,-102
100,-108
-125,-112
-145,-140
130,125
-104,-107
-168,-155
-123,-122
-185,-186
-105,102
-195,-190
-180,-188
-208,-202
-160,-182
-187,-180
-111,104
109,100
-225,-225
-138,-127
130,100
-155,-149
-142,-139
109,100
-220,-237
-120,-127
-183,-193
-156,-170
-235,-235
-270,-237
110,109
-139,-135
-116,100
125,133
-190,-198
-128,-106
-117,-122
-157,-152
-164,-163
-156,-146
-136,-121
-200,-171
100,104
-177,-207
-167,-166
-160,-154
-175,-160
-120,-131
106,110
-180,-172
-174,-150
-131,-138
-125,-120
-139,-109
-210,-223
113,123
-225,-200
-152,-139
-152,-180
-212,-239
-152,-145
111,138
-115,-103
123,-108
-108,-136
-152,-154
-119,-111
-180,-230
-148,-175
-210,-165
103,111
-184,-172
-108,-108
-106,101
-140,-125
118,115
-116,-120
-146,-130
-168,-198
118,126
125,-102
163,182
-156,-171
-245,-191
-108,108
-186,-176
-130,-114
146,174
-135,-111
-245,-191
125,115
143,143
-114,-115
-171,-188
129,102
-142,-166
109,-105
120,124
-157,-124
111,102
-235,-270
-119,-110
154,177
-114,-107
-275,-325
-110,104
-120,-120
-118,-135
-210,-201
-130,-136
-105,-106
140,147
139,147
-210,-238
-103,103
-112,-123
-180,-185
-115,-118
132,144
157,162
-290,-260
-107,-118
-157,-167
-116,102
123,123
125,135
-107,115
137,120
-110,-105
141,159
-162,-220
-164,-184
-125,-133
-145,-190
125,136
-107,109
145,150
127,124
-126,-137
129,114
120,125
119,126
145,123
-140,-136
138,126
-135,-118
-205,-220
-141,-185
-150,-155
-123,-115
-200,-177
116,115
-117,-111
106,-118
224,236
-118,-120
-154,-155
148,142
105,-102
136,136
-139,-150
-165,-195
-154,-168
109,119
119,121
-158,-171
104,112
-121,-117
-166,-158
162,159
-149,-121
129,144
203,252
136,148
101,-104
-156,-140
115,115
105,104
108,-160
-125,-113
-108,-121
223,228
136,138
120,104
-102,102
110,114
-108,-104
-152,-151
-170,-181
-133,-133
-155,-175
-103,114
-102,111
-136,-132
-149,-128
-153,-156
141,120
227,214
125,115
-105,-104
-110,-105
-140,-132
-244,-196
-151,-153
-115,-104
-110,-103
-109,-101
-116,-139
172,190
-159,-168
-217,-205
116,108
-152,-143
103,131
-106,-115
-232,-250
-156,-163
114,110
-124,-110
145,144
-191,-220
-104,-106
102,129
-111,-132
121,136
-192,-189
-168,-158
-207,-205
-216,-240
-170,-208
-172,-164
108,118
-187,-169
-116,-144
-140,-151
-144,-137
-112,-121
-110,-125
102,101
131,137
-160,-174
-153,-153
-215,-194
-199,-203
-195,-210
-223,-200
136,136
-160,-119
-148,-146
-175,-192
-280,-301
-108,109
148,145
-104,107
-104,107
-153,-143
-146,-153
-170,-135
-199,-163
-179,-153
-133,-131
117,130
-140,-144
-129,-105
-115,-111
-205,-192
-147,-175
119,112
168,146
-180,-192
103,117
-158,-170
-260,-237
-168,-164
125,126
-199,-174
114,133
188,174
-155,-157
-200,-180
-150,-141
-119,-126
-213,-190
120,126
-164,-184
-220,-200
-156,-187
-156,-155
151,144
-170,-165
141,129
197,197
-121,-141
-165,-164
-124,-116
-138,100
-121,-141
-130,-165
-294,-280
-126,-147
-211,-220
-190,-173
-136,-140
104,-104
126,134
-169,-154
130,141
162,182
111,104
-187,-233
-140,-140
-160,-133
108,114
-143,-132
156,141
-104,110
-145,-140
-124,-113
-125,-121
-200,-290
-187,-176
-125,-141
-195,-245
-235,-235
109,126
138,138
-162,-165
-138,-175
-136,-120
165,174
-128,-142
-108,-117
119,131
-115,-123
100,-115
-183,-185
-139,-163
-275,-275
-146,-129
116,110
138,124
116,118
-174,-183
129,160
129,109
-113,-130
-118,-102
-173,-155
-136,-115
-215,-216
-147,-182
-106,-116
-206,-210
-138,-133
151,174
104,-106
-123,-119
-140,-158
-365,-260
-108,-114
197,181
183,131
-115,-102
-120,-101
129,124
-105,-129
-118,103
-120,110
111,-107
107,-102
-108,102
-130,-145
-163,-183
-210,-210
-133,-138
163,169
159,155
105,111
-177,-200
-106,-123
103,-103
-108,-118
-163,-140
-113,-159
-108,109
-115,-153
132,148
-150,-123
-228,-220
101,111
197,210
142,155
-120,-125
-162,-180
126,134
-124,-143
138,146
-123,-130
-118,107
-127,-121
-101,-119
153,165
-150,-164
-132,-130
-160,-147
-154,-162
-200,-190
-123,-126
-113,-134
-116,100
102,-106
114,126
-156,-162
132,146
115,102
-109,-120
127,146
-210,-250
-118,-126
-252,-270
170,171
121,123
-139,-181
116,118
-125,-124
-142,-145
110,-109
-150,-175
111,124
125,110
113,131
156,193
-193,-190
115,121
-284,-280
143,171
106,-102
-143,-138
178,142
-142,-154
-152,-145
143,124
-134,-144
197,191
115,121
-152,-152
159,179
-165,-178
129,117
-248,-228
-117,-110
129,144
-133,-122
116,104
-196,-195
129,128
156,174
114,125
117,142
-113,-115
-115,-111
-139,-128
-131,-137
-157,-143
124,124
-225,-301
-115,-115
-165,-173
-132,-136
-154,-144
109,-113
-113,-119
-145,-163
126,-106
-124,-123
-129,-121
-176,-167
127,106
-166,-163
141,135
-145,-143
111,120
-190,-175
-116,-140
-155,-150
126,120
-111,105
-141,-132
177,165
126,126
106,-107
-165,-164
-165,-183
-144,-120
118,100
-277,-265
123,143
-181,-139
-136,-154
143,121
182,195
-200,-210
-149,-150
-115,-128
-148,-140
-113,-121
-155,-156
-132,-119
152,150
119,115
-165,-188
-127,-125
122,131
107,129
-160,-165
-192,-168
-166,-170
-184,-188
-104,111
-166,-152
-122,-108
100,-110
126,127
204,223
-111,-113
105,-127
-138,-139
-126,-137
141,138
-105,-113
-230,-210
-143,-142
-238,-243
-235,-235
-111,-113
-192,-190
-128,-129
-145,-140
129,127
159,154
-122,-118
-135,-132
-104,-108
115,118
102,109
-250,-320
-144,-135
-175,-185
-190,-171
120,118
-155,-180
-106,105
-125,-146
155,138
134,134
-122,-118
-130,-148
-261,-250
115,118
-230,-265
104,100
-155,-132
-170,-180
102,107
-113,-121
115,-126
107,114
-122,-118
-132,-147
-119,-111
-280,-275
106,104
112,120
-161,-160
-162,-193
-103,104
-106,115
-156,-148
123,114
112,107
-155,-175
123,118
-205,-167
105,-104
147,135
-235,-270
126,160
-188,-176
-185,-140
115,110
105,132
-152,-142
130,121
100,118
174,182
129,135
-155,-127
129,111
-180,-258
129,135
-160,-142
-175,-161
-129,-139
-205,-150
-102,-101
138,141
-163,-235
-126,-146
106,102
-153,-174
-119,-117
-139,-174
-123,-128
-152,-140
-175,-210
-142,-139
131,143
126,154
-209,-183
137,137
-116,-116
-143,-160
-139,-185
144,127
-109,-146
-106,-112
-285,-340
-130,-156
-155,-132
-188,-228
-245,-210
190,205
115,124
-146,-147
102,105
-120,-102
-210,-260
125,113
-137,-163
-125,-132
-143,-146
-145,-148
-180,-183
-155,-121
-180,-200
105,107
120,129
-165,-159
-104,-111
-160,-133
-190,-175
138,150
-225,-243
115,156
-170,-174
106,-114
-190,-200
106,106
-125,-121
112,124
-270,-255
-146,-126
171,206
147,128
-216,-218
-245,-269.24
-192,-180
210,210
-177,-189
-166,-165
150,153
-137,-115
-150,-141
-105,-111
-165,-174
-175,-160
-133,-145
126,108
151,154
-158,-174
-130,-129
-190,-180
151,170
-211,-210
-127,-130
105,-118
-128,-106
-131,-143
104,115
-104,105
-145,-125
-169,-200
-158,-153
-101,-143
-189,-187
-178,-200
151,145
-163,-185
-151,-152
-130,-121
-118,-115
-130,-154
110,155
-120,118
129,121
117,114
-125,-150
-132,-134
-162,-136
-154,-153
152,154
-191,-183
-189,-178
-137,-126
-211,-205
-147,-148
106,105
188,204
111,127
135,165
-103,100
168,168
-163,-153
-131,-128
-113,-119
161,146
-162,-164
-155,-175
-128,-133
102,106
-106,108
130,130
219,219
109,109
140,140
-115,-122
-109,-109
-255,-255
-144,-144
-240,-240
-149,-149
-123,-123
-205,-205
-147,-147
-157,-152
-116,-116
-143,-166
-104,109
-140,-110
129,115
-120,-141
-105,-109
-175,-163
150,146
-181,-185
-185,-199
110,105
-146,-134
-105,-110
-134,-141
115,112
-240,-265
-146,-130
-127,-136
115,121
-190,-215
115,127
-185,-166
-120,-117
106,-118
-176,-168
108,-114
141,147
120,115
110,-114
120,147
-200,-210
-131,-120
-225,-224
130,139
107,122
110,113
106,103
111,134
-153,-176
-122,109
-118,115
-112,-101
103,-104
-205,-200
-112,-115
-161,-145
-355,-335
-125,-149
-102,-132
110,115
126,153
-115,-105
-114,110
-123,-107
-230,-220
127,128
-118,-162
135,134
-194,-210
-115,101
-101,116
-117,-109
103,103
-175,-152
-113,120
-105,-107
-195,-158
-245,-245
115,-105
103,-115
-108,-117
120,117
-181,-142
-105,-102
100,105
-105,-108
103,-111
-170,-165
103,-127
-230,-240
-108,-105
-161,-155
120,130
-142,-135
-105,-122
137,165
-173,-165
127,126
-175,-152
-110,140
-143,103
-107,-112
-115,-105
-171,-151
121,-109
-117,-127
113,104
146,163
-141,-150
-137,-115
178,210
-183,-197
109,100
-173,-174
182,189
-138,-118
-105,-118
-112,-116
-178,-164
192,185
108,108
100,-113
100,-110
-145,-130
128,-115
174,156
-200,-180
142,161
-190,-193
104,106
-182,-182
-129,-127
-112,-120
-120,113
138,144
-123,-126
102,102
158,156
-145,-128
-101,-101
-145,-138
-129,-131
-180,-157
127,133
-115,-110
-175,-177
-130,-120
-140,-129
-127,-112
-129,-129
-135,-120
-230,-294
-177,-177
112,117
-192,-170
-131,-133
134,134
-170,-176
-131,-131
-114,-115
-114,-111
-119,-108
-137,-138
-230,-260
-159,-150
104,110
-137,-120
-185,-213
-143,-135
-113,-117
-110,-115
-125,-151
-195,-178
-122,-125
-136,-141
-141,-168
-113,-114
-195,-200
-166,-158
-135,-120
109,104
-139,-128
-126,-129
-134,-135
-135,-140
115,113
-249,-250
-141,-134
-145,-160
-140,-142
-152,-153
131,110
-160,-130
-131,-110
125,143
-202,-177
-181,-172
-148,-138
-141,-128
-122,-126
-145,-135
-176,-176
-153,-133
-116,-116
-125,-125
-162,-162
141,141
111,111
-106,-106
111,111
-155,-155
-248,-248
100,100
126,126
-215,-215
-155,-172
-184,-184
-109,-109
-131,-131
-128,-128
-214,-214
101,101
-115,-115
129,129
-161,-161
-167,-167
-124,-124
-140,-140
-145,-145
104,104
-151,-158
-141,-164
142,129
-153,-154
-132,-133
-187,-196
-126,-113
-161,-148
-135,-129
-130,-140
113,114
151,141
-155,-173
-181,-184
110,110
-162,-167
-115,-110
-148,-145
-105,105
-170,-180
-158,-194
-140,-138
-123,-113
119,128
157,161
118,121
104,-108
-104,100
-205,-231
-267,-240
-165,-185
-175,-170
-150,-142
-195,-199
-120,-136
-113,-125
120,125
-108,-118
-115,-103
110,-104
113,101
139,161
-105,-101
-120,-128
100,107
-165,-156
-187,-178
150,137
112,120
161,141
-113,-102
-104,-108
170,160
143,150
119,125
104,104
-155,-137
124,129
110,-109
-102,-105
105,111
-133,-119
103,-103
-132,-140
-139,-123
-123,-112
100,-113
178,161
170,210
101,-117
110,107
-115,106
105,105
116,114
110,106
-111,104
-117,-121
107,-108
-150,-152
-119,-110
107,-108
-115,-107
151,162
165,182
-105,-113
-101,109
-176,-201
125,138
101,111
-113,-113
-103,-105
-133,-122
104,104
131,111
134,142
110,129
-115,100
104,-101
130,126
-124,-142
-169,-150
107,113
-123,-126
-129,-155
130,115
-125,-124
112,106
124,139
212,213
-101,104
-132,-133
-144,-133
116,123
-137,-150
-137,-159
129,106
-140,-140
152,140
-129,-123
109,-115
-145,-131
101,100
101,102
-149,-140
-117,-115
-137,-155
-135,-122
130,116
-139,-144
-111,-119
-181,-210
-216,-162
-170,-190
-102,118
-102,-102
-175,-170
-119,-119
-159,-187
-135,-145
-181,-210
109,109
-120,-134
-122,-106
110,-106
-143,-128
-150,-136
-153,-164
111,107
-126,-131
-158,-135
-154,-167
-182,-180
-107,-123
-165,-137
-202,-192
-138,-128
-120,-114
-169,-175
107,102
-165,-156
-137,-138
-165,-158
-190,-173
-152,-176
-212,-225
-125,-138
-130,-114
-180,-170
-117,-115
-105,-106
-118,-119
-112,-115
-109,-126
-165,-167
-140,-119
101,110
-126,-122
113,104
-193,-194
-170,-200
-127,-116
-135,-130
-165,-157
103,-102
-135,-134
-164,-180
125,124
-148,-163
-119,-108
-167,-163
107,100
-235,-237
-129,-144
-201,-220
-167,-181
-135,-142
-240,-222
-114,-106
117,116
-104,-110
-148,-139
-177,-191
104,102
-135,-125
-217,-218
-123,-146
-159,-171
-123,-120
-133,-163
-199,-180
-123,-148
-138,-130
-147,-159
159,137
110,105
-116,-121
-124,-120
135,126
-104,-125
-192,-237
117,-107
-157,-159
-170,-175
-107,109
-215,-285
-125,-120
-134,-150
-106,-126
-125,-154
-125,-119
-137,-142
-116,-113
-204,-180
105,-115
-150,-148
103,-110
126,130
-156,-177
156,154
-104,-123
119,115
140,158
-124,-109
-118,-130
-118,-130
-110,-115
101,-113
113,111
-140,-147
150,146
-116,-128
138,128
-213,-209
106,-110
-120,-122
114,101
225,206
-128,-143
-158,-163
-134,-130
-134,-130
-112,-120
-111,-115
-116,-141
100,-122
-117,-114
149,164
-128,-115
-108,101
-108,-129
-113,108
-107,-118
-130,-109
-127,-130
103,109
112,-103
-117,-153
-145,-122
119,102
-115,-115
-145,-137
-122,-125
128,115
-186,-238
-156,-153
-120,-115
-102,-120
121,105
125,133
-203,-188
127,114
125,133
135,168
-114,-108
-145,-170
-126,-143
-101,102
-101,-104
-171,-187
-113,-111
-105,-115
-116,-115
129,104
142,149
-178,-203
-180,-168
-117,-114
120,115
141,154
-116,-137
-193,-176
-122,-150
-216,-216
-195,-193
-105,-134
104,111
101,-117
124,134
-131,-107
-105,-127
-120,-127
-115,-119
110,121
-128,-120
-131,-129
-148,-133
-142,-151
-128,-122
103,100
-117,-142
-153,-153
-129,-146
120,111
180,182
-139,-150
-101,108
-119,-110
-134,-145
-123,-113
-137,-139
-172,-154
-120,-125
-104,-128
-102,-122
-140,-115
-117,-139
103,113
-150,-162
-108,100
-102,-102
-193,-180
-155,-160
125,127
-167,-145
-237,-265
-164,-184
-148,-145
-115,-132
115,125
108,107
-140,-141
112,108
-148,-145
126,122
-150,-165
133,132
-121,-133
-164,-184
-132,-160
-180,-200
-137,-136
-147,-161
-127,-133
-170,-213
106,-102
136,113
-115,-125
-113,-110
-113,-119
-150,-159
-140,-133
-125,-109
-107,-104
-180,-184
-183,-190
-112,-114
160,146
146,134
-114,-122
-168,-160
102,106
105,-104
-204,-175
-169,-155
144,137
-142,-142
-101,102
-165,-174
-174,-191
153,140
163,165
-122,-128
-120,-123
109,122
-116,-105
-135,-135
-146,-165
-122,-113
-126,-122
-129,-129
106,120
-110,100
-155,-170
-205,-208
-129,-129
-184,-195
-110,-114
106,107
-154,-138
114,103
114,115
128,138
177,171
-105,-128
-137,-130
-104,-103
-112,-110
-145,-168
-230,-227
-166,-167
121,111
-114,-129
-139,-143
-133,-150
-114,-121
140,156
103,101
100,110
-167,-164
-126,-115
-116,-117
-132,-128
-187,-164
115,104
-127,-121
-144,-133
-145,-141
-149,-155
177,202
-108,-102
109,107
-108,-124
-121,-125
-113,109
-102,-111
-108,-102
-107,-105
-198,-193
-195,-215
-135,-137
100,104
-146,-174
118,116
-121,-107
155,170
-195,-205
107,113
-109,-108
-123,-140
-173,-190
-108,-116
-125,-129
112,117
-193,-215
-189,-160
146,160
119,124
-213,-220
-139,-133
-120,-108
-123,-122
-123,-121
-102,-104
-132,-141
-156,-164
-159,-145
-256,-243
-198,-190
-113,101
-115,-115
-175,-188
-104,114
-160,-163
-183,-205
-115,-129
-125,-141
-113,-108
-126,-141
-150,-164
-174,-177
-150,-152
-170,-134
-255,-289
106,111
-104,-111
108,-107
-113,-110
-133,-160
108,-113
-123,-150
-107,-110
-144,-139
-144,-145
-187,-198
-113,-110
-107,104
-152,-139
-132,-129
-135,-132
104,-102
-168,-164
-131,-128
127,126
-165,-157
-238,-243
-171,-162
117,103
125,125
-141,-138
-120,137
130,118
-125,-109
-184,-195
-109,-117
-119,-125
-120,137
-159,-162
114,-101
-128,-136
-156,-141
-236,-269.24
-155,-129
-111,100
104,108
-106,-108
-109,-124
-174,-198
-211,-220
-168,-157
118,110
-106,104
-139,-124
-105,102
-107,-117
-173,-175
-170,-145
-177,-188
-113,-130
-103,-108
-157,-178
-113,-107
-122,-122
165,150
178,194
-199,-203
-105,-108
118,109
102,-107
-135,-133
-109,-110
-209,-260
-153,-160
-141,-142
-115,-125
105,-105
-101,-120
-113,-121
163,150
125,127
-173,-200
135,124
-115,-107
104,108
-107,-130
120,152
-162,-160
-117,-117
-134,-145
108,-104
-122,-125
-110,-106
-125,-116
148,123
165,204
-145,-119
-181,-185
-115,-113
107,133
-130,-125
-180,-192
105,-110
-145,-155
-137,-116
125,131
155,149
119,110
108,112
-131,-122
103,101
-150,-134
-116,-107
-134,-146
-203,-210
-113,-115
-116,-119
120,121
-180,-191
101,100
107,104
109,111
199,179
-120,-126
111,112
-113,-109
-118,-125
-163,-183
110,108
120,126
-115,-137
-149,-180
115,114
-130,-135
172,166
102,102
167,159
146,144
103,-109
-143,-149
-131,-136
138,128
-166,-147
102,-103
111,-118
-135,-135
-126,-110
160,174
-245,-248
131,125
121,133
123,130
124,129
104,120
-115,-113
-117,-124
101,-103
-170,-170
-132,-130
-115,-107
126,117
-122,-113
-115,-135
111,125
126,146
-104,103
-126,-137
-117,-125
-158,-171
107,102
120,113
-143,-140
-185,-197
-209,-195
124,123
-108,-101
-127,-120
-185,-155
-123,-113
115,122
117,111
105,102
100,-108
-154,-180
116,103
-120,-135
-130,-137
-188,-190
-123,100
-147,-141
-132,-132
-141,-151
-180,-208
-131,-118
128,-106
101,100
-165,-168
-143,-155
-116,-125
-150,-174
-178,-185
179,165
-149,-193
-137,-140
-115,-111
-101,-118
-135,-138
110,104
105,100
-133,-165
-254,-280
-199,-205
-144,-145
-128,-131
-114,-118
-170,-163
-126,-122
-138,-140
-103,-129
100,108
-118,-128
-170,-181
-175,-169
108,108
118,161
-220,-261
-214,-221
-237,-220
-123,-137
-180,-190
102,102
-180,-183
104,106
-148,-144
-152,-162
118,161
-110,-113
-110,-113
-214,-238
-170,-175
106,119
-130,-170
-194,-185
-174,-168
-175,-223
-162,-160
-120,-108
-174,-175
-141,-170
-148,-145
-130,-130
-115,-140
-179,-202
-135,-135
-270,-258
-155,-150
-223,-237
105,104
-124,-131
-118,-127
-131,-120
114,124
-201,-231
-119,-125
-115,-121
-121,-118
112,-104
-208,-185
-103,116
113,122
104,-107
-119,-113
-113,-115
152,159
-121,-118
115,113
-119,-125
-242,-270
-109,-102
-143,-150
-184,-190
-120,-120
-159,-167
115,119
120,110
105,109
-123,-115
-102,-103
-174,-157
-148,-130
-160,-183
123,135
-163,-166
-139,-125
-137,-138
-153,-144
100,128
204,236
-139,-108
115,104
-144,-144
107,-105
-161,-165
-113,-129
-128,-154
105,106
-123,-121
-110,-129
105,-102
-154,-205
147,133
-118,-110
165,146
-106,-109
128,116
-155,-150
-105,-120
131,104
111,122
-143,-131
153,134
114,104
104,113
-111,-112
115,106
-240,-233
114,104
-134,-141
142,133
-113,-116
136,110
-155,-158
-159,-185
-113,-135
-102,-116
-101,103
137,156
142,163
-115,-123
-107,-109
-173,-220
124,130
-104,-101
160,156
-101,-106
-108,125
-155,-159
-162,-180
-185,-190
103,-104
-107,-105
-148,-123
-106,102
-137,-144
141,151
-150,-136
122,148
-290,-290
105,120
-222,-213
128,129
114,115
102,-105
-114,-118
174,174
-159,-171
-139,-144
128,137
-144,-116
104,-109
-226,-287
-191,-207
-108,-120
-194,-187
-106,-109
149,143
125,113
-108,112
-141,-145
131,126
-191,-183
-136,-108
148,165
-133,-125
105,-104
-182,-205
-210,-228
-123,-121
-175,-199
115,116
122,124
-102,-115
137,124
-110,-148
111,131
110,104
113,118
-124,-140
124,-104
-224,-253
-148,-169
-111,-127
-151,-166
131,129
118,105
-194,-231
114,105
-263,-235
-187,-233
124,113
-106,-102
-159,-164
-103,-101
-184,-160
-108,-118
-110,105
-188,-176
-113,-111
-115,-126
115,125
-147,-167
154,140
-162,-143
-244,-250
-101,-116
146,141
-172,-177
-105,-106
-234,-287
-107,-108
-107,100
-208,-231
-132,-113
-145,-159
101,104
-157,-154
105,128
-148,-152
-172,-153
-103,109
106,-109
-169,-160
-123,-102
-126,-165
-146,-152
124,117
-181,-177
-140,-164
-208,-241
102,120
-148,-143
-142,-154
-138,-132
-208,-214
-203,-206
139,138
-221,-215
-172,-168
-104,-116
-163,-167
-166,-170
117,104
-167,-146
-215,-197
-130,-130
-186,-208
-149,-171
130,132
-155,-151
-180,-190
107,114
-105,-106
-162,-173
-125,-125
-172,-209
-165,-180
-105,109
-128,-145
108,123
102,-106
-161,-164
-102,-115
132,110
-175,-166
-186,-223
-133,-133
-119,-110
-115,-135
-111,-135
-196,-191
-114,-110
-175,-174
183,219
100,-113
-186,-191
-129,-144
128,155
-194,-214
-122,-130
108,102
-243,-264
-160,-180
-143,-118
106,-122
-143,-147
201,188
-105,104
-119,-125
-177,-180
-240,-270
-125,-118
120,120
116,120
110,121
-125,-118
-104,107
106,117
-153,-131
149,143
114,107
106,117
-151,-175
169,175
-126,-120
-104,107
-127,-125
-171,-174
-129,-117
-118,104
-123,-126
-106,111
-114,100
-175,-180
-110,-118
125,142
-109,120
-132,-113
169,201
110,128
-105,-126
-113,101
-153,-141
117,152
144,144
-111,-134
-113,-114
119,140
-104,-119
108,107
-125,-140
-167,-153
-130,-147
-120,-110
-141,-145
-169,-180
-109,-125
-124,-140
-291,-315
-142,-178
-123,-102
-155,-153
-147,-133
133,123
-148,-125
-110,-114
-137,-126
-163,-166
133,131
-300,-315
-200,-202
-137,-134
-106,105
-220,-235
-145,-137
-108,104
-178,-185
-148,-145
117,-101
-136,-130
-160,-155
-134,-133
137,143
-217,-242
-175,-192
-177,-177
-152,-177
-164,-172
-146,-137
-159,-175
-138,-141
150,179
-163,-153
147,138
-146,-185
-145,-144
117,-106
-196,-203
-154,-144
-269,-255
109,107
121,122
-156,-170
-185,-192
-209,-227
116,-111
-209,-195
-154,-137
101,101
-197,-220
-115,-108
-153,-163
-134,-143
-122,-117
-209,-230
-137,-106
-106,105
-133,-137
-165,-165
-153,-145
-104,-141
-180,-172
-153,-145
-153,-154
-205,-188
-127,-124
-151,-168
-177,-188
-144,-150
-150,-133
-120,-118
-102,-103
-114,-116
-160,-153
-210,-207
109,106
-295,-301
-198,-205
-133,-116
-155,-164
-123,-130
-160,-162
-177,-195
-111,104
106,-110
-104,-113
127,129
-138,-167
110,102
-172,-165
-135,-135
-157,-162
-101,105
147,175
-112,-129
103,-126
-115,-127
-116,-119
121,104
-105,126
129,120
174,201
-114,-115
157,186
-155,-165
-164,-165
-164,-153
139,126
131,123
-127,-120
-111,-129
-126,-121
-142,-141
162,130
-149,-136
-101,-116
131,144
107,-105
-137,-124
155,155
-201,-195
-149,-136
-153,-154
102,123
104,123
116,105
138,121
122,127
-118,-108
101,-114
139,160
116,117
-151,-119
-124,-121
107,-110
-152,-145
-165,-154
-214,-220
-113,-113
-105,-102
-110,-109
-111,-104
135,134
125,145
-106,123
118,129
-108,100
267,292
-155,-155
114,112
-141,-129
-142,-132
-195,-170
106,104
104,-103
-122,-122
-103,125
-120,-143
148,147
136,114
186,202
107,-102
161,176
-147,-155
100,-101
-183,-185
-171,-192
-117,100
-145,-163
-113,-113
-128,-144
-140,-129
102,-121
-121,-133
-206,-200
108,-104
-130,-120
107,131
-202,-209
-104,-117
-108,-115
-119,-110
-240,-273
172,188
-180,-178
-134,-125
131,117
-115,-131
-143,-148
107,100
-165,-153
-133,-120
-154,-170
-144,-145
112,115
-138,-143
133,133
-235,-245
121,113
-178,-167
-110,-120
115,109
-105,-113
105,113
118,124
-104,-119
-130,-110
-143,-115
-163,-150
-195,-180
-135,-115
110,107
-362,-401
119,109
-138,-129
-110,-110
146,116
-108,-139
-118,-108
-110,104
-135,-143
-109,-110
-120,-102
-160,-161
-136,-120
-211,-190
106,108
-183,-184
-185,-206
-113,-108
-149,-153
-247,-270
-149,-135
146,138
-146,-135
-135,-136
-233,-271
148,136
-145,-160
134,135
-149,-150
-141,-119
-102,-104
-205,-200
-168,-155
-147,-117
146,136
-136,-118
-166,-166
-132,-152
-124,-130
-171,-190
110,129
120,-115
-125,-108
-186,-205
-135,-151
191,187
206,241
-230,-233
-158,-185
119,-109
-116,-106
-200,-221
-183,-232
-130,-122
-203,-235
100,-120
-163,-154
-139,-150
-115,105
212,241
-133,-127
-145,-159
-236,-285
101,107
-158,-184
-116,-125
-114,-134
100,133
-128,-133
137,129
-120,-118
200,230
130,144
-155,-160
-165,-150
-109,-105
-145,-161
100,151
-266,-298
-165,-196
118,103
-108,-106
115,105
147,163
-140,-135
258,274
-147,-145
115,104
-140,-148
-135,-115
-101,-102
120,114
114,103
-265,-305
-149,-161
103,-106
-119,-119
-105,-137
-126,-110
112,-113
-126,109
170,130
103,-106
117,102
-155,-172
-137,-110
-141,-133
-208,-227
154,148
-135,-156
-164,-155
-104,-105
121,115
-174,-219
113,-104
-150,-145
-112,-110
-155,-138
148,170
119,116
-175,-185
-172,-167
-152,-160
-180,-170
-119,-121
174,164
100,-108
-139,-113
-103,-125
-111,-126
-114,-104
-115,-111
-106,105
206,201
192,192
-141,-148
-150,-166
-219,-265
-115,-140
153,153
104,-108
-150,-128
-127,-145
-190,-220
-104,-113
-126,-113
-202,-208
174,194
104,-105
-127,-148
-271,-285
-147,-137
-133,-137
222,200
-156,-172
-149,-185
-122,-140
-149,-170
-129,-144
117,123
-151,-125
-127,-119
-155,-145
-210,-210
-127,-152
-108,106
104,-126
-154,-152
-130,-113
-130,-128
-153,-150
-176,-185
137,140
123,-118
104,-107
-162,-154
-143,-170
128,136
-286,-336
-150,-156
164,190
-119,-125
-134,-158
-146,-124
-150,-180
-188,-208
-169,-155
-120,-140
122,114
-165,-165
-150,-163
105,-115
-119,101
-210,-205
-129,-153
155,150
-119,-138
-138,-170
-122,-120
-132,-133
-110,-110
-177,-188
105,-115
115,-121
-139,-139
-112,-105
-190,-190
-123,-144
170,165
-165,-186
-320,-296
-123,-104
-124,-128
110,112
-113,-115
182,188
157,182
-237,-260
-175,-168
234,228
104,108
-135,-138
-108,-142
-128,-137
-150,-173
-146,-131
108,107
114,119
-113,-104
110,122
111,103
104,-127
-170,-178
188,189
-133,-138
114,-110
-173,-166
-153,-155
145,174
-150,-156
-126,-114
-143,-122
-104,-111
-113,-116
-103,-101
130,121
172,140
-143,-144
-205,-185
148,152
-152,-140
-154,-149
140,138
131,136
137,150
-140,-146
-148,-160
-108,108
-117,-124
-114,-114
-181,-183
118,112
103,102
110,106
160,116
-117,-138
-117,100
100,-114
-138,-140
-342,-270
-225,-235
-104,-103
-155,-166
115,-113
-140,-151
-135,-155
-110,101
109,104
136,136
-108,-151
-108,108
-135,-145
-118,111
-235,-238
-143,-127
-153,-145
-190,-190
105,101
146,138
-113,-104
-139,-117
174,151
-104,100
131,125
126,123
-126,-125
104,112
-101,101
-132,-104
-277,-270
-153,-145
-103,110
-155,-113
103,109
-194,-210
-108,-109
-150,-165
-110,106
-176,-176
-115,-118
-144,-156
-102,-102
-139,-187
-110,-106
-331,-350
-175,-150
156,145
106,-107
103,-104
108,115
-114,100
-139,-140
-132,-170
-119,-129
-101,-111
-134,-145
-117,-109
-147,-163
-155,-186
-106,-116
-305,-283
-201,-225
-176,-186
120,114
-121,-129
142,147
-127,-145
-121,-130
-165,-188
-138,-162
-138,-129
155,164
-134,-120
-176,-174
-159,-177
-210,-245
155,164
172,177
-113,-119
-134,-135
146,154
-111,-125
106,-101
-188,-253
-128,-117
179,179
-133,-123
193,200
-113,-104
-170,-180
-134,-135
-230,-200
-150,-175
-129,-130
108,117
-175,-166
190,-108
129,126
-206,-230
-138,-153
123,138
-149,-156
134,130
-113,-108
-160,-127
-235,-260
-178,-156
-129,-137
-110,-113
102,-101
-245,-240
174,143
-115,-104
-191,-188
104,-113
134,150
-105,-117
138,127
-158,-180
-127,-122
-102,-113
-205,-245
-215,-243
-135,-163
-106,105
-191,-180
-104,-119
127,110
118,115
-131,-111
150,120
104,108
127,110
-158,-154
-107,106
-133,-154
-123,-115
152,149
-185,-180
146,139
-116,-119
-107,109
-123,-115
104,105
121,122
156,170
-157,-165
-193,-163
-105,111
-130,-163
-194,-205
-175,-170
141,165
-188,-144
129,-103
-117,-131
146,140
114,104
-118,-116
146,153
192,236
-177,-188
-167,-172
110,-113
-146,-164
106,-120
-152,-148
131,124
146,149
161,155
-105,-108
144,124
110,133
161,158
-110,-108
-219,-228
-125,-152
-115,-153
-135,-139
-157,-161
164,205
-107,-130
146,155
100,-110
-128,-142
-182,-170
-168,-188
123,118
103,-109
-152,-154
-232,-259
-147,-172
-158,-185
-125,-149
-145,-131
176,179
-118,-109
-138,100
104,-106
-152,-154
-150,-172
-138,-119
-205,-195
-126,-113
-111,-103
-124,-119
-191,-193
-129,-127
-101,-104
-150,-162
-135,-153
183,147
108,116
-101,-107
113,129
-205,-220
-187,-208
-127,-143
-150,-162
100,-111
-160,-147
-185,-194
-185,-170
115,114
-105,-120
-150,-148
-119,-109
-109,-101
-164,-220
-220,-211
-170,-134
-164,-180
-106,-103
-119,-113
-120,105
194,211
-210,-234
-141,-200
111,-101
-141,-139
-162,-156
-156,-145
-203,-230
-118,-146
-135,-144
106,125
-109,102
-147,-152
-110,100
-120,-137
-110,100
-108,119
-220,-267
-120,-137
-114,-156
-101,115
-210,-219
-130,-163
-141,-147
-200,-193
-130,-153
-131,-125
109,104
-140,-128
-208,-224
-213,-235
-118,-145
-156,-153
-108,102
116,129
-156,-184
155,155
-175,-169
-125,-165
-110,-142
220,210
-102,-109
-196,-205
-164,-175
-128,-110
220,210
105,-109
-107,132
214,239
-137,-140
-165,-168
-110,107
149,183
-165,-199
-142,-157
131,107
-213,-265
-116,-126
-240,-260
-133,-164
-142,-136
272,291
-153,-128
104,115
131,107
-213,-265
-137,-125
-126,-161
108,-107
159,186
-115,-113
170,183
-106,-134
-260,-240
109,-101
-126,-113
170,175
-149,-177
118,122
183,195
-232,-258
-132,-151
-210,-188
107,106
152,140
-126,-141
-123,-129
-153,-170
165,151
212,211
141,121
118,144
119,133
106,130
-119,-129
-121,-143
-127,-110
-162,-176
144,126
-116,-120
-153,-173
-119,-128
-121,-140
159,155
235,245
149,134
122,103
129,129
112,121
-138,-140
106,-109
-190,-201
-170,-190
131,136
-175,-195
147,156
111,101
-164,-182
124,113
254,228
145,136
136,120
119,111
-156,-140
-162,-180
100,100
-143,-203
104,-135
111,101
-164,-170
109,104
-105,-112
120,122
104,126
314,309
-280,-296
104,115
102,-101
-165,-136
116,102
-151,-163
-106,-102
-188,-225
-215,-205
146,156
-119,-128
101,-122
-123,-120
110,123
147,145
-325,-385
-173,-185
-245,-220
-110,-120
-127,-114
161,134
-170,-171
-101,100
-220,-235
-155,-132
161,134
-109,104
105,102
-149,-156
110,-105
152,192
-169,-166
-200,-186
-185,-181
150,126
-233,-270
-175,-195
-150,-135
-179,-235
-185,-156
170,160
-120,-128
-117,-150
-160,-151
-121,-133
129,113
-280,-218
-165,-160
-225,-237
161,146
-145,-139
-116,111
-173,-170
-188,-188
-315,-395
168,194
114,125
-158,-138
-131,-123
-173,-165
115,105
-168,-190
-171,-155
-124,-117
-420,-434
119,-106
228,253
110,105
-256,-320
132,123
-168,-175
-113,-106
-171,-165
-108,-104
-319,-315
-111,-133
-145,-151
-158,-143
-153,-137
-290,-315
-114,-124
196,215
-108,-155
-285,-286
-116,-128
-195,-183
-160,-149
-147,-144
-103,-106
-178,-130
-195,-208
-123,-114
-195,-208
-163,-177
124,122
-220,-170
-118,-130
-260,-202
-205,-214
-107,102
-168,-145
143,138
-248,-350
171,191
-108,-116
-208,-204
137,136
-112,122
-149,-121
-117,-124
-114,-133
-167,-148
-117,-125
-116,-121
-153,-204
101,107
125,127
-189,-180
-104,-129
-106,-104
-212,-195
131,142
120,128
100,101
-119,102
-124,-149
-185,-204
-175,-194
-143,-154
-144,-132
-133,-121
136,133
-245,-230
118,131
-132,-123
-234,-260
-145,-171
116,129
-165,-172
100,109
101,102
-199,-230
-209,-220
-156,-185
-183,-187
-138,-129
146,126
-114,-130
304,283
-108,-108
-163,-174
-157,-159
-102,-126
156,163
100,-108
-110,-164
-217,-255
-111,101
-104,101
-170,-172
147,144
111,-113
-150,-155
-130,-128
106,115
-110,100
-156,-154
187,188
126,156
188,216
121,101
-291,-355
111,-102
121,108
-111,-114
210,241
-108,114
-305,-315
-149,-172
111,110
144,174
-150,-144
136,143
126,122
-318,-294
130,-108
115,101
-158,-146
188,196
123,117
135,167
-121,117
-145,-163
123,138
125,124
106,104
116,126
146,136
116,136
-163,-130
-232,-219
133,115
152,160
-125,-135
-220,-225
133,135
101,122
-128,-135
118,-125
128,122
126,127
177,142
-107,-101
158,142
-160,-119
-171,-148
152,143
157,170
-171,-141
-108,-139
105,-125
-109,107
-128,112
165,177
120,111
117,120
184,183
112,120
101,118
-153,-185
-179,-178
151,172
-126,-113
-137,-126
-289,-355
110,107
119,119
-106,-113
145,132
101,127
-168,-205
101,127
-121,-138
117,125
138,206
-163,-165
-260,-265
-128,-111
109,-107
-205,-178
-130,-203
-104,110
111,110
-114,104
-195,-157
-168,-165
118,130
149,155
-160,-157
-200,-177
-230,-224
-205,-256
117,104
-173,-170
-230,-213
135,170
-105,113
-121,-142
-104,-113
-160,-136
-170,-168
170,197
167,206
-183,-195
-160,-205
-201,-255
-140,-131
-115,-101
-260,-230
-166,-130
150,135
-107,-135
-194,-139
-155,-165
-179,-192
-107,-101
112,105
-264,-274
104,112
-144,-115
-190,-204
129,137
-147,-127
-143,-115
-290,-293
-180,-174
-172,-170
104,106
-101,136
126,102
-133,-145
-120,-125
-185,-204
-131,-120
-160,-127
-230,-235
101,-115
-121,-125
-175,-209
-301,-365
-188,-214
-153,-199
-104,100
167,191
-155,-130
-120,-121
-126,-122
-228,-274
101,-101
-115,-115
-158,-152
120,116
-144,-168
-119,-127
-191,-238
-174,-184
-144,-160
137,115
137,138
-147,-118
-119,-135
-139,-143
-160,-199
-135,-140
105,115
-152,-187
-230,-249
-158,-149
-132,-129
-116,-118
-217,-205
-175,-174
-250,-260
-165,-144
-150,-142
-125,-111
107,-113
123,112
-156,-152
101,106
102,104
112,102
-115,100
-191,-180
118,104
-161,-157
-132,-115
-200,-180
-150,-162
-123,-127
-113,-114
-113,-115
106,-108
-109,119
140,132
-134,-149
-129,-142
-165,-178
-113,100
-113,-140
-128,-106
134,105
-131,-130
-155,-163
150,151
170,180
-170,-134
145,159
-105,-111
142,143
-180,-172
-107,112
-125,-125
135,147
105,115
-300,-295
-135,-139
-101,118
170,181
150,130
190,180
-165,-141
170,154
-111,101
103,101
125,129
-130,-102
106,-111
142,110
190,188
-126,-108
101,-105
-165,-151
160,179
-102,-102
105,112
-111,107
125,-104
-125,-113
-210,-198
-155,-118
160,128
-110,-107
-105,-108
170,188
120,133
135,143
105,114
-115,-116
-101,-113
-110,-107
-185,-183
-109,136
140,118
-210,-220
145,125
120,136
-140,-138
115,-100
100,-109
-110,-111
-105,102
-110,-138
-130,-113
-130,-165
110,111
-152,-180
-255,-248
223,241
-175,-180
-120,-128
102,-101
-105,-107
155,156
105,-125
-110,-114
-140,-107
-137,-125
-105,114
-166,-164
-205,-218
131,134
113,118
125,120
-106,-116
-127,-154
-125,-137
105,100
-237,-249
-156,-156
183,189
-120,-118
-225,-255
104,101
-130,-150
102,-108
-132,-121
-144,-148
-147,-150
101,-103
-240,-250
-134,-159
-148,-148
-164,-175
130,120
101,111
-205,-230
-155,-135
-262,-278
106,109
-106,-111
-155,-147
-223,-230
136,118
-127,-128
-102,-117
-219,-245
119,123
-155,-167
-155,-160
-122,-116
-270,-320
-156,-160
-162,-169
118,118
-149,-155
-136,-153
-200,-170
121,105
-142,-146
-143,-170
-212,-208
188,220
-185,-190
-162,-180
-170,-180
-250,-271
-220,-190
105,103
113,-109
-240,-240
-155,-134
-195,-285
152,132
116,123
-140,-141
187,206
-182,-185
-104,-104
123,126
-105,-114
-143,-142
115,100
-220,-228
-213,-185
-191,-197
142,144
122,131
-173,-156
170,174
-140,-131
-123,-123
-154,-152
-115,-106
100,104
110,118
118,-100
-118,-122
-121,-107
-275,-278
150,141
-110,102
-166,-143
134,118
-112,-101
-181,-174
-181,-158
-145,-158
138,128
-118,112
-113,-137
-175,-230
-175,-183
-193,-221
107,139
-104,104
-191,-176
117,125
131,135
-128,-153
-210,-196
-210,-241
-169,-173
109,152
-128,-111
156,165
-110,115
104,-111
119,118
100,116
138,150
-230,-251
-128,-141
-166,-148
-185,-175
-165,-159
-191,-192
156,131
-114,-104
-111,-129
-116,-118
143,170
-108,-105
118,111
-199,-205
-203,-208
-203,-216
-197,-195
-195,-201
106,-102
-125,-135
130,125
-117,-131
150,161
-331,-320
-140,-150
-135,-119
-137,-128
111,-103
120,131
-334,-335
118,112
-154,-160
-165,-169
-205,-196
-111,102
-154,-164
-140,-185
-146,-151
177,168
-135,-137
145,175
-205,-196
170,199
-291,-328
-103,-103
-133,-151
-128,-125
-156,-144
104,101
104,111
-128,-102
-213,-202
-144,-134
111,115
-113,-122
148,165
-195,-193
148,152
-108,-120
-143,-160
-111,115
-104,-106
-107,-121
106,109
100,102
156,165
-188,-182
113,-104
-111,110
-170,-168
-150,-156
-120,-127
125,129
-110,-103
-176,-206
111,112
236,236
-120,-127
-157,-155
-118,-131
125,126
-108,-107
-160,-111
-140,-152
-119,-125
-185,-184
-140,-149
143,150
124,116
-213,-215
170,183
201,192
-108,-113
-163,-191
-125,-121
140,125
-175,-176
-174,-160
-196,-220
147,157
-143,-162
105,100
117,115
123,100
-149,-146
214,232
179,168
-153,-173
-178,-188
-131,-113
-130,-160
-150,-148
-103,-113
118,104
-230,-245
-150,-200
112,108
176,164
-180,-195
-225,-253
-204,-203
111,106
-160,-187
139,137
108,104
-106,-105
108,-101
102,-115
-111,-132
-141,-139
-250,-257
115,118
-130,-147
-165,-185
101,-115
-150,-154
125,115
106,100
-201,-201
-113,-108
-107,-104
118,132
-123,-135
-201,-201
-213,-199
-346,-390
102,-106
-168,-170
-145,-135
-110,-104
-149,-166
134,134
-110,-114
139,147
-119,-128
125,119
185,186
-146,-170
-140,-152
-160,-170
-188,-204
-105,-110
-104,-107
-125,-132
-152,-144
-165,-169
-132,-113
-106,-108
118,115
-109,-117
124,110
-184,-170
147,147
145,125
-173,-180
-243,-240
117,115
-168,-149
-154,-144
-140,-140
105,148
114,119
-131,-119
-140,-140
-145,-146
137,100
-130,-141
105,148
-162,-163
-121,-140
-104,-102
-202,-219
-219,-226
110,120
-202,-202
-168,-150
-116,-116
-130,-113
-130,-116
-180,-187
-101,102
-153,-155
131,132
-152,-151
111,122
-109,-125
-208,-195
-114,-109
124,111
-210,-203
-219,-242
-170,-191
-224,-240
-140,-146
100,104
-150,-168
135,138
-115,-109
-150,-168
106,120
-178,-173
-120,-114
-200,-182
-175,-182
-220,-230
-168,-154
-290,-316
180,190
100,107
-168,-165
-111,-114
-105,-104
-236,-224
-130,-139
129,143
-180,-191
-135,-125
-160,-150
-145,-152
-260,-257
-180,-215
-190,-181
-114,-106
-121,-102
-101,115
-180,-176
143,156
-199,-188
-135,-118
104,115
-295,-300
-105,102
-200,-178
-200,-178
-110,-115
-183,-165
132,132
-111,-137
-120,-152
100,115
-125,-115
125,105
-125,-136
-153,-175
160,156
-108,-113
-202,-204
-125,-124
-120,-146
150,170
115,104
111,116
-119,-109
155,145
-130,-126
-119,-115
-140,-146
135,143
-146,-142
138,136
-128,-123
-125,-108
-120,-123
-140,-151
111,113
107,-105
185,202
-121,-126
106,112
-137,-133
106,100
-150,-125
-101,104
-160,-160
210,210
-113,-104
-125,-139
-185,-184
-139,-145
174,174
114,114
129,129
-114,-119
128,136
-192,-196
-130,-120
-137,-135
-138,-133
107,-111
127,120
-235,-219
-140,-115
-105,-104
-104,111
141,157
-130,-118
-127,-130
-195,-226
166,139
-155,-170
115,136
-143,-155
-133,-119
-235,-159
-179,-164
-140,-139
134,126
-188,-178
112,106
117,109
-117,-121
-103,-106
-137,-141
144,145
-129,-165
150,157
-128,-117
-139,-136
-211,-230
-102,-103
100,-105
-128,-113
-116,-109
115,117
109,-104
-131,-123
-194,-182
106,-103
-148,-142
-144,-153
-130,-169
-143,-156
120,135
-131,-138
115,120
161,165
-237,-231
-200,-193
-235,-223
-141,-108
-170,-180
-133,-152
-205,-179
-132,-120
134,128
-122,-127
-250,-256
174,180
-117,-121
138,138
115,125
114,133
-260,-254
-190,-168
-200,-199
-133,-120
-127,-114
-183,-183
-133,-116
138,138
108,107
-117,-121
-248,-223
160,165
122,132
113,118
-257,-260
-148,-148
-275,-251
-160,-154
-158,-164
-127,-120
-298,-299
-140,-150
160,204
117,113
-106,-119
-280,-290
-128,-119
-114,-107
-165,-152
-130,-138
202,241
-107,-108
123,114
-145,-141
-151,-148
-114,-103
107,108
-147,-131
-123,-144
115,146
119,-105
161,148
156,161
-151,-157
107,118
-180,-180
-123,-119
-125,102
-141,-125
-175,-140
104,-108
-205,-174
-160,-149
206,209
121,106
150,180
105,-111
-250,-248
-104,-101
112,-106
-107,-102
-140,-108
113,133
-168,-156
-109,-140
-154,-180
142,129
-127,-116
-125,-130
-167,-120
-144,-163
117,105
-157,-138
-168,-180
146,156
-170,-165
-105,-113
-151,-174
-190,-165
-133,-140
161,165
-114,-130
-117,-137
-119,-123
-146,-139
-108,108
145,119
-137,-132
113,118
-180,-184
145,119
-109,-113
108,103
-264,-259
-137,-132
-185,-200
-110,-103
219,241
110,100
-126,-109
-126,-142
-170,-174
-112,107
-185,-181
-200,-241
130,127
-128,-141
-104,103
-168,-160
-139,-128
-177,-174
-115,-126
138,152
100,-108
104,103
-119,-139
-183,-201
106,-108
110,124
-122,-104
109,-107
-180,-187
-188,-209
-199,-204
-127,-127
174,189
-180,-180
-135,-142
-122,-116
120,120
195,206
-104,110
-145,-144
-163,-169
-200,-192
-104,104
-119,-113
145,149
122,104
-175,-193
-262,-245
-150,-138
-115,-114
-147,-119
122,110
130,121
-168,-170
-165,-182
-167,-153
-181,-215
126,116
-210,-227
165,183
107,105
-125,-150
-259,-292
-123,-111
129,138
120,104
113,109
-135,105
100,123
-151,-148
-128,-109
-102,-129
-140,-135
-185,-180
-142,-155
-110,-108
-183,-198
-142,-145
-148,-135
-213,-230
-183,-154
117,111
-196,-185
-196,-230
-105,-130
-123,106
235,210
-152,-157
-122,-126
-140,-140
-135,-104
-145,-170
103,-108
-141,-133
-155,-154
-133,-127
-161,-140
-190,-221
-190,-235
112,-105
-185,-176
134,133
122,112
-240,-213
-104,-104
-113,-127
-147,-160
110,109
-181,-185
-152,-158
104,114
-119,-138
-255,-254
-171,-174
-113,-123
-117,104
167,202
-137,-180
115,-105
-190,-178
-141,-118
120,-101
150,161
-107,-115
-106,116
-137,-180
-122,-135
-124,-108
-102,-108
-125,-128
-165,-173
-192,-168
122,114
106,119
-264,-270
-117,-108
106,111
125,128
-147,-154
118,113
-126,-132
-157,-190
-133,-146
-103,-114
111,-104
-166,-142
-183,-183
-110,-113
111,121
-290,-250
-202,-187
-178,-190
185,209
-121,-125
118,122
-147,-145
-175,-193
-174,-157
-110,-104
-170,-125
-247,-267
-176,-180
191,228
-184,-197
120,150
110,116
183,177
-137,-130
-155,-163
-148,-129
-140,-140
-145,-135
-119,-121
-113,-119
101,-106
-103,107
112,113
100,-102
-135,-140
119,132
158,158
108,116
-103,-126
-128,-109
-133,-127
-153,-168
-110,105
117,129
-182,-200
-114,-111
-111,-108
136,152
121,118
-158,-174
138,139
150,165
145,130
-118,-111
-136,-152
-123,-119
-175,-168
128,125
125,107
-170,-174
134,137
-111,-102
113,101
136,138
-116,-130
147,143
100,-108
125,-116
-135,-119
-103,-115
-185,-180
-108,-117
103,-122
179,175
179,175
-117,-109
-111,-104
-180,-201
-165,-163
-130,-145
118,115
-115,-130
-165,-163
105,101
-220,-185
-190,-191
107,111
-177,-204
-207,-205
134,128
115,129
-210,-203
-117,-126
-247,-265
-131,-116
115,-101
-110,-123
-175,-163
120,114
-208,-205
-224,-224
-107,106
-196,-202
-170,-206
130,138
102,-104
-137,-135
-191,-180
-185,-150
-146,-119
-205,-185
-112,-106
-175,-170
165,170
-164,-152
-125,-125
-200,-225
-127,-113
103,-106
-102,-108
-175,-180
-197,-180
-293,-312
150,156
180,174
-138,-163
111,108
-121,-108
104,-109
-185,-158
-133,-135
-191,-190
130,-120
117,122
-140,-137
-173,-152
-125,-108
-260,-209
146,142
161,165
-185,-168
101,-113
-113,-114
147,146
-162,-165
106,115
-155,-185
-139,-125
-103,-114
-147,-154
-163,-154
-121,-133
-210,-220
226,202
190,165
-172,-163
-117,-108
100,107
215,245
-195,-185
-119,-108
-299,-290
153,146
112,107
106,123
114,112
193,206
107,112
-145,-157
-185,-172
165,152
-105,-102
167,156
-107,-104
-110,-104
122,152
-146,-160
130,125
-121,-108
-105,-110
-144,-160
-139,-140
-181,-196
110,106
-170,-175
-105,-117
-160,-155
215,249
-104,-107
101,112
164,128
-130,-125
182,183
100,112
143,128
107,120
-156,-140
-208,-191
100,100
-175,-174
129,112
-203,-165
122,117
124,129
-125,-119
158,178
106,-104
-142,-141
-130,-163
-102,121
-167,-163
-140,-148
104,102
-132,-134
-105,-114
-130,-136
189,210
104,105
-150,-153
-218,-205
-127,-127
-138,-138
-136,-140
-206,-253
-165,-210
126,119
107,-102
104,120
-114,-102
-102,106
-104,101
178,228
-135,-105
-142,-161
-201,-180
-157,-171
-141,-158
-180,-193
-145,-140
-305,-320
200,212
115,140
104,106
-128,-140
115,109
-107,105
207,221
110,110
-173,-182
-139,-148
-128,-125
102,114
-110,-113
-145,-183
-234,-232
111,115
105,120
100,-115
-254,-270
-141,-163
112,100
115,110
100,102
-280,-260
-114,131
108,108
-130,-149
-103,-104
-180,-186
157,181
-191,-190
-123,-126
108,108
-167,-160
-104,-120
-153,-157
-102,-109
-163,-175
-113,-109
-253,-228
126,129
-149,-166
-200,-208
125,152
-290,-320
-133,-134
-111,107
-129,-114
-102,-108
-118,-135
-192,-208
-114,-114
-249,-241
-119,-108
-104,-120
-290,-270
114,115
136,165
-146,-160
-156,-163
-197,-185
-123,-113
-130,-135
113,113
102,108
-184,-176
130,124
-193,-235
-295,-334
137,133
-202,-216
147,137
113,113
-146,-162
-133,-113
-143,-128
-115,-118
-129,106
-148,-146
102,-102
-115,-128
105,-110
-260,-243
-321,-325
112,103
-168,-235
145,155
109,106
106,-118
-145,-142
-165,-176
100,-104
-134,-120
-135,-134
-112,-120
-170,-179
127,119
-156,-160
-335,-361
151,151
-152,-170
160,155
-116,-115
-118,-120
-130,-148
-244,-243
-133,-123
-186,-164
-138,-139
150,166
105,115
-170,-163
-146,-145
115,110
129,135
-115,105
-103,106
-146,-128
120,101
-235,-235
-110,-113
154,148
-158,-152
-150,-140
155,145
-122,-146
-208,-213
-176,-154
117,118
181,165
100,111
-112,-111
-106,-133
133,135
-260,-237
188,174
140,140
-140,-144
-143,-120
-106,-113
-145,-154
-179,-197
-139,-152
125,136
120,113
108,110
-117,-117
-136,-119
103,-105
-213,-192
145,151
-174,-178
102,115
142,140
-126,-160
-105,102
120,105
102,104
120,126
-134,-119
-147,-134
-128,-121
-147,-145
156,160
-154,-160
-190,-198
159,165
-213,-207
140,138
-103,-118
-113,-129
157,-109
102,-113
-145,-132
-112,-104
-142,-131
121,137
-112,-123
105,111
-180,-172
-193,-160
170,148
-205,-199
134,141
-116,-132
-150,-137
140,147
-109,-140
-106,-123
-111,-101
-104,105
-192,-183
-160,-165
121,135
-201,-235
-192,-196
124,133
-252,-276
-120,-109
123,114
-172,-174
106,103
-111,108
-123,-130
100,123
-192,-205
-154,-178
-175,-208
244,238
-151,-137
-135,-118
-177,-221
112,-104
-150,-143
114,125
-197,-150
-153,-165
-105,-114
-182,-230
192,146
-209,-192
156,160
-105,-111
-141,-150
-128,-120
-240,-250
-141,-128
-130,-140
-139,-141
111,-110
-181,-218
-215,-205
110,120
-166,-174
219,231
-230,-224
135,155
-104,-101
104,-110
-185,-165
-180,-230
-158,-163
-123,-127
-132,-106
101,131
-125,106
-130,-146
-291,-305
-134,-127
-168,-200
-139,-160
-136,-130
-113,-106
-131,-128
-118,-146
272,326
-270,-276
-149,-150
-132,-113
113,126
-197,-225
128,142
-191,-196
104,-104
-130,-144
-108,-119
-165,-156
-110,105
-125,-106
-142,-140
170,172
-297,-360
-143,-130
-195,-208
150,136
-326,-328
170,190
-267,-245
-118,-133
-170,-179
100,114
113,115
108,136
-123,-117
-174,-145
205,201
-301,-320
-145,-155
-140,-139
113,105
-190,-180
143,145
-176,-170
-124,-154
-193,-196
-136,-118
120,103
-115,-110
104,-104
219,198
-102,-115
-173,-173
-180,-221
-197,-197
223,219
136,128
219,198
-243,-209
104,-104
-201,-192
-104,100
-109,-107
109,136
-222,-230
-181,-183
-172,-170
148,147
124,142
185,207
-221,-212
120,101
-145,-161
154,170
-190,-215
-124,-133
108,108
-126,-127
102,102
-191,-184
-160,-141
-214,-200
136,135
154,159
129,155
-212,-206
-159,-143
-109,-113
133,141
-354,-410
-183,-205
124,124
103,-105
101,-110
167,177
-129,-124
103,115
-195,-210
-101,-101
102,128
-161,-170
192,189
-129,-149
116,124
-166,-159
-264,-260
-115,-114
-153,-158
100,-119
115,-107
-155,-147
122,111
-143,-134
-101,-106
110,107
-212,-206
-128,-126
103,-107
-105,-101
163,166
-143,-139
-261,-275
-111,-117
-154,-127
103,-107
-110,-104
-112,-114
154,153
-150,-181
-135,-129
-110,-110
-260,-202
-113,100
-101,118
154,127
-167,-151
-354,-395
-128,-108
-224,-210
-103,-108
-131,-123
-121,-120
107,-108
-137,-160
-104,-111
115,-110
-152,-142
127,129
-155,-143
-175,-177
-140,-144
175,184
-205,-203
173,176
-142,-150
117,100
136,122
-163,-167
114,118
-160,-176
100,105
-154,-170
-123,-132
-138,-135
-114,-102
-180,-193
151,131
-214,-189
182,164
-122,-141
156,165
158,152
-150,-144
118,132
-218,-237
-117,-111
-129,-134
-114,-102
-153,-167
-220,-206
-193,-193
297,291
-215,-203
152,149
-173,-178
120,110
124,115
-172,-166
125,128
-114,-114
-153,-167
-137,-130
-134,-133
-104,-105
115,100
146,170
-193,-222
-104,-101
128,144
-115,-122
228,245
-107,-104
-255,-275
-122,-165
-131,-117
104,102
-166,-159
121,111
150,141
-181,-186
106,-103
145,125
104,-113
106,102
179,164
-108,102
-160,-172
-135,-126
-123,-125
-101,113
101,-130
-109,-106
-214,-228
-109,-118
115,107
117,127
-122,102
136,125
110,112
-182,-207
-116,-108
-134,-142
118,118
-108,-133
-108,-103
-183,-180
-254,-280
121,115
-107,-116
-150,-165
-159,-141
122,130
-119,-126
106,124
150,130
158,165
-118,-125
165,235
140,142
-132,-127
-352,-371
-165,-131
-109,-113
102,102
-128,-140
130,143
-253,-265
131,111
220,205
-430,-405
147,144
-111,-125
187,174
-430,-405
113,115
-110,109
-193,-190
128,120
-130,-115
118,119
-128,-124
-105,106
-353,-295
-107,137
137,143
110,105
109,109
233,212
-360,-323
127,136
-110,100
-147,-160
-130,-152
-117,-142
-117,-116
-111,-114
104,102
-265,-203
-107,-121
139,128
114,130
-140,-133
102,-101
-162,-170
-154,-149
-146,-148
-103,-113
-208,-198
-149,-135
-293,-293
-108,-119
-118,-104
137,140
-116,-114
128,149
-112,-119
115,101
-173,-170
-175,-160
-163,-177
-160,-143
105,-109
-177,-172
-162,-175
-253,-278
101,122
-103,110
155,158
-132,-142
116,105
-109,-131
-124,-130
-158,-165
-110,-114
-122,-122
147,140
-139,-135
-282,-282
-140,-135
-139,-138
-110,-135
-187,-184
-195,-205
-112,-104
-162,-157
-162,-170
-155,-145
-144,-152
-158,-162
-185,-198
-120,-127
-168,-185
-111,-104
-185,-200
-185,-250
-164,-170
124,115
-191,-220
-185,-205
-145,-153
-154,-165
-185,-183
102,111
-145,-145
-163,-137
-185,-183
-140,-145
-176,-168
-130,-123
-230,-225
-230,-301
-164,-169
-155,-155
-244,-253
-134,-135
-110,-113
-229,-225
117,127
-130,-168
-166,-150
-150,-168
-102,-108
-224,-264
-108,-115
-148,-131
-223,-266
-255,-265
-119,103
-187,-160
-174,-170
-102,110
-148,-152
180,174
-157,-164
-142,-133
128,122
-201,-206
160,159
-120,-125
-138,-130
115,115
140,145
-104,105
-104,105
-165,-170
104,-108
152,156
-105,-134
-170,-210
-105,-114
106,105
-240,-236
170,180
-157,-165
101,101
-184,-182
100,106
143,127
-114,-137
-176,-172
138,136
200,192
-200,-211
-158,-130
133,160
-197,-208
245,235
-150,-192
-128,-117
-185,-203
139,142
108,104
-134,-121
-200,-200
148,147
122,122
-206,-205
-132,-148
-157,-177
-161,-128
-211,-220
104,113
175,210
131,132
105,-104
-105,-108
-106,-104
-104,113
111,115
115,140
-120,-117
-210,-195
139,130
102,109
-209,-210
-143,-134
216,236
129,143
216,236
220,200
130,128
101,-108
125,118
-107,100
-114,-113
178,165
101,-130
-191,-208
140,145
-111,-104
-224,-228
-125,-128
104,101
297,301
221,193
147,165
-114,-134
-120,105
144,159
-110,130
101,106
-112,-105
-213,-192
150,133
-127,-130
-220,-205
127,122
-164,-200
-230,-300
-107,-103
150,163
111,-123
-230,-300
-199,-197
-122,-126
108,120
-135,-132
146,158
125,105
-135,-130
200,185
-199,-199
-104,-132
-185,-193
-136,-135
-105,100
110,119
-185,-191
115,122
-220,-200
125,130
-102,-107
156,159
120,-106
-101,-115
155,157
-205,-204
-125,-125
-219,-221
-134,-143
123,115
-119,-117
-183,-170
-128,-107
-190,-182
120,110
-111,-118
-148,-148
115,125
-106,111
-104,-105
-152,-163
-138,-110
-148,-148
-164,-182
120,125
-100,-115
111,120
-365,-340
124,117
-125,-130
-165,-180
136,132
-119,-137
-130,-110
111,114.1
-375,-354
-127,-125
-163,-155
-101,-110
-174,-175
-168,-186
122,151
-205,-187
-115,-148
-157,-160
-174,-170
-105,-105
-121,-125
-103,120
120,135
-195,-185
-140,-156
-105,-105
132,142
-204,-202
-264,-310
176,170
-266,-251
-126,-118
-136,-128
-200,-187
138,149
-150,-150
106,-107
168,168
-225,-225
-116,-105
-187,-190
-109,-101
-235,-192
-229,-233
-173,-158
-118,-127
-163,-172
-185,-225
-102,-105
157,153
-210,-210
-127,107
-147,-198
-178,-192
106,112
-141,-132
163,180
-186,-193
-143,-146
133,124
-236,-270
-195,-234
128,-110
191,185
-133,-142
-169,-162
100,-115
-165,-207
-204,-224
-112,-101
-190,-167
167,160
-236,-266
107,119
131,138
-193,-174
-202,-208
100,-108
170,155
-174,-150
-236,-255
-159,-149
-160,-174
-165,-153
159,165
-111,-126
-219,-196
-195,-194
-186,-174
151,158
-163,-156
-158,-203
-161,-147
177,173
132,105
-144,-134
-170,-195
190,188
137,122
154,161
123,118
118,120
-127,-125
-237,-239
-164,-170
107,107
-154,-169
135,132
214,226
145,156
136,136
-105,-114
-159,-173
271,263
166,183
214,226
140,143
105,125
-118,-130
-400,-348
-159,-153
-135,-159
-151,-147
106,-105
158,165
-117,-113
110,106
-265,-255
197,203
128,114
240,240
-113,-123
108,105
-130,-130
-235,-213
-177,-161
-144,-148
-157,-153
-105,-105
156,159
-220,-236
129,130
-130,-128
-183,-191
127,120
116,104
-110,-106
-246,-238
120,110
-115,-118
193,204
-243,-253
107,111
-200,-220
-123,-116
-187,-221
-155,-163
116,102
-128,-127
128,113
105,102
108,110
-247,-270
-107,-104
144,148
-283,-333
131,134
-180,-180
-192,-189
-168,-148
-168,-150
120,103
-143,-130
108,-101
-128,-140
-120,-132
-127,-153
175,182
132,133
-295,-315
-224,-245
109,131
-200,-199
-106,-109
-138,-126
-135,-132
-124,-122
145,147
-109,-120
-204,-180
107,105
-346,-340
-194,-193
-111,-116
-135,-119
-121,-106
-111,-127
-134,-137
-215,-185
-101,104
-158,-149
-103,109
152,191
123,117
-124,-119
133,134
-340,-340
-180,-185
-141,-132
116,108
-134,-125
-138,-120
119,112
-116,-124
101,103
-169,-195
100,-125
158,174
-156,-126
-152,-148
124,131
-224,-260
-182,-214
102,100
-110,-104
119,133
-145,-165
-130,-112
-210,-204
-108,-105
-193,-232
118,115
119,111
-132,-127
-108,-117
-188,-199
105,-122
-218,-227
-132,-140
-125,-113
131,130
-240,-216
-135,-147
-172,-193
-123,-108
-205,-199
118,115
-102,-103
-141,-139
-155,-156
-230,-232
-121,100
-300,-289
-230,-235
108,115
130,123
-169,-178
-187,-191
-105,-118
113,111
-220,-230
112,-162
-106,-106
-190,-180
-165,-148
-350,-319
118,-129
-201,-224
-188,-181
146,136
152,173
-153,-152
-127,-107
118,126
-156,-161
-108,-104
137,150
-144,-160
-146,-190
-236,-282
185,219
105,104
-144,-175
-114,105
134,138
-196,-175
-113,-105
140,138
-152,-144
-157,-178
133,132
-161,-178
130,150
-129,-130
-230,-239
130,150
120,124
-110,-113
-185,-206
122,126
125,115
-147,-155
113,106
-143,-142
-120,-113
-175,-188
147,156
-160,-168
-147,-142
-237,-247
152,165
-105,-104
-155,-130
125,138
113,104
119,110
-165,-162
-138,-138
-148,-146
108,115
-215,-229
-141,-144
105,110
-118,-125
142,138
275,308
163,179
-133,-130
138,160
-125,-131
-120,-125
-137,-137
107,108
120,129
-133,-115
110,120
190,160
151,159
-240,-264
-124,-121
173,162
151,170
-137,-138
-205,-214
-110,-166
-315,-327.32
-137,-137
-116,105
116,124
123,104
-102,-103
232,244
174,168
-226,-190
-147,-159
200,194
164,187
105,-113
-142,-141
-167,-174
-243,-273
-131,-120
-103,104
-162,-162
-130,-116
168,172
-162,-162
101,115
163,162
-104,-116
-250,-215
-170,-175
100,104
-198,-200
120,109
-170,-199
112,118
-168,-185
127,125
-130,-113
-125,-127
-140,-133
-140,-133
-130,-138
-280,-305
130,136
-184,-165
114,-107
-204,-208
129,136
-231,-260
120,140
-196,-214
-121,-108
-244,-248
-110,-114
-163,-170
-141,-140
-132,-125
-216,-224
-153,-134
-186,-190
109,107
-153,-153
101,114
-213,-188
134,137
-210,-210
-105,-105
-200,-173
-108,105
-164,-165
107,110
112,114
-215,-220
-130,-126
-126,-142
-164,-180
-156,-160
-170,-170
-111,111
-122,-152
-107,-113
-162,-154
-128,-137
134,127
130,116
133,146
-130,-165
-101,-108
-237,-287
-192,-193
-213,-214
-195,-219
-141,-137
-109,-104
-175,-193
-132,-170
-165,-165
-136,-125
197,172
104,106
177,202
-153,-154
-113,147
-290,-365
-165,-175
-214,-224
-216,-214
-130,-139
115,102
109,112
-142,-160
-225,-193
-105,107
134,134
114,111
-158,-153
-189,-214
122,124
-147,-141
-119,-125
-264,-280
-147,-139
121,137
-291,-330
-148,-152
151,172
132,125
-116,-118
-111,-101
-229,-200
127,122
-145,-177
124,153
-132,-128
-268,-260
-160,-160
110,113
132,136
-319,-327
-117,-142
181,186
-103,103
-167,-170
-104,-107
-270,-260
120,112
-230,-244
-165,-142
-149,-148
-291,-305
-175,-174
-107,-110
140,133
-290,-290
102,112
178,169
111,113
-106,-106
-118,-115
-208,-194
135,135
-181,-177
-124,-123
145,145
-224,-228
-196,-200
121,114
154,163
-211,-239
228,200
166,161
141,170
-240,-260
-160,-144
-120,114
-140,-170
-185,-180
-153,-155
-130,-132
-165,-145
-145,-142
179,200
-148,-142
152,174
-157,-154
193,213
-354,-375
-114,-110
161,179
-106,-113
-150,-149
-137,-175
-110,-104
-146,-155
-355,-340
-161,-165
-355,-340
165,165
-136,-138
-135,102
-155,-160
103,117
-210,-180
-102,-101
158,152
-105,102
-185,-199
-176,-182
-114,-102
-169,-170
104,110
143,124
-127,-127
130,135
-164,-177
-151,-163
-170,-185
-154,-162
135,136
125,127
-154,-162
149,177
-233,-248
217,237
158,168
-132,-134
125,131
120,110
-106,-129
-156,-143
-179,-164
-165,-170
-184,-202
247,244
119,117
-164,-140
-131,-137
206,213
-255,-244
247,244
233,231
-177,-154
-195,-163
-130,-108
121,128
-150,-144
-230,-211
-235,-230
-128,-102
111,104
120,132
-138,-131
187,201
-250,-271
210,201
206,198
-224,-260
-130,-130
-106,-109
-128,-123
-135,-153
-165,-162
-162,-158
-170,-180
-127,-110
-165,-175
-131,-138
-167,-199
-137,-170
-170,-183
-172,-166
-137,-137
-152,-160
-225,-245
-113,108
-147,-119
-152,-164
158,135
-179,-161
-122,-123
131,134
-118,-137
131,123
-122,-122
109,114
-110,115
-165,-169
-135,-120
-150,-148
-140,-152
-170,-179
-190,-180
-101,104
110,-107
-150,-176
135,-137
-160,-173
-160,-139
-140,-145
-127,-154
-124,108
-117,-110
-110,-121
-160,-165
-125,-116
-121,100
-105,-128
166,187
110,117
123,102
-140,-144
109,-119
-190,-179
131,119
-340,-371
-114,-113
-165,-170
-121,-101
-150,-159
130,124
125,127
-135,-117
135,146
-126,102
-115,-132
-175,-199
-130,-110
-125,-114
-125,-127
130,150
110,101
130,144
-140,-125
-110,109
-145,-141
130,115
-375,-381
-125,-133
-140,-135
-115,-128
-230,-192
-130,-170
-110,-124
-145,-184
130,123
-103,101
135,120
-135,-157
-105,101
-150,-142
130,146
-350,-300
-120,-101
-125,103
-170,-155
-205,-187
120,120
-130,-119
-160,-175
-110,-105
-127,-141
144,153
-165,-172
-105,-109
130,116
-210,-215
101,101
125,134
-177,-147
-206,-176
155,150
-114,-122
-105,-106
-149,-172
184,202
-201,-168
106,129
-234,-215
-110,-130
-192,-185
125,118
-202,-185
110,117
131,126
-111,-106
-138,-139
-135,-122
156,187
-158,-146
100,-130
195,185
-190,-172
-143,-161
170,199
-180,-204
-104,-104
-120,-129
107,104
-125,101
-120,-117
-115,-113
107,118
-140,-138
119,119
-157,-158
-125,-134
107,105
-167,-185
-146,-156
-175,-161
108,114
-140,-126
-122,-158
122,121
158,164
-170,-198
128,113
-116,-121
-148,-134
109,120
-118,-111
122,122
-115,-114
-146,-150
-157,-171
104,-103
-115,-132
-141,-118
-105,102
167,161
-150,-169
135,154
-112,103
-176,-181
129,114
-132,-153
108,110
-117,-115
-122,-132
-159,-165
-109,-115
-113,-103
-103,-103
120,147
-118,-131
-123,-113
-148,-150
109,101
-125,-134
113,-106
-140,-143
137,156
116,124
-132,-137
125,165
-238,-250
-179,-188
-122,-105
107,119
-173,-190
-102,-112
-197,-251
142,121
121,104
-135,-142
125,151
124,155
-145,-131
144,166
-170,-168
-144,-150
118,127
-114,-112
100,143
-186,-184
-102,-105
-107,-106
-148,-158
139,154
-148,-117
140,138
-191,-176
-133,-121
-162,-156
112,123
116,134
113,-101
130,124
-121,-129
110,111
-280,-249
-158,-167
140,142
-138,-160
-171,-195
134,126
-129,-138
103,102
112,134
-106,-105
155,142
-255,-192
-107,-105
-235,-276
-182,-201
110,101
115,-106
-120,-151
-120,-118
177,175
-131,-111
151,184
-184,-202
-131,-147
141,136
-185,-160
-140,-138
-256,-238
105,110
128,122
-144,-135
-185,-176
154,175
107,-101
120,129
125,116
-204,-233
135,143
172,132
-178,-196
-241,-253
-180,-186
-160,-160
107,103
114,110
-130,-118
-113,-113
-124,-112
120,120
-140,-136
-101,-108
-177,-166
-187,-182
144,142
-126,-108
100,123
-252,-229
-135,-113
-146,-151
-116,-114
-147,-130
-107,-114
123,114
-101,-104
-117,-120
105,-102
-177,-179
-142,-142
111,-117
120,118
-252,-234
-123,-128
-146,-158
-116,-112
-147,-170
-107,105
143,143
-118,-111
-126,-129
-115,-115
100,-117
-118,-105
-201,-192
-157,-171
-255,-241
-177,-174
-130,-161
-203,-197
105,103
-111,-123
-157,-170
-123,-142
-106,-107
-127,-129
-106,109
-131,-124
-141,-148
-112,105
200,197
106,111
-171,-152
111,105
-118,-117
186,170
186,170
-134,-132
-150,-132
-150,-132
108,129
-143,-142
-146,-128
105,-103
120,-140
-144,-141
207,227
213,222
-240,-245
105,113
-110,-115
131,137
-110,-107
-128,-106
-140,-152
-130,-109
-162,-142
-146,-144
-145,-160
120,123
-113,-113
189,170
151,143
-243,-205
111,117
101,-118
-110,115
-117,-119
-179,-169
-106,-108
-110,-148
-137,-133
-163,-145
-180,-172
103,-106
118,122
-218,-208
-218,-208
-105,-109
-101,104
-228,-232
137,143
-129,-148
-138,-129
-133,-140
-125,-103
-135,-131
-119,-121
-177,-181
-124,-107
-115,105
-116,-122
-210,-214
105,108
114,105
-166,-158
-146,-164
-265,-234
104,123
-163,-154
-113,-109
-171,-169
-127,-128
-253,-214
-105,111
-108,104
-201,-227
100,115
-131,-139
-152,-154
-113,-109
-170,-139
-192,-193
-106,-104
-134,-123
105,-105
-175,-175
-192,-206
-195,-165
-165,-136
115,103
-142,-146
-126,-124
-198,-181
-179,-162
-163,-153
-129,-132
110,-113
-123,-130
-130,-150
107,106
-205,-206
-171,-162
-136,-126
-116,-101
-106,-105
-128,-118
108,-102
-286,-244
-170,-190
-115,-110
104,100
-152,-135
-119,-109
106,100
-170,-185
-103,114
-119,-119
-127,-125
106,116
-145,-140
101,114
-188,-207
-163,-167
-162,-162
106,107
-143,-133
134,143
-148,-129
-162,-155
131,134
146,156
-153,-160
-124,-125
-113,-104
-130,-147
-133,-142
-154,-167
103,104
113,-102
130,121
143,133
-113,-107
144,146
-193,-195
-107,-109
183,178
103,100
-115,-109
108,104
-139,-131
131,123
131,123
-163,-135
-197,-191
-101,-104
133,120
116,125
124,132
-216,-237
-155,-140
-180,-177
-180,-177
135,112
-134,-145
-144,-162
137,146
-155,-150
-168,-172
-105,-116
-130,-147
157,168
-118,-114
202,204
-101,-102
-170,-147
-156,-140
101,-103
-149,-143
-110,-117
149,138
-152,-140
-165,-174
178,164
140,141
-151,-157
-125,-124
120,124
156,161
-128,-119
-135,-123
-197,-196
-127,-134
-116,-102
-104,-103
111,-110
-125,-119
-118,-110
162,158
150,142
-129,-114
-109,-112
194,196
-127,-130
-159,-175
-130,-138
-133,-138
-122,-121
113,104
122,107
-134,-130
-165,-167
151,132
109,108
-128,-131
-130,-166
140,152
-249,-251
-140,-132
-230,-252
-283,-282
-159,-154
106,101
-129,-121
-189,-214
-106,-115
-148,-137
107,-109
170,184
-157,-159
-134,-133
-104,-120
131,130
-220,-238
-145,-127
-121,-118
-125,-146
131,146
107,103
-170,-171
131,127
-149,-151
103,-115
252,250
-222,-223
-187,-202
-120,-114
-207,-225
-182,-217
-107,-117
-143,-123
-155,-119
-157,-152
-155,-150
-103,122
-137,-111
-184,-194
-107,-104
-202,-194
-231,-237
-149,-161
-102,162
-154,-182
-145,-148
-143,-168
-141,-145
-157,-136
-135,-129
158,164
-202,-200
-128,-113
-168,-173
-243,-257
132,129
-203,-207
-183,-175
-150,-141
144,134
-149,-157
-155,-169
-130,-128
-214,-206
105,116
128,114
-188,-173
-149,-121
-132,-131
-325,-286
121,114
-121,-129
-302,-299
115,105
113,126
-161,-191
-153,-132
-162,-156
-157,-162
-157,-162
115,108
144,142
-155,-135
-135,-115
-125,-112
-225,-212
105,-108
-151,-139
-130,-119
-112,-110
-147,-164
-163,-184
-116,-118
-199,-165
-158,-173
130,146
-123,-113
-145,-123
-139,-150
135,141
-146,-155
-262,-253
122,-106
176,197
-137,-138
-151,-156
143,133
103,103
-101,-129
-126,-126
102,103
113,114
153,187
126,129
-154,-153
-143,-140
-118,-137
308,324
115,108
-150,-159
-159,-154
-122,-145
-144,-123
-116,-120
-140,-131
164,156
-255,-255
-255,-255
-123,-142
-304,-351
123,139
-107,-114
129,113
-124,-145
105,-104
-117,-115
-106,-107
132,106
-152,-185
-136,-143
123,127
121,128
-174,-170
144,175
-151,-159
-164,-169
105,-115
151,145
-116,-116
-138,-128
-109,-116
205,205
-109,-109
-167,-185
-108,107
-102,-101
136,147
-150,-150
109,108
-141,-135
-148,-152
124,121
130,102
-174,-168
-122,-124
-145,-151
115,115
110,104
-159,-161
-163,-197
-147,-194
169,149
-225,-233
100,115
113,138
-108,-112
-102,-123
147,146
-137,-111
114,128
-108,-109
186,181
120,-113
105,-141
163,160
-127,-118
-167,-182
-265,-230
134,139
-141,-139
140,133
-144,-141
184,201
-115,-111
216,227
-133,-120
-129,-121
-103,-110
-348,-329
-135,-140
108,105
-107,-104
101,105
129,130
-160,-115
138,130
-135,-126
192,213
-143,-168
105,110
-119,-110
-326,-351
-110,109
110,105
-131,-134
135,146
-176,-175
-176,-175
119,110
111,116
138,132
107,101
122,120
184,173
-110,115
-118,120
-154,-144
-186,-180
135,148
-135,-125
-103,107
144,122
-158,-155
-155,-177
123,117
-156,-146
129,138
-155,-147
-284,-271
-163,-154
148,176
118,127
-146,-141
111,110
-213,-201
-115,-143
-122,-102
-147,-141
-125,-120
-182,-167
-124,-131
119,119
119,119
-221,-222
-180,-174
-130,-120
161,170
-117,-119
104,108
105,-106
-220,-211
-130,-126
-140,-164
-154,-159
-123,-107
-280,-329
-176,-165
138,142
-137,-135
-180,-168
-151,-130
146,143
104,-107
-143,-142
110,-113
-234,-234
-163,-151
100,-109
-189,-173
-203,-207
-203,-207
-106,-104
-187,-167
-165,-175
-286,-275
-155,-152
-120,-119
-172,-177
-117,108
-108,-116
-132,-123
103,100
-200,-192
-130,-103
-133,-129
-122,-108
-189,-186
-181,-175
-145,-146
-176,-186
-130,107
-121,-115
-109,-118
-148,-157
-115,-106
-186,-184
-128,-130
-114,-110
-146,-146
114,102
-102,102
-186,-176
-108,-136
-128,-127
-233,-256
-180,-172
-162,-164
-109,-107
107,111
-130,-132
-128,-116
-267,-248
117,112
-120,-135
-138,-147
-148,-171
-111,-106
173,178
-103,-102
102,103
-105,104
115,108
-258,-267
-158,-158
106,110
111,123
-160,-175
106,111
-130,-124
-108,-124
-125,-104
-164,-189
151,144
-119,131
-109,-106
117,127
-129,-126
-151,-145
-200,-185
140,130
163,177
-140,-158
111,116
-134,-152
-114,-119
-157,-172
-243,-260
114,-106
-113,-128
-109,-101
-104,-102
117,111
-146,-125
-165,-174
122,119
109,100
-195,-181
-110,-115
-108,102
-110,-118
-130,-114
-158,-167
-143,-105
112,112
133,116
-152,-161
116,130
110,112
-116,-104
193,191
-180,-199
-125,-126
240,232
161,184
-260,-253
-132,-146
161,175
-155,-153
148,151
112,-106
-114,-135
172,170
-185,-202
-130,-125
145,150
-115,-125
-143,110
159,177
189,221
-165,-185
-131,-154
111,119
100,104
140,144
-167,-170
180,173
-220,-240
-131,-121
-190,-184
-111,-116
169,163
123,122
-172,-158
110,100
-106,-109
180,167
-141,-144
-165,-189
172,189
-171,-166
-174,-179
-135,-111
-127,-115
-103,103
120,114
-329,-351
-109,-116
-205,-202
-109,107
214,216
-109,-104
-123,-123
-150,-116
171,157
-240,-258
-125,-131
107,105
107,105
100,102
127,115
184,195
-240,-223
118,128
-111,-115
148,169
205,190
115,137
115,137
125,116
-137,-135
130,141
-156,-173
-150,-156
-103,119
-162,-176
-125,-128
202,195
-190,-191
-119,-130
-188,-155
-110,141
141,142
162,184
121,133
-133,-130
124,125
-184,-187
159,169
-251,-245
-126,-128
-183,-230
-133,-129
-153,-144
138,131
125,120
141,139
106,114
-170,-182
-116,-120
116,116
-111,-110
-135,-139
147,140
-156,-153
-183,-199
-124,-138
-136,-144
171,162
140,136
-144,-145
-144,-145
-112,104
-146,-162
-122,-153
131,112
-122,-135
-150,-117
117,124
-162,-144
-250,-225
-137,-125
-227,-202
135,170
131,129
-217,-235
-147,-147
116,127
-183,-178
110,100
-131,-148
-146,-146
-169,-164
-147,-150
160,151
215,210
-151,-163
-113,-112
125,150
-279,-294
-126,-155
-173,-184
-131,-133
-184,-183
129,135
-169,-164
-224,-238
-132,-135
-110,102
-111,-119
277,275
-119,-118
-168,-177
225,212
-218,-219
-198,-181
-214,-204
-146,-147
-235,-208
-109,-116
-181,-196
-241,-244
-107,-108
136,174
-125,-110
125,141
-175,-176
-146,-153
138,165
-209,-212
-184,-164
-150,-145
104,121
-136,-159
131,146
-136,-132
-191,-195
-163,-161
199,175
111,123
-113,-118
-258,216
-205,-233
-128,-117
-115,-121
-203,-219
110,117
140,144
-141,-142
-152,-128
-135,-135
-144,-152
-224,-214
152,158
-264,-258
-210,-203
-146,-167
130,152
-131,-152
-203,-267
119,107
109,121
107,114
106,115
-171,-177
-142,-151
-146,-135
168,171
-235,-221
-167,-156
-167,-156
-275,-286
-197,-196
-102,107
-128,-119
-167,-177
105,106
144,175
-119,-112
-151,-149
112,116
-154,-164
-140,-149
173,174
-164,-160
-137,-101
-101,-108
-139,-139
-160,-177
116,106
139,134
-135,-136
-146,-154
-129,-144
-363,-291
-161,-168
-178,-186
146,144
-180,-192
-145,-141
-117,-112
-112,-112
-165,-180
-101,103
-141,-135
-229,-251
-162,-155
-129,-117
-135,-124
-208,-170
-135,-125
-185,-183
163,149
-259,-257
-125,-104
-106,-104
110,104
-161,-179
-138,-132
-170,-190
-175,-196
-154,-164
-104,-122
-142,-139
-166,-178
106,100
-193,-187
151,135
-210,-252
120,127
-104,-129
125,121
-149,-170
-125,-145
-130,-119
-150,-159
110,117
-179,-188
130,113
-165,-168
-119,-135
-160,-192
120,108
-120,-124
-230,-240
-160,-137
120,-122
152,163
-245,-273
-110,-104
-226,-255
124,134
-267,-293
-150,-154
-129,-164
106,100
-139,-151
198,220
-275,-296
-164,-165
-115,-115
125,138
119,108
-352,-359
-118,-125
-228,-217
-109,101
-220,-239
125,136
-140,-142
-107,102
-143,-150
136,130
-265,-236
-200,-213
-154,-157
-108,-107
181,195
106,109
-199,-194
-110,-105
-105,-109
-134,-138
187,173
-181,-192
-135,-134
172,187
102,115
190,181
150,154
-220,-217
-130,-138
-124,-134
-105,111
-145,-124
-117,-128
160,165
129,131
-154,-145
-130,-139
148,151
120,132
-119,-122
136,137
177,173
-301,-316
101,-103
-131,-122
126,141
-160,-195
-152,-177
149,130
120,125
-208,-208
-125,-139
206,228
-105,-114
105,104
170,136
273,283
-265,-267
-120,-103
-130,-119
-115,102
-154,-210
-104,-117
-120,-104
115,126
-150,-158
-105,105
104,114
-163,-167
-260,-269
-117,-145
-105,-103
-110,-130
162,161
-231,-219
-193,-194
134,122
112,102
118,114
-156,-147
121,136
-290,-299
110,-135
140,143
-125,-105
-120,-148
129,123
143,136
-255,-209
-265,-267
125,128
-101,-111
106,103
-145,-145
120,105
-193,-201
106,102
218,231
-130,-139
-160,-124
-160,-124
121,104
108,109
-230,-214
-184,-178
120,123
111,105
106,100
103,-105
-140,-115
-105,119
-150,-156
-115,-103
-188,-158
188,209
-192,-231
-191,-192
-182,-198
-187,-209
106,-103
132,127
106,-122
107,-106
-123,-138
-162,-182
-186,-186
-106,-108
119,116
184,160
-196,-238
-151,-169
-378,-386
-143,-139
100,115
125,134
-114,-123
-139,-140
-143,-143
-160,-150
-172,-213
100,110
106,135
111,115
235,260
-160,-165
-155,-158
-235,-237
-104,103
-104,-117
115,119
105,113
-115,-118
-175,-188
-195,-181
-195,-215
138,168
123,115
-151,-159
140,149
-104,-112
-148,-165
-123,-149
-128,-137
-123,-137
-180,-190
106,-107
-114,-127
169,194
113,131
-107,101
-255,-279
-162,-184
-155,-161
188,196
188,196
-174,-164
-172,-183
-135,-144
-125,-111
-105,101
-193,-217
-120,-118
-125,-133
114,121
-112,-117
128,122
-256,-263
-122,-117
-155,-172
198,196
100,-107
-170,-179
-130,-144
-108,-108
-145,-139
-210,-185
116,139
106,104
201,187
-118,-110
152,208
-200,-207
-170,-177
100,115
-186,-171
-135,-147
-180,-203
-175,-194
-175,-194
115,115
-143,-134
149,165
-135,-145
101,-108
105,113
174,162
-210,-181
-133,-122
-225,-235
-131,-131
106,109
-170,-164
-158,-181
-164,-157
-165,-166
165,182
120,100
-140,-140
-165,-175
156,192
192,163
-238,-251
-129,-130
-254,-305
-172,-215
-121,-125
-195,-191
-126,-136
108,116
-166,-180
141,156
145,157
-102,-105
143,140
-102,-101
-299,-270
-119,-115
-198,-211
-142,-157
102,-123
-137,-127
-102,-108
119,137
103,119
-155,-158
-155,-158
113,119
196,197
-147,-165
-107,-102
-270,-284
134,146
-214,-209
-269,-319
-108,-115
126,107
166,153
-238,-217
-128,-129
103,103
-220,-216
-138,-149
179,193
-125,-130
-135,-140
-188,-166
111,112
-193,-194
-295,-306
-112,-134
111,130
-124,-150
-149,-156
-142,-140
-155,-160
-255,-253
138,115
187,185
-210,-173
-109,-109
-220,-198
114,111
-145,-140
-290,-307
-145,-125
131,122
-125,-108
-257,-257
-140,-134
-151,-170
-191,-189
-221,-238
-227,-245
104,-101
-122,-126
104,-101
-105,111
144,165
103,104
-112,-114
-125,-109
-160,-181
125,128
-158,-157
-191,-205
-219,-228
117,130
-124,-136
-125,-126
-105,-107
149,141
159,152
108,105
-209,-238
115,112
-135,-151
-134,-140
139,143
-216,-206
-188,-207
-125,-113
-125,-113
-151,-145
-104,-102
132,129
107,102
-113,-107
124,116
-104,101
-189,-195
-110,-118
-142,-158
-220,-240
106,-103
127,145
-289,-290
-208,-199
-174,-185
-116,-118
-175,-151
133,138
-200,-176
121,119
-126,-144
115,105
155,145
-174,-164
-109,-114
-150,-136
-128,-118
105,107
130,127
115,124
148,164
161,169
-101,-117
-185,-213
-142,-144
-164,-152
186,200
155,162
-129,-133
-162,-180
-124,-133
-143,-157
169,186
113,120
111,121
169,161
110,109
-114,-109
-196,-231
-179,-170
-165,-148
157,161
108,102
-119,-132
-205,-200
106,-126
-125,-112
123,114
139,139
-130,-139
171,189
136,145
-101,-112
-224,-253
-166,-240
136,123
-125,-131
-135,-136
-250,-284
100,-105
-253,-284
-132,-131
-126,-123
121,128
133,133
-117,107
-110,-104
-137,-116
-214,-248
111,119
-125,-123
-126,-129
138,134
140,131
-208,-236
-174,-188
-135,-124
-208,-192
115,137
115,125
-115,-134
106,118
-148,-117
102,105
-165,-156
-119,-132
147,185
160,171
-135,-132
110,-108
-124,-114
163,172
-197,-189
-115,-105
-126,-114
-145,-157
-152,-170
145,168
159,151
-124,-107
115,118
-142,-149
-217,-214
-135,-137
-253,-282
-190,-168
103,105
-229,-232
-243,-216
-185,-172
-143,-171
-123,-126
129,124
114,102
-130,-130
-140,-119
-120,-119
-215,-204
-247,-241
-138,-159
120,116
-210,-224
-104,-103
-233,-220
-278,-285
-135,-131
111,113
111,113
146,138
138,143
-140,-127
-199,-230
-130,-136
-400,-419
-145,-148
-130,-128
135,105
-160,-182
-162,-186
-187,-184
-155,-156
-114,-114
108,120
-104,-113
220,215
-229,-234
-145,-157
-207,-179
-161,-154
116,124
-166,-150
-164,-180
-164,-180
118,131
-115,-131
-239,-275
107,-112
-120,-124
184,174
-199,-194
-141,-131
-150,-130
-111,-102
-111,-102
-220,-221
-187,-198
-190,-238
129,124
111,120
102,107
-192,-192
-150,-151
-135,-141
202,210
-270,-323
-145,-136
-187,-187
-187,-187
-101,113
-356,-357
-138,-122
-202,-192
103,110
144,141
-101,102
-204,-221
-101,102
-259,-230
123,114
-144,-154
100,100
106,-103
181,163
-105,107
178,184
224,241
-152,-155
-101,113
125,150
-192,-176
115,114
-144,-150
118,126
103,118
-135,-134
132,132
126,130
163,230
134,133
-160,-204
226,232
-136,-142
-101,-108
-120,-124
-179,-159
-107,-128
-208,-220
196,183
-104,-102
-145,-168
148,147
-139,-145
158,154
191,229
-205,-195
315,413
-160,-118
-124,-145
111,116
-211,-220
-193,-205
-120,-132
165,161
-108,-108
-179,-182
153,168
-143,-144
114,121
184,178
-145,-127
-144,-138
103,109
-110,-109
-107,106
-128,-121
-110,-118
-337,-320
-337,-320
-174,-161
103,-105
128,118
-156,-153
187,220
-114,-131
111,112
108,-107
129,123
110,119
-132,-125
285,283
285,283
247,197
-293,-307
-152,-150
-124,-121
-184,-189
128,143
130,159
115,118
-146,-173
-107,-121
107,107
-123,-148
-115,-116
-136,-144
255,272
243,270
-227,-226
-109,-114
-170,-158
-146,-164
-162,-140
103,103
114,102
136,144
130,122
-121,-124
230,210
-155,-155
-123,-113
-135,-130
-260,-274
-152,-133
-210,-238
169,160
-152,-152
179,172
125,117
-302,-330
-105,-106
-140,-150
-102,-104
-111,-113
-156,-141
-160,-188
-128,-113
-302,-314
102,121
-242,-271
185,180
-125,-114
126,106
128,134
-298,-310
155,153
-163,-167
-101,-107
147,138
-153,-167
-177,-157
103,-113
-309,-289
143,162
-162,-168
154,162
-105,-102
155,179
136,144
-180,-188
-122,-135
-155,-165
-102,-128
-117,-124
121,116
-182,-214
-123,-127
-165,-141
-419,-411
112,105
-116,-121
-191,-186
105,110
-209,-226
-149,-145
-115,-119
102,-106
-196,-197
-162,-158
-293,-256
-315,-330
140,138
128,117
143,146
101,-105
-185,-191
121,118
121,118
-221,-256
-287,-249
-120,-182
103,109
-169,-157
-208,-245
-142,-160
-446,-518
-328,-356
-146,-149
-111,-127
130,129
-109,-104
-265,-297
-121,-121
-176,-167
-189,-172
195,195
-171,-179
-482,-503
-248,-230
-140,-124
101,111
195,189
-143,-127
-280,-283
104,103
179,167
-120,-127
-172,-185
-285,-245
-147,-144
-184,-184
101,-112
102,109
100,-109
-209,-241
-207,-331
130,128
158,146
-141,-149
155,170
-143,-166
-345,-356
-233,-191
-145,-145
-115,-108
-141,-143
-101,-103
100,112
-122,-108
-183,-185
-313,-330
-124,-133
111,117
-113,-134
167,150
112,118
-325,-335
-211,-171
-167,-152
-105,-106
-144,-162
123,124
-120,-111
-132,-144
-164,-193
-188,-186
-114,-121
192,176
-104,-111
135,130
137,142
149,136
179,157
-102,-103
-132,-137
152,140
-133,-141
-146,-159
115,128
134,142
-183,-190
161,193
-317,-332
-109,100
161,182
164,164
-139,-127
165,165
-147,-147
107,-104
134,146
-146,-130
-175,-162
160,166
168,204
-199,-220
142,151
-391,-379
-125,-124
160,167
200,229
129,116
-136,-150
171,181
128,139
115,121
177,181
-103,-103
232,239
-233,-215
176,199
-197,-201
119,107
-173,-182
170,159
149,150
125,118
115,113
-145,-126
-119,-130
249,256
-100,-101
-237,-238
-118,-126
138,126
-124,-108
181,167
-134,-146
-199,-217
-138,-139
100,100
131,128
-135,-171
102,120
125,137
108,104
-297,-304
105,-112
-110,-135
-110,-135
-101,-136
-145,-126
153,145
-101,103
-192,-195
-172,-191
-104,106
125,150
-164,-137
-106,-116
186,171
-124,-143
-246,-294
-127,-125
-156,-162
-156,-162
-193,-202
-127,-126
259,240
107,108
-147,-134
-140,-113
-130,-124
-275,-276
-154,-136
-237,-229
181,191
-311,-338
102,100
-174,-191
-295,-271
-245,-246
-191,-216
157,159
-130,-143
-145,-136
-224,-258
-117,104
-306,-314
-129,-147
-250,-291
-135,-113
-157,-164
-169,-168
-259,-271
-245,-277
-245,-277
-205,-191
-310,-329
139,126
-127,-139
-129,-154
116,142
-271,-287
-204,-223
-340,-279
-115,-106
-150,-154
-180,-176
-111,-130
-150,-155
-114,-126
-144,-144
-160,-143
-199,-168
-244,-254
106,-108
-172,-161
-153,-149
-175,-184
-220,-177
107,101
111,107
-124,-138
-120,116
107,107
-225,-232
-247,-305
-145,-156
-221,-306
144,150
-168,-173
-183,-181
-168,-157
100,-103
-146,-149
-127,-119
110,100
-105,-107
-105,109
-151,-147
-380,-382
-240,-224
-166,-157
-279,-318
121,127
-166,-159
-260,-249
-158,-137
-140,-129
136,131
-110,103
116,101
128,119
102,105
-124,-122
-430,-403
-231,-241
-160,-185
-275,-309
166,190
-158,-140
-207,-204
156,138
114,115
106,102
-106,101
-103,-118
147,185
-108,106
-160,-182
-208,-223
122,139
-155,-171
-133,-135
147,206
123,136
262,297
129,147
249,274
-135,-153
-121,-117
118,159
126,110
-140,-116
115,125
130,140
-132,-132
122,162
-136,-115
152,158
115,136
168,184
144,163
-159,-148
-106,-121
-101,-111
127,144
-138,-146
139,141
113,114
127,135
124,132
-158,-160
129,123
196,203
140,164
201,201
201,201
-255,-278
-134,-139
124,138
-103,112
-128,-110
139,145
127,121
107,122
116,112
-176,-201
120,129
121,140
103,104
-165,-193
111,110
-111,-114
308,331
-169,-152
115,120
-140,-130
-144,-160
-121,-123
147,161
178,165
138,171
-119,-126
-216,-273
-180,-184
-180,-184
110,-105
-126,-111
301,290
-119,-108
-128,-148
-109,-103
-213,-244
-190,-203
-102,111
232,206
-118,-119
156,178
-144,-162
-204,-247
-201,-202
-104,-103
123,131
201,197
-104,109
130,136
-127,-117
-179,-164
-140,-143
163,189
175,195
-101,-101
-195,-193
-136,-171
131,146
122,138
-290,-308
114,128
-237,-232
-170,-149
-185,-174
120,123
-189,-198
-153,-159
-275,-290
141,140
-290,-326
-117,-125
-269,-268
-133,-123
-102,-114
-215,-201
-180,-190
-300,-356
-125,-135
-164,-154
-104,-102
-161,-155
-180,-162
-280,-285
134,150
-439,-453
-140,-125
-220,-246
-119,-106
143,147
-280,-255
-150,-156
-280,-271
-140,-165
112,112
-171,-156
-106,-107
-349,-400
-138,-137
-249,-238
-154,-141
-265,-220
-159,-170
-107,-104
-114,-136
132,165
-204,-195
126,123
-337,-375
-315,-399
-158,-183
-119,-102
-178,-174
-260,-275
-193,-202
189,208
-175,-184
-194,-208
-107,-102
-120,-130
109,133
-164,-148
112,121
-320,-298
-320,-399
-299,-326
116,114
-210,-199
-309,-343
-135,-153
224,275
-303,-361
-207,-251
-124,-116
-142,-168
107,131
-137,-129
-107,-101
-485,-521
-352,-340
-180,-180
102,109
-168,-176
-215,-224
-208,-206
183,169
-304,-276
-278,-286
116,129
-170,-207
-193,-256
-190,-198
-178,-167
183,214
170,180
-135,-107
201,212
138,146
-164,-228
-164,-228
-230,-295
174,170
174,195
342,349
-170,-186
-130,-118
165,201
-145,-110
210,279
188,219
-103,-116
119,128
192,173
180,121
-160,-160
-372,-468
165,183
165,159
281,286
-158,-162
-155,-144
138,116
-160,-144
265,306
210,167
-143,-122
134,120
-240,-244
-250,-269
113,-107
201,176
214,208
-123,-123
-104,-127
176,158
186,201
-130,-130
-205,-190
156,139
199,211
-126,-141
-116,-109
128,137
180,193
164,175
-245,-207
239,244
174,214
-174,-187
-165,-166
372,371
-160,-129
-165,-152
170,158
163,170
-200,-271
-104,-106
111,129
160,158
183,195
-185,-192
230,240
171,177
-165,-182
-128,-129
-128,-129
326,332
-135,-122
-224,-292
160,176
172,118
138,152
-103,-114
126,106
160,129
160,151
-280,-279
160,135
195,196
-174,-167
-140,-139
-170,-174
-133,-123
-164,-173
-132,-147
-210,-235
-185,-181
-153,-155
115,104
-208,-236
-185,-179
129,150
115,114
132,106
126,126
-135,-123
-125,-113
213,207
-145,-170
-109,-105
-256,-259
-114,-140
-155,-143
126,116
-151,-176
-127,-122
144,136
-158,-161
-119,-135
134,127
-120,-119
-190,-190
-177,-179
111,134
-116,-114
210,201
-171,-175
-133,-136
106,-105
142,155
-198,-210
-106,106
-104,100
-151,-146
144,150
-218,-205
167,170
102,106
136,124
155,161
-114,-110
150,300
-120,-112
-155,-161
-197,-210
123,137
-117,-127
-164,-165
123,132
168,174
-153,-162
120,128
-198,-198
100,106
-125,-123
-176,-177
124,135
-188,-184
155,140
141,143
-162,-145
-180,-188
104,118
-166,-154
-111,-109
-118,-107
120,116
120,120
-132,-136
-132,-129
-120,-126
-263,-263
-126,-125
124,124
-159,-157
102,104
-181,-181
137,125
-166,-170
138,128
152,154
100,106
202,184
154,172
-211,-206
-134,-132
-146,-137
-223,-251
-126,-128
-133,-142
114,114
-111,-108
-132,-154
-140,-118
-146,-126
-102,-109
108,102
123,118
-163,-162
-311,-323
-139,-133
-139,-133
-132,-154
-184,-180
-159,-164
-110,-105
-110,-110
209,216
-115,-109
-144,-123
111,113
-205,-190
131,131
-112,-111
-255,-168
196,175
105,100
-123,-116
-168,-175
-144,-123
-227,-243
106,110
-259,-239
-103,-104
118,-112
-164,-178
-135,-154
-178,-178
-286,-247
-154,-136
-103,-104
-169,-163
160,137
-167,-179
-120,-124
-154,-166
-195,-188
-136,-136
-104,-120
-152,-139
101,-101
118,114
-179,-189
-176,-136
130,132
112,-118
120,117
115,105
-130,-131
-142,-148
109,101
-106,-108
-117,-127
-138,-127
104,-102
-138,-131
237,244
100,-111
-104,-113
104,-102
-133,-128
237,244
-126,-152
-104,-112
-198,-192
-295,-240
159,168
-133,-155.12
140,148
108,116
-205,-164
-183,-176
-112,-136
-103,-105
-110,-107
-110,-107
108,116
-111,-106
-139,-162
174,185
109,102
108,102
-101,-106
-219,-216
-116,100
101,-102
-208,-177
107,100
-101,101
-133,-142
-110,-102
123,111
176,168
-128,-118
-110,-113
-155,-143
-118,-114
-118,-114
-125,-107
-120,-126
-157,-164
-120,-126
137,128
-112,-116
-172,-171
-107,-110
-166,-166
-115,100
120,116
-122,-136
-196,-220
-153,-160
-120,-146
116,-108
-175,-159
-139,-140
-104,-106
-127,-124
-120,-117
-164,-177
-138,-141
-133,-131
-140,-142
-104,-105
-140,-159
-135,-137
122,115
-134,-122
107,104
-159,-160
-172,-152
-149,-159
-314,-299
-155,-156
-141,-139
130,146
-107,-133
-143,-140
-143,-150
134,134
-197,-193
100,102
-161,-163
-122,-108
-107,-105
171,160
-185,-191
-209,-205
110,113
-143,-151
-176,100
-153,-142
-215,-210
-193,-188
-118,-122
113,113
110,106
-116,-127
-112,-108
-191,-171
120,122
-132,-144
-116,-127
112,105
117,112
-119,-122
108,-104
100,-103
-183,-179
-164,-163
134,151
-173,-170
112,114
-174,-199
144,138
-103,-104
-171,-159
-103,100
-155,-144
102,-111
-239,-232
-180,-190
119,109
102,103
-162,-157
-157,-161
138,141
145,136
106,-108
-236,-262
164,160
-139,-143
-163,-168
-147,-143
-247,-270
-116,-118
105,113
-108,102
148,134
-168,-178
120,119
-202,-209
151,135
-196,-202
107,110
-127,-134
109,-101
-106,-108
163,165
-201,-204
162,176
-138,-131
109,107
-149,-158
-201,-204
-150,-126
-126,114
106,114
-109,-122
132,139
126,128
128,-108
-195,-193
-109,-118
101,-112
-343,-430
-109,-125
135,145
147,148
-134,-134
-142,-133
164,162
126,118
-164,-152
-113,-101
131,138
-179,-167
-193,-210
-172,-158
100,-102
136,116
-156,-177
-173,-176
-174,-171
-114,-140
109,114
121,116
-105,-120
-144,-157
133,118
124,109
156,166
-140,-157
-142,-139
-180,-175
-156,-155
-199,-197
-252,-233
117,115
132,142
-185,-207
-136,-126
-180,-168
-107,101
-112,106
-172,-185
-120,-125
-123,-111
103,136
-159,-156
-174,-169
-141,-136
-110,-127
106,-106
-110,-127
177,148
-132,-117
-108,-117
-119,-116
-148,-146
-118,-121
122,120
-220,-242
177,148
-147,-161
-133,-134
-121,-111
-103,-108
146,147
-236,-206
-190,-178
152,150
-101,102
-117,-131
-111,-111
-101,102
115,125
-124,-130
-176,-196
-124,100
125,121
112,101
-196,-189
123,122
-102,105
-130,-130
-136,-154
-206,-186
-163,-169
108,107
-131,-139
-146,-126
-207,-208
-135,-137
-139,-140
129,134
146,135
146,156
-142,-145
-166,-138
-186,-168
136,131
131,129
-129,-129
-113,-122
-130,-124
-177,-188
-106,-105
126,123
-107,-114
-146,-144
-142,-143
120,120
153,151
-165,-151
-171,-191
174,162
106,109
-123,-110
127,119
137,131
137,127
102,-108
129,120
-117,-134
-301,-308
118,126
-146,-164
-144,-146
164,168
-136,-138
-113,-115
-160,-148
-173,-164
138,136
-141,-136
-132,-124
129,119
-134,-178
-232,-219
-125,-118
-118,-105
164,153
-146,-140
-116,-123
117,-102
-155,-143
119,112
-150,-154
-115,-118
123,118
-112,-109
-181,-178
-130,-121
-174,-180
-118,-136
135,157
-245,-245
128,115
-158,-154
130,136
-140,-128
-109,-163
-168,-122
121,135
-143,-174
130,136
183,170
-101,-107
-101,-113
142,135
-145,-155
-112,-106
-135,-122
127,109
116,112
109,114
-186,-204
-106,-109
-123,-140
131,141
-150,-151
177,169
106,110
-120,-131
-139,-141
-112,-101
-225,-235
-101,-102
-166,-171
-118,-104
-214,-231
162,149
180,173
-214,-180
125,134
-214,-180
-134,-138
110,102
127,106
-109,105
-297,-269
102,106
154,148
-122,-144
105,105
111,142
-188,-187
133,132
-131,-117
156,150
-178,-157
-181,-173
-162,-194
-102,-101
128,132
172,148
172,176
-123,-113
145,151
103,-105
-150,-151
-154,-154
-160,-167
-106,-105
-118,-135
-107,-114
-179,-221
-129,-159
-138,-135
-142,-156
-102,-113
-154,-170
-198,-211
240,230
-152,-154
166,138
-112,108
-175,-181
100,-105
-118,-118
-205,-220
145,138
-106,118
134,139
-245,-255
-136,-111
-146,-154
-129,-118
-117,-107
-133,-120
-206,-213
-124,-121
124,109
-237,-285
-290,-317
-101,107
155,175
-119,-121
-128,-147
136,145
-115,-105
114,106
-178,-197
-111,-114
156,151
-125,-125
-130,-148
-130,-132
-192,-208
104,106
115,106
-188,-205
-126,-108
138,139
-105,112
-105,112
106,106
-200,-191
136,107
-106,-113
-120,-130
-141,-160
-198,-216
105,108
105,119
106,-109
-181,-194
-146,-147
139,140
-149,-161
-101,-102
114,116
-194,-194
-150,-152
124,119
-145,-142
101,102
138,150
-135,-148
-108,-104
-191,-200
-171,-159
-190,-204
-152,-153
155,155
-111,-116
-130,-131
-179,-162
-181,-181
118,118
100,112
116,109
-143,-132
-226,-285
-154,-148
-141,-144
-121,-124
-127,-135
-128,-150
154,132
-190,-214
-163,-180
100,-104
-126,-132
-124,-125
-104,102
-104,-115
-157,-176
-132,-139
128,122
-161,-168
-135,-127
106,104
-169,-163
114,-105
-115,-125
-174,-203
-127,-140
125,133
-152,-171
155,149
-175,-187
-260,-260
-202,-182
-133,-137
147,153
119,108
-186,-179
108,-101
-114,103
123,117
-194,-214
111,113
-120,-140
126,148
-207,-198
-174,-179
122,129
-119,-129
-122,-121
110,102
-162,-161
-122,-121
-218,-216
-127,-146
-110,-108
110,102
151,151
-134,-134
-142,-195
-119,-129
-128,-137
-106,-118
-187,-204
-144,-158
211,243
138,140
-115,-130
-121,-121
-140,-144
-154,-184
-155,-159
129,137
-110,-104
-209,-213
-110,-118
-147,-161
127,130
105,112
-147,-131
-129,-129
-192,-188
-152,-151
-107,-103
126,117
105,112
135,131
-209,-213
-129,-129
128,138
-255,-230
-128,-122
-147,-133
-113,-139
-170,-162
-104,-111
-111,-107
-104,-104
-111,-116
109,-107
-158,-145
-108,-108
-104,-104
119,121
-180,-189
128,123
156,148
-108,100
-128,-151
-104,-133
-169,-188
-161,-189
153,136
162,156
-245,-300
-111,-102
156,148
152,148
-149,-152
110,120
-134,-139
-161,-152
-106,-103
143,136
-122,-169
-143,-155
-161,-167
-181,-184
101,-123
109,105
-185,-163
-111,-105
-110,-109
-136,-140
-136,-159
-104,104
129,112
-117,-116
-125,-133
-156,-149
129,138
-220,-229
-114,-140
-211,-191
-131,-117
-131,-120
-153,-155
-124,-108
-101,-104
-139,-133
-177,-190
-209,-216
-109,-132.1
-162,-167
-118,-134
-185,-166
-108,-102
102,-108
109,132
-113,-102
-134,-125
116,114
-170,-160
-117,-131
-161,-154
-197,-195
103,-103
-111,106
116,131
131,112
-130,-115
110,-102
109,-101
-110,-107
-111,-121
115,105
-215,-239
132,118
142,137
-129,-151
115,120
-119,-139
-165,-149
-220,-224
-215,-204
-113,-106
-118,-118
124,110
-230,-258
109,113
-135,-144
-124,-118
124,126
-142,-148
-103,104
-137,-157
104,-111
102,-103
-126,-134
-125,-112
-132,-154
-172,-200
125,132
-195,-236
-192,-223
170,175
112,102
-157,-185
157,143
-147,-150
-136,-146
-104,118
-125,-140
-104,103
-152,-189
-104,-136
-132,-162
-112,-118
-194,-263
150,150
-112,-110
-118,-129
-120,-136
-146,-165
-120,-132
-127,-152
-141,-148
-200,-178
-102,-114
155,171
-134,-132
137,120
104,107
191,219
-211,-199
-107,-111
108,-103
101,-105
-133,-127
-153,-145
121,128
-138,-128
148,124
120,130
-125,-109
-214,-204
-141,-143
-148,-156
-172,-173
-323,-333
-251,-297
-161,-166
-143,-168
118,107
147,136
139,145
-204,-213
154,145
124,110
-145,-151
158,160
-305,-259
-114,-111
-276,-296
-131,-150
115,127
-102,105
-160,-173
139,145
-121,-121
114,112
205,205
-148,-124
-232,-230
120,115
-181,-186
116,-108
-174,-162
-195,-173
-126,-128
-245,-188
112,114
109,114
-175,-175
128,139
-130,-123
-165,-173
-133,-151
-106,113
-114,-131
-138,-135
-110,-123
-123,-131
136,141
-149,-157
129,130
-155,-191
-152,-143
-177,-170
118,118
-118,-119
-119,-124
-184,-158
-113,-110
-184,-184
-141,-133
-170,-158
-108,-124
200,209
-106,-103
-106,-110
-139,-131
-160,-173
-183,-174
-138,-146
-221,-231
-164,-162
-320,-320
-121,-118
-128,-128
-154,-175
114,122
-150,-153
-142,-137
-142,-137
146,143
167,181
-153,-149
105,-105
-175,-177
-193,-215
146,138
-220,-225
110,-104
-144,-112
-135,-126
-186,-179
-132,-113
149,154
152,144
126,121
136,166
-206,-199
-128,-138
199,182
-141,-153
-133,-137
105,-104
170,175
-114,-123
-165,-160
-202,-213
136,132
102,-101
152,145
-123,-116
105,-113
-115,-125
107,107
114,106
-105,-118
-108,-103
-153,-151
180,215
-119,-121
-115,-128
-220,-215
125,132
-115,-125
-121,-129
147,145
110,-114
124,123
-157,-154
-116,-110
-148,-127
120,123
105,111
-132,-138
165,153
-138,-134
-116,-110
-146,-130
-143,-146
187,160
107,110
-133,-140
115,-101
117,107
-122,-137
140,152
-195,116
-195,116
-120,-112
106,104
-155,-164
130,114
-197,-192
-102,118
164,172
-123,-108
104,-109
153,154
100,-122
131,127
-271,-268
-124,-127
-101,-102
108,109
-141,-144
104,105
-107,-105
-179,-171
127,130
-110,-130
177,192
152,141
102,109
176,190
106,102
-107,-104
-148,-155
137,130
-233,-250
-116,-122
-117,-110
-164,-186
102,109
-182,-204
-175,-187
188,203
-270,-324
-166,-172
-116,-104
102,100
-163,-164
-223,-257
120,116
-115,-121
-120,-136
-119,-119
-131,-140
-231,-271
-171,-173
-188,-188
-115,-121
-118,-120
-185,-183
191,185
-119,-112
-265,-253
-194,-169
-264,-258
-157,-149
191,185
-109,-114
-151,-155
-248,-254
104,-103
-187,-197
-146,-160
-151,-150
-191,-198
-132,-130
133,136
-158,-142
-180,-184
117,116
-141,-132
154,153
-198,-196
-116,-116
-227,-239
103,-105
-136,-159
-250,-257
-138,-145
-186,-165
-127,-114
-134,-158
-146,-150
-285,-353
-166,-178
-143,-161
-142,-155
-117,-127
-109,-111
-139,-153
-190,-239
-330,-310
138,108
-165,-175
-145,-151
-131,-126
-179,-200
105,-105
-183,-219
-196,-227
-150,-157
-155,-154
-229,-219
-209,-206
110,115
-183,-184
166,170
-145,-149
-210,-242
-187,-186
-155,-137
-148,-167
-118,-121
-126,-112
-278,-290
-149,-160
-183,-184
-168,-172
149,153
123,131
-200,-188
-230,-235
120,123
203,212
159,157
101,-128
118,120
-135,-145
-176,-180
109,108
-104,105
134,132
-111,-105
-119,-114
160,143
108,102
-154,-142
-120,-120
-112,-105
128,136
107,101
-113,-119
-143,-161
147,133
153,143
137,140
-128,-134
-120,-120
-124,-120
-102,-104
161,126
178,221
-152,-138
-145,-147
-125,-125
116,-110
-188,-204
113,119
-228,-237
-142,120
-106,-109
-154,-167
169,165
144,129
-180,-167
166,167
-188,-176
-154,-143
-119,-110
138,125
-149,-152
161,168
-180,-167
-190,-192
147,113
-113,-126
-240,-249
-208,-202
-137,-162
-110,108
-144,-157
168,170
153,113
103,114
109,110
-131,-134
-171,-176
136,142
103,101
118,127
-128,-130
142,152
165,165
128,126
-186,-163
-150,-157
160,162
136,138
171,170
136,136
106,-106
-154,-154
-159,-176
-179,-173
-143,-148
-116,-110
-154,-154
-171,-171
-139,-156
-122,-116
119,127
123,117
115,115
-159,-176
126,124
141,149
-135,-151
-109,-111
-154,-171
-131,-135
-135,-116
-109,-105
-145,-134
-196,-204
-265,-279
-148,-148
120,130
-117,-121
113,113
123,113
-129,-129
-123,-129
-155,-148
-235,-237
-260,-210
-136,-143
121,120
-117,-120
102,101
-160,-182
-116,-112
-190,-191
-190,-186
-178,-204
102,-103
-317,-326
-109,-105
-189,-206
127,119
-122,-122
-190,-186
-145,-154
187,186
-111,-111
108,109
-148,-163
-208,-189
148,158
124,129
-225,-298
-223,-234
-174,-185
-116,-112
-118,-128
-215,-230
-126,-200
-142,-130
-123,-124
-186,-185
-127,-128
-223,-260
114,118
-113,-112
125,143
121,136
119,118
-112,103
217,234
-141,-154
-158,-153
149,147
114,118
-149,-159
112,121
232,214
-103,-109
120,121
154,155
110,102
-122,-137
152,148
-124,-133
-107,-121
-110,-111
-168,-173
117,117
154,155
111,104
120,126
100,-109
-165,-170
-210,-230
-124,-138
107,-102
125,107
144,140
-233,-230
-112,-116
116,117
-122,-134
-130,-152
-233,-230
101,-106
-127,-124
100,102
-132,-132
-259,-277
-112,-117
-108,-123
-131,-124
-110,-108
-202,-212
-221,-223
-101,101
-221,-223
-146,-146
-169,-209
-146,-151
-109,-114
111,123
-158,-158
-106,-109
-143,-146
138,152
108,102
-174,-172
-105,-101
-194,-193
-156,-137
102,-119
-146,-154
-160,-160
119,122
-119,-110
-141,-148
-134,-102
-151,-161
-230,-253
116,107
-250,-250
-174,-173
-120,-130
116,107
-127,-126
-118,-133
129,117
-134,-150
-136,-115
129,131
-167,-188
-136,-137
114,130
124,128
113,-109
-126,-126
138,128
-134,-133
-268,-314
122,118
-116,-108
-156,-152
-199,-196
109,116
-154,-153
-171,-197
-113,-106
110,111
-117,-115
107,100
-236,-282
-171,-167
-123,-132
-175,-175
143,140
-163,-173
-205,-203
122,118
-199,-210
-130,-140
-125,-124
-125,-119
130,142
106,104
184,191
-244,-250
-135,-159
-107,103
121,118
-188,-195
-188,-190
-108,102
-162,-165
-124,-126
-107,-104
-168,-161
154,153
-135,-133
-167,-188
106,108
-155,-173
-150,-147
-143,-151
-117,-127
-129,-135
148,152
-112,-142
-150,-147
-200,-180
-134,-131
-144,-131
133,129
111,112
-131,-144
-120,-121
126,114
-144,-150
145,151
-176,-163
120,104
135,132
104,107
-129,-128
-107,-116
-111,-128
-101,102
122,137
138,132
160,156
-124,124
105,100
121,117
-215,-210
-128,-135
104,102
-125,-120
122,137
-261,-287
-146,-152
-126,-125
169,177
110,114
109,108
123,134
-151,-146
110,118
-119,-120
-146,-152
164,162
149,152
-220,-240
-120,-129
-126,-138
176,180
-154,-151
120,116
-195,-208
150,142
104,105
-142,-154
-124,-122
-212,-229
127,132
-131,-140
-152,-155
-123,-122
141,160
118,135
-210,-239
-116,-111
-116,-109
147,125
158,146
-104,-109
142,116
138,126
-120,-124
-120,-116
-190,-191
-155,-156
-115,-107
-159,-166
-130,-116
-138,-142
-275,-250
150,143
129,133
138,130
-141,-153
-105,-117
-125,-154
-162,-166
211,211
-182,-183
-252,-255
112,-112
100,104
-212,-195
-215,-225
180,184
-250,-270
124,138
-154,-147
-158,-158
-355,-240
153,160
-240,-233
110,108
-196,-209
-138,-147
-130,-137
176,163
-104,118
-231,-227
-171,-176
154,160
120,133
-104,-122
-201,-191
-254,-267
-215,-225
138,139
-156,-151
-104,-110
-111,-108
159,172
133,139
-246,-277
158,154
-154,-178
-290,-275
-223,-232
129,134
-229,-225
-178,-194
-108,-108
-198,-190
-198,-194
119,108
118,114
-223,-239
154,143
113,110
-145,-146
-131,-135
138,185
-165,-190
-151,-135
-183,-180
129,134
-202,-213
-271,-312
-148,-141
-198,-209
-190,-194
-180,-200
-147,-165
-166,-174
-108,-113
-190,-188
-250,-250
-159,-186
-173,-143
-104,-111
-182,-181
-294,-366
-284,-307
-133,-148
-242,-261
-188,-239
-168,-199
-157,-162
183,173
184,194
-159,-186
-101,-104
-137,-137
-296,-336
-186,-179
-164,-175
158,163
149,168
-216,-205
-178,-172
-149,-131
-158,-155
-201,-186
-229,-262
-261,-258
-186,-215
-228,-251
176,172
151,153
154,152
-145,-158
-217,-227
132,132
130,155
113,120
-207,-209
-104,118
-232,-219
-176,-185
-228,-253
140,129
151,131
134,136
-104,-121
-120,-123
137,132
137,132
-250,-253
120,116
105,105
-107,-123
128,130
152,151
-117,-117
104,128
124,142
241,230
-231,-269
-175,-202
-160,-151
157,165
151,160
-113,-116
-200,-162
211,221
119,116
-154,-163
-148,-158
-138,-147
-185,-192
114,120
-207,-219
-200,-162
125,115
183,186
-170,-160
-228,-258
-196,-212
137,146
105,107
168,156
142,151
-121,-115
150,163
141,143
123,127
158,145
135,116
-101,-116
-120,-129
190,174
188,190
160,150
-204,-209
175,205
190,174
-124,-135
-295,-295
135,135
-102,-106
131,117
160,186
-165,-163
163,170
193,205
111,103
108,101
-196,-185
146,135
138,138
-140,-139
172,172
166,176
-146,-135
153,169
-172,-172
108,110
137,153
-279,-289
116,111
135,142
-118,-123
-211,-190
-250,-270
142,137
-181,227
-252,-254
-107,109
-245,-283
182,176
-118,-106
133,120
-194,-251
-119,-140
115,138
-153,-189
115,137
178,156
-146,-171
141,144
-118,-112
107,102
-296,-333
-154,-150
-118,-112
-103,-109
-420,-290
103,112
141,149
-360,-335
-141,-134
-110,-119
-180,-225
153,143
161,153
149,164
121,119
-102,118
178,208
-311,-301
-255,-312
-164,-151
-349,-333
-178,-210
144,122
-290,-245
174,182
155,152
184,177
105,108
-183,-177
-214,-251
110,101
-249,-240
227,218
-196,-226
-211,-211
-107,-102
-317,-290
-170,-189
-196,-173
112,105
-118,-120
-270,-262
-193,-179
-248,-241
-124,-126
-144,-147
-258,-256
-200,-188
-132,-137
-156,-158
-197,-205
-211,-249
-109,-126
-209,-235
-150,-136
109,102
-311,-333
174,156
-110,-110
148,150
-237,-269
-121,-120
-210,-219
-108,-102
-189,-192
-215,-234
-175,-170
-127,-131
-175,-175
-123,-117
-149,-162
-120,-137
-241,-253
-316,-287
100,-118
-121,-123
-134,-118
-112,101
-185,-201
102,103
130,120
-217,-220
-140,-138
-142,-151
-207,-254
105,104
-121,-128
-221,-231
-156,-171
100,-109
-114,-125
124,115
-131,-152
127,122
-110,100
-127,-119
-118,-113
188,180
-116,-108
-175,-151
126,128
-174,-190
-154,-159
-235,-252
-102,101
127,122
132,124
-104,102
-111,102
142,154
-165,-167
-279,-269
118,-104
116,105
-155,-140
101,104
-110,-117
-179,-154
151,147
-207,-210
197,203
132,150
-114,-120
194,172
167,149
-270,-275
131,116
-161,-169
114,114
133,145
164,180
-195,-187
-223,-257
111,116
214,207
-118,-124
-245,-245
-193,-194
-140,-153
133,129
-220,-224
168,171
155,139
-281,-314
163,165
-105,-109
133,121
-102,-110
-172,-175
158,174
-162,-150
190,193
159,143
131,143
-119,-129
155,139
153,136
-157,-181
-269,-240
207,214
146,157
-207,-255
-130,-143
140,143
-288,-338
-190,-206
134,130
124,120
144,164
155,127
-169,-202
153,162
111,120
147,148
-167,-189
-164,-152
144,143
173,175
-114,-120
-111,-127
-158,-174
123,114
119,112
-309,-342
103,102
-166,-150
-295,-303
-257,-245
121,125
128,117
106,-114
235,245
-187,-202
-154,-178
-125,-129
-310,-396
203,179
-158,-188
-136,-119
141,154
-136,-119
-157,-162
-108,-107
-156,-119
-155,-156
-171,-177
150,147
169,187
133,137
133,114
131,136
-178,-191
-147,-149
-198,-179
113,109
-163,-162
-170,-166
-223,-253
132,125
111,111
127,110
-174,-170
-133,-144
102,-104
-203,-213
144,144
-108,-111
108,104
-167,-171
-286,-335
115,120
-154,-145
-155,-152
103,109
-186,-191
138,138
-185,-197
146,137
-130,-117
144,144
-320,-321
-168,-142
125,113
158,172
112,116
-108,-108
-197,-212
160,172
-211,-203
-245,-214
-151,-137
151,129
-239,-225
-120,-126
-103,-104
-127,-130
118,118
115,114
-124,-132
-197,-212
136,138
-137,-141
116,115
156,135
-136,-140
189,200
-102,105
162,136
-111,-110
101,-109
151,151
-198,-233
-125,-123
-285,-301
-227,-257
-142,-127
187,211
-101,-113
-164,-164
107,109
-162,-175
144,130
-167,-153
-206,-198
-153,-157
116,-101
-113,-124
-161,-157
105,-103
-110,-111
112,114
-130,-120
-177,-169
138,123
-120,-123
-285,-263
-106,118
157,151
-112,-114
-186,-180
-107,-112
-147,-161
-137,-139
140,146
-215,-221
-145,-150
116,107
-146,-152
-119,-131
-166,-152
145,142
-167,-175
-194,-193
135,128
110,105
-116,-121
140,123
-150,-153
250,262
-184,-180
115,124
135,134
-175,-162
110,102
-128,-129
-227,-227
-198,-211
-168,-174
175,176
-176,-204
-227,-252
228,221
-200,-219
186,190
111,106
228,221
196,193
185,183
105,104
136,134
-154,-155
-263,-276
116,106
-154,-161
-126,-355
-279,-276
-163,-165
115,109
-248,-279
-199,-177
-172,-158
-102,-103
-123,-138
162,157
115,114
-270,-295
-102,101
-102,-101
-186,-175
125,128
195,163
-161,-192
-159,-171
-117,-120
-192,-189
-132,-147
-130,-141
183,181
301,287
143,141
-161,-146
-238,-264
-263,-269
147,139
-117,-120
-103,-109
111,-102
-189,-213
117,123
112,108
188,206
115,121
-165,-180
-342,-393
186,168
-188,-200
123,118
-227,-205
179,137
-150,-171
206,198
138,155
110,109
146,144
-176,-181
-203,-190
-164,-145
-170,-169
-195,-189
-152,-120
-200,-205
-104,780
105,103
-155,-162
-320,-320
-175,-190
168,166
-150,-149
-221,-215
108,430
131,111
-240,-205
148,147
-111,-122
-284,-319
-182,-183
-167,-165
191,206
-174,-177
-116,102
114,105
107,-102
-127,-128
111,-114
-253,-278
167,198
-259,-278
-116,-118
-305,-318
-120,-137
-203,-212
-225,-215
123,107
-318,-321
119,115
-272,-262
-239,-186
171,170
-120,-118
206,181
-108,-103
-124,-106
-235,-215
108,118
-103,-101
-163,-170
-259,-264
-213,-184
201,198
204,180
168,161
-199,-197
-162,-156
-147,-147
-147,-147
-104,-116
-149,-140
-109,-102
-243,-257
-208,-196
-145,-157
179,183
-124,-133
-190,-210
-195,-225
-115,-117
133,141
-131,-129
189,166
138,134
-126,-110
-256,-268
-295,-345
-137,-152
115,-113
-125,-128
-116,-123
-183,-177
160,150
188,178
176,173
-102,101
-228,-261
-118,-118
-156,-173
-104,105
148,137
122,121
167,196
127,129
216,233
-196,-197
105,113
122,121
134,122
193,210
119,116
-128,-117
144,143
-265,-240
111,121
-215,-228
-102,-107
159,165
105,103
-176,-158
-141,-130
-106,-105
106,108
134,122
-197,-184
-139,-121
-258,-274
105,-103
107,104
123,133
-200,-201
-121,-127
161,165
129,132
161,169
139,128
205,227
-112,-104
-110,-101
-271,-263
103,104
-146,-122
100,104
-148,-134
-170,-149
-240,-230
148,130
156,153
132,130
-172,-176
-126,-122
168,146
243,247
-115,-108
-167,-166
-107,-115
-245,-170
138,133
-158,-177
-119,-122
-131,-144
-260,-248
-106,100
-189,-193
110,103
-110,-106
103,106
-118,-121
-133,-130
229,240
-180,-187
-118,-118
-174,-175
-144,-129
-189,-193
-108,235
-114,-118
103,105
-286,-305
-246,-270
104,-114
-174,-171
-108,-109
111,103
-168,-173
-167,-184
-124,-140
-133,-149
215,235
-108,-119
126,130
-184,-221
-134,-148
-108,-115
-185,-203
138,137
-186,-177
-105,-101
-214,-228
-152,-145
-144,-154
189,199
107,100
162,168
176,182
-184,-124
-225,-200
-301,-381
-162,-162
-109,102
100,104
-214,-213
-257,-262
108,101
-117,-113
-124,-140
-126,-126
129,140
-231,-283
-152,-171
138,130
-166,-178
-170,-145
-172,-182
156,135
-131,-131
-131,-145
-122,-113
111,110
-115,-128
-261,-269
-134,-131
180,140
-320,-342
-112,-109
-170,-168
-170,-159
-143,-131
138,140
-170,-219
-255,-275
104,-101
-180,-161
-104,-100
-295,-248
-102,102
-135,-163
106,119
-215,-225
-146,-155
-130,-134
-150,-153
-130,-140
105,105
-128,-107
-128,-117
-108,117
100,-121
100,-117
-104,-110
-201,-191
-105,-106
-148,-160
-155,-192
-111,100
-111,-106
-137,-135
-128,-113
-102,-103
159,158
-111,-123
-169,-175
-128,-128
-122,-121
-228,-228
-103,-114
151,135
-143,-122
-116,-118
-107,-129
-111,-110
103,111
-118,-131
-120,-126
-200,-198
-205,-164
116,104
-108,106
130,160
126,118
-110,-134
-168,-196
-164,-174
-190,-196
-112,-118
-164,-172
-198,-188
-136,-156
154,140
114,180
168,176
126,120
102,-108
-200,-225
-166,-176
-168,-184
-152,-142
-198,-235
-230,-225
-180,-150
-154,-186
138,-102
-120,-124
130,112
138,132
132,108
144,140
-102,-106
-220,-280
-142,-146
-200,-172
-138,-142
-230,-225
-210,-188
-215,-270
-126,-118
116,118
-124,-118
122,112
146,176
124,114
150,136
-146,-136
-108,-120
-172,-210
-148,-142
-126,-136
-205,-225
-136,-158
-144,-162
-116,-108
100,102
122,134
-168,-162
-120,-132
-130,-132
-154,-184
-166,-160
122,122
-198,-220
-152,-172
-196,-172
-104,-120
-106,-112
120,106
106,-108
130,132
138,122
-141,-165
-102,-122
-195,-210
-111,-110
140,164
-173,-180
-130,120
108,110
108,-180
-134,-126
133,155
161,160
-136,-135
-115,-135
-114,-120
-110,100
-200,-225
140,140
-102,-105
-124,-125
-290,-275
-122,-130
-118,-125
-151,-155
-116,-125
-134,-130
-215,-205
102,100
112,100
-116,-128
-105,-110
-221,-245
-232,-280
-119,-125
-112,-120
132,145
-117,-120
177,185
-115,-115
102,-135
-136,-125
-218,-210
109,115
136,130
-105,-110
-110,-110
-232,-215
-156,-168
-117,-155
-138,-116
105,-105
-123,-140
159,175
-130,-142
128,131
-112,-116
-239,-253
108,-105
109,-105
-127,-125
-103,111
-183,-205
-198,-210
-122,-121
107,115
-116,-123
167,172
-169,-179
-164,-187
-180,-186
-183,-215
-157,-139
146,141
130,126
-138,-135
-246,-240
107,101
-148,-147
-177,-211
-117,-123
-146,-120
-147,-147
-147,-147
-117,-123
-157,-157
105,114
181,185
110,111
-151,-155
100,112
-125,-135
-230,-230
-131,-133
-142,-152
-187,-186
103,110
-127,-123
-124,-114
109,115
-129,-127
147,150
101,101
118,105
-136,-142
-136,-142
-104,-106
120,113
-130,-135
-137,-120
-133,-128
-123,-126
-135,-133
119,127
140,146
127,131
-153,-163
106,101
-177,-175
-200,-196
-142,-141
-121,-119
-108,105
-154,-143
-133,-126
149,141
110,114
110,116
-161,-173
112,110
-162,-162
113,113
-241,-258
-180,-187
-155,-152
-145,-138
-124,-144
-116,-142
-147,-175
-102,112
-125,-143
148,146
-132,-137
-132,-137
109,113
-104,-115
-164,-173
110,142
-185,-194
-200,-203
-125,-125
-152,-136
100,100
-170,-173
-173,-193
131,146
108,100
159,159
-129,-124
-126,-124
139,132
-161,-154
144,160
-110,-125
-183,-183
-183,-181
-125,-127
119,116
127,140
173,170
-152,-163
-270,-273
-143,-158
-161,-161
-160,-168
-139,-144
-186,-194
-126,-129
104,-102
110,110
-258,-251
157,157
120,120
148,156
174,203
-238,-250
-175,-179
-201,-191
-220,-210
-170,-184
-138,-135
-135,-142
108,-104
107,102
-177,-152
150,146
132,131
156,150
172,163
-194,-230
-203,-221
-170,-162
-197,-205
-189,-193
-134,-136
-142,-138
-136,-162
146,148
-166,-169
151,134
132,127
-111,-107
-140,-140
-140,-132
-104,-106
-132,-156
-113,-125
-128,-128
116,113
-181,-189
-207,-208
158,153
-139,-149
-114,-123
-229,-245
175,179
-124,-117
120,114
-157,-162
-117,-110
-107,-117
-131,-154
100,103
-187,-206
-159,-156
-226,-225
147,143
131,139
-119,-125
-329,-336
198,217
-166,-146
153,169
-196,-230
-118,-127
108,107
-164,-172
-154,-116
116,108
-184,-166
-171,-165
165,168
102,108
-176,-184
168,179
-238,-261
-150,-157
133,127
-149,-160
-119,-145
107,105
-162,-160
151,151
-115,-110
-124,-137
142,140
-222,-237
-181,-194
-150,-139
-125,-134
106,104
-104,100
-104,100
104,101
-134,-143
-144,-154
-131,-141
120,116
110,118
145,149
-255,-310
-149,-169
-169,-184
126,139
110,117
-139,-128
-171,-180
128,128
-188,-224
-162,-162
-162,-162
-146,-153
128,128
128,128
136,124
-130,-133
124,126
-223,-230
135,144
-156,-155
-132,-116
112,125
103,110
-144,-165
-135,-148
143,139
119,118
-112,-108
-168,-190
-122,-132
-126,-125
-123,-130
-191,-235
-163,-170
-145,-145
-190,-190
-102,-102
-210,-208
-122,-127
118,122
-119,-113
-191,-192
115,125
115,125
105,111
105,111
203,204
203,204
114,126
-117,-124
-160,-160
-232,-224
-232,-224
102,-101
102,-101
-131,-137
135,144
135,144
-176,-155
-126,-134
-108,-118
-150,-154
-164,-178
-141,-134
164,172
194,206
-172,-170
-152,-153
-207,-205
-207,-181
-131,-128
-180,-186
-239,-239
-115,101
-162,-161
211,203
-118,-116
146,144
100,-106
-130,-119
-157,-177
-180,-191
-128,-142
121,132
-162,-154
-134,-130
-197,-206
108,117
-146,-172
202,202
-102,-107
158,140
-135,-145
178,183
123,117
106,-103
-137,-128
-119,-106
105,105
-126,-160
-207,-221
-201,-204
-158,-148
-174,-162
148,158
159,158
-116,-136
173,179
-113,105
-119,-111
-148,-144
100,-101
-136,-142
-205,-270
-132,-131
134,130
-145,-144
-107,-116
134,133
160,176
-147,-153
-156,-165
-119,-115
115,114
103,112
126,124
-107,-106
-218,-242
131,135
-210,-226
-147,-162
-135,-124
-119,-114
-115,-112
115,100
141,121
-129,-135
102,114
-116,110
-111,108
107,-137
100,109
107,-137
151,117
-154,-148
-188,-183
-119,-112
-150,-144
-148,-156
-126,-112
141,157
105,110
-119,-123
-141,-139
102,106
138,127
116,116
-137,-145
164,171
-134,-138
-142,-152
-136,-133
-134,-135
-116,-118
122,121
-125,-163
179,161
-203,-183
-153,-168
-188,-198
111,110
-232,-214
108,-108
136,141
-151,-157
-119,-123
116,120
-112,-116
207,211
-166,-156
-116,-107
-137,-138
-279,-297
111,-108
-106,100
-106,100
-201,-229
-201,-229
172,174
172,174
139,145
-158,-145
-139,-136
-105,-117
149,167
-136,-133
223,234
-181,-173
-143,-158
-223,-240
-180,-154
140,148
-186,-227
140,134
-264,-302
139,149
-162,-164
130,115
174,173
-112,100
-176,-183
128,127
-199,-210
-130,-126
-123,-117
-120,-118
-195,-220
104,107
110,115
131,125
-178,-180
-109,-124
129,132
118,116
-168,-159
106,-115
-131,-141
-109,100
-171,-182
-208,-229
-208,-208
120,115
125,127
-132,-120
-245,-236
-139,-150
120,100
127,131
-236,-213
110,112
110,112
-136,-134
-155,-157
-149,-141
-232,-240
152,152
-169,-153
-169,-153
-109,-120
119,125
-245,-255
-131,-138
143,143
-112,-113
-186,-188
108,103
-180,-181
-116,-129
-125,-126
-195,-199
-298,-280
121,113
-184,-250
-113,-110
-136,-136
-160,-151
-110,-102
-134,-135
190,195
-188,-177
114,114
-109,-109
-229,-223
-163,-146
-177,-182
-242,-245
-160,-158
126,125
-125,-110
-165,-174
118,110
100,-118
204,184
-212,-228
-106,-115
-199,-194
-161,-145
-200,-158
-162,-152
-148,-142
-225,-205
-167,-188
-126,-116
-162,-173
-125,-136
-127,-127
196,183
-180,-186
-126,-142
-166,-165
101,117
-113,105
-163,-178
-116,-114
110,104
-119,-110
-108,-108
-134,-130
112,-101
164,158
-146,-165
-135,-139
-171,-174
-124,-134
123,129
178,190
-194,-207
121,109
-151,-179
188,177
-164,-182
141,133
102,110
-141,-141
-111,-118
-150,-154
125,130
106,104
109,-111
-238,-216
-105,-117
-117,-116
-117,-116
-125,-106
139,146
163,172
-190,-209
-190,-209
164,166
-110,-118
-160,-133
-216,-226
-185,-188
-137,-145
121,132
130,130
-190,-166
106,104
-112,-116
-106,116
148,145
135,133
-180,-184
184,181
-149,-156
-105,107
125,123
-108,-124
160,138
-181,-170
-306,-330
145,127
144,136
-151,-146
123,113
123,113
-166,-168
-104,102
116,115
-128,-126
-126,-148
-168,-202
-114,-113
-124,-122
123,115
-186,-190
-325,-347
129,130
129,130
-126,-131
116,116
-133,-146
142,147
129,124
-119,-118
-127,-117
111,112
115,119
201,208
-225,-250
-259,-252
103,-107
-119,-117
-119,-117
-133,-129
100,-104
-195,-203
136,133
-102,-107
-121,-110
-121,-110
-101,-104
-135,-134
-194,-174
117,112
-161,-186
113,122
132,130
-129,-129
-102,-101
133,124
-331,-329
-148,-167
118,-116
-116,-128
-220,-250
-193,-180
103,-104
142,152
-103,105
112,109
-153,-157
158,166
-120,-164
111,-103
-129,-126
-323,-342
108,111
-104,-107
-175,-157
-155,-179
-116,-123
-119,-124
133,129
-131,-120
-177,-176
173,189
161,176
-128,-128
-112,-106
-112,-106
104,-104
-123,-122
-296,-278
108,106
-120,-119
-205,-247
-102,-105
-125,-131
-111,-109
135,129
-171,-171
202,202
133,136
-171,-179
119,126
-102,-115
146,175
-155,-171
-114,-116
-120,-116
-178,-170
101,-101
-108,-113
116,115
-228,-267
137,155
-148,-142
-219,-252
-122,-131
111,104
190,199
-229,-269
-138,-149
-110,-122
-110,-122
111,120
-204,-190
122,114
160,163
-235,-250
156,165
-141,-125
-206,-239
-112,-127
-119,-113
138,126
-138,-129
-111,-105
-155,-163
140,140
-136,-158
-162,-161
106,118
-256,-304
177,175
-176,-158
-259,-243
-105,-107
-174,-174
-128,-137
-126,-130
-253,-245
-126,-138
-202,-204
-140,-136
-113,-128
-141,-136
135,149
-101,-104
-230,-250
159,160
-104,102
-154,-151
190,199
-163,-157
113,126
-229,-223
-234,-209
-139,-158
-223,-250
-108,126
-163,-182
142,186
-115,-118
-190,-178
-190,-178
146,138
103,-101
-255,-262
213,230
-114,-127
116,116
-242,-244
-229,-205
-161,-141
-230,-196
113,112
-185,-151
124,140
-136,-148
-179,-182
108,102
-123,-136
-226,-244
129,111
-162,-169
-113,-132
-131,-119
-288,-277
144,142
-200,-190
-166,-168
-119,-113
136,130
108,120
117,116
-153,-156
-215,-210
-148,-140
-202,-221
114,109
-158,-161
-158,-161
-237,-238
-117,-119
-152,-149
152,240
-203,-195
156,150
148,151
121,118
-212,-242
-114,-118
-133,-136
-168,-174
-288,-306
136,136
-172,-205
-194,-193
121,133
109,115
163,198
-188,-200
-110,-109
-101,-111
-118,-148
-184,-185
-123,-139
-270,-174
-246,-251
111,131
171,175
-130,-122
135,145
119,122
170,160
-153,-173
139,129
101,103
-118,-138
-148,-154
178,180
169,164
-145,-146
169,164
-250,-269
-164,-160
-113,-122
142,133
-105,102
158,164
-105,-117
121,125
154,146
136,150
-126,-147
114,124
114,124
-105,-114
169,142
-176,-166
-219,-270
-224,-247
109,108
116,104
-104,-107
156,172
-114,-103
-108,-104
110,135
168,167
157,144
-165,-170
133,131
-129,-141
170,143
-170,-173
-170,-145
150,134
124,137
139,122
147,147
-148,-153
105,115
-102,-114
-149,-151
-153,-165
119,112
117,126
-173,-167
-169,-163
-181,-184
-190,-195
-149,-141
-163,-173
-125,-116
126,102
-134,-124
119,112
-160,-158
-113,-132
150,144
-132,-139
130,116
-126,-138
161,160
-195,-195
-163,-171
-122,120
-127,-140
-104,-112
-144,-152
-195,-184
110,103
-145,-149
120,129
125,143
-160,-164
120,119
-133,-132
142,142
-143,-135
-238,-210
103,101
-159,-139
-104,-121
-119,-135
-137,-141
-151,-163
-127,-132
-144,-149
117,109
188,199
120,113
138,130
-121,-122
-136,-135
-152,-175
-153,-145
-167,-149
-197,-200
-161,-167
-191,-221
113,127
-132,-143
112,104
-171,-171
-155,-152
-147,-155
-169,-185
-164,-194
132,125
-174,-199
-172,-188
-172,-173
-118,-148
-196,-225
-236,-257
-120,-126
-164,-168
-155,-160
-143,-162
-131,-136
134,140
-159,-177
128,129
-207,-216
105,103
-208,-215
-163,-167
-223,-242
-190,-172
-146,-157
-154,-156
-160,-166
-101,-106
-136,-160
-142,-164
-282,-265
-184,-215
-135,-124
-154,-138
-152,-190
122,127
185,167
112,109
-132,-136
-188,-185
-113,-121
-133,-129
-110,-106
-141,-160
-201,-216
-155,-157
-121,-122
111,109
134,136
192,195
-108,-110
-108,-110
-114,-121
100,-106
-120,-120
110,118
-276,-331
122,121
-161,-167
-123,-124
-195,-188
-140,-122
113,132
-124,-142
114,102
171,185
-107,-126
-133,-133
122,121
-181,-193
117,114
-152,-145
-132,-142
-214,-215
-117,-125
108,127
-149,-145
-116,-125
175,182
135,133
-207,-226
-124,-146.11
-140,-150
-204,-166
-198,-183
-127,-124
-179,-180
-166,-151
-112,-116
-122,-109
224,236
131,127
180,182
-127,-118
-219,-248
-130,-139
-130,-139
-146,-141
-181,-171
-128,-134
102,100
-144,-143
-141,-152
101,-126
-144,-171
265,242
265,242
158,166
129,131
189,184
-143,-158
-173,-144
-126,-130
-115,-138
-152,-140
121,112
-149,-131
-179,-203
-127,-142
-221,-221
106,-101
141,147
135,149
101,-115
-102,-103
-155,-133
-122,-139
-167,-169
-186,-176
216,238
-102,-112
-296,-276
115,112
-247,-262
115,112
143,154
-118,-118
158,172
-135,-133
-106,-104
-135,-149
-132,-133
-140,-140
-158,-168
-125,-129
192,168
170,148
-226,-216
-235,-255
136,142
176,192
-120,-124
148,147
-255,-256
-102,-104
151,148
-109,-114
-170,-158
-212,-204
193,180
163,182
-330,-335
-268,246
160,143
154,152
-116,-118
116,117
-106,102
-245,-239
-214,-253
-164,-181
116,-104
-131,-139
-160,-167
-262,-279
-329,-327
-104,-107
-104,-107
146,138
101,-101
-134,-127
113,119
-201,-210
-166,-174
-253,-249
109,110
-108,-103
-158,-147
159,156
-161,-161
-192,-201
-124,-122
156,159
139,137
-160,-163
107,106
-114,-116
-264,-264
-155,-168
-255,-226
-115,-123
109,115
-104,-104
259,243
-165,-177
126,124
-247,-247
144,130
141,148
-120,-124
105,-106
-116,-120
-167,-168
-180,-181
-201,-208
-113,-102
-120,-130
-116,-110
161,159
-122,-109
114,-103
-241,-260
128,120
117,123
-101,-104
109,116
-151,-163
-123,-132
-162,-175
-101,-108
-152,-151
-136,-129
-136,-129
-101,-101
138,128
147,144
-312,-295
-154,-172
-180,-202
-142,-153
-184,-205
-167,-155
106,-102
-202,-218
-119,-114
-158,-162
124,134
-158,-162
-120,-121
112,106
139,150
-296,-337
-177,-169
-155,-148
-126,-127
-117,-120
-192,-178
-173,-195
-126,-126
-107,-105
-107,-105
-119,-115
152,166
-101,108
-126,-148
-121,-113
119,122
124,118
138,137
-194,-179
-155,-145
-151,-157
-375,-405
-120,-125
-115,-121
-103,-108
188,182
-230,-221
142,168
-140,-153
-160,-143
-180,-153
-166,-175
-145,-126
-349,-325
143,137
-110,-112
109,112
-188,-194
178,150
-188,-198
-177,-178
182,184
-140,-139
120,118
120,118
-156,-162
106,-118
-131,-129
-349,-307
143,143
-110,109
-160,-166
112,121
-188,-185
178,210
-354,-357
-155,-155
182,189
-161,-162
126,126
-172,-180
122,117
102,110
-331,-332
121,116
-141,-147
-144,-155
-149,-151
239,245
-258,-264
-121,-128
130,129
130,129
-131,-122
-129,-129
-129,-129
138,129
-262,-302
-153,-157
-150,-143
-126,-125
103,107
117,117
102,100
-183,-184
-135,-157
115,130
135,129
125,108
-151,-151
205,202
-265,-264
-115,-109
-197,-218
-115,-109
-165,-165
129,143
115,127
104,106
-148,-144
-172,-176
103,-112
163,163
139,146
130,160
-150,-152
162,150
-181,-188
-127,-151
-200,-212
-131,-117
105,100
121,133
150,145
-113,-133
131,132
-208,-224
156,150
135,144
137,141
-120,-122
114,-107
-138,-139
-189,-189
154,154
-145,-147
200,180
-301,-313
-106,-105
143,151
-127,-128
-104,-102
100,-112
178,165
-177,-192
101,-104
-109,-110
109,116
-215,-213
-153,-170
153,144
107,-105
-240,-243
-117,-127
166,156
-102,102
-142,-142
165,165
105,-115
119,110
-196,-211
140,126
-242,-248
105,112
179,191
-167,-189
-281,-245
-142,-130
120,127
-145,-149
-123,-130
103,-101
-123,-128
184,180
-211,-231
-214,-235
-137,-136
168,176
-138,-135
-125,-127
102,123
-211,-222
192,200
-356,-365
109,105
-191,-189
-205,-204
-390,-375
-110,-128
-132,-126
-110,-129
110,107
152,145
-164,-179
111,114
150,152
-110,-107
-250,-290
158,166
-179,-173
-211,-218
-286,-290
-119,-143
-134,-130
-128,-124
133,141
125,119
-187,-195
200,200
-102,-107
-102,105
-113,-121
-260,-265
120,118
-261,-282
-223,-225
-282,-276
-233,-242
-181,-175
-139,-137
156,156
105,105
-127,-138
162,173
-117,-123
125,129
-119,-131
-174,-176
-107,-113
-153,-164
-144,-138
-151,-174
124,123
-192,-202
210,223
-172,-167
-154,-159
-162,-164
-121,-148
-165,-166
-229,-238
-185,-171
-124,-120
118,119
-170,-158
127,140
-240,-229
-240,-229
221,258
240,300
-200,-206
-130,-132
-123,-119
-178,-174
-188,-208
-146,-130
-137,-133
-201,-207
-152,-157
106,113
143,153
-311,-299
172,180
211,266
-197,-181
-235,-225
-219,-224
-225,-235
109,117
112,130
-155,-157
-155,-157
190,185
-277,-271
214,235
-114,-117
121,129
157,162
164,162
-110,-117
-148,-156
-130,-141
-205,-255
-200,-183
108,102
156,164
131,138
-203,-186
-131,-128
-147,-166
100,105
170,174
172,180
-128,-125
-152,-165
-110,-101
-173,-171
-243,-272
120,-106
101,109
102,-116
-155,-142
-155,-142
199,219
-125,-126
-125,-126
129,142
-148,-147
227,223
140,145
-169,-171
-168,-181
-126,-130
-292,-291
-303,-308
151,165
137,120
106,122
-168,-162
186,169
-138,-145
-128,-130
131,144
162,157
125,114
-155,-158
133,116
-183,-186
106,100
-174,-176
-118,-133
-300,-375
-235,-229
141,158
-197,-219
-168,-172
-232,-220
120,124
-167,-217
160,155
-290,-287
-216,-248
120,106
-174,-185
120,106
169,177
153,155
140,154
-150,-155
-154,-154
-125,-122
115,115
-163,-158
-136,-160
-320,-350
-153,-202
122,130
-303,-305
147,147
148,138
130,137
-178,-158
-154,-141
-151,-160
149,155
-255,-255
134,130
107,-106
-108,-113
-116,-117
-169,-167
132,131
-235,-215
-163,-155
162,122
-145,-142
-157,-164
-256,-277
-188,-234
203,257
201,219
-318,-326
-110,-126
110,-101
112,121
112,122
-183,-172
112,122
-118,-113
-111,-118
-184,-215
126,133
-241,-241
-196,-222
251,287
227,250
-290,-295
130,130
-117,-118
131,129
100,-102
114,104
-188,-190
-139,-149
108,110
-162,-170
-148,-144
-237,-252
-129,-129
241,248
215,196
-250,-283
-123,-122
129,135
121,112
124,125
152,150
-229,-223
120,133
110,110
-148,-152
-183,-183
-149,-153
-152,-153
-181,-176
123,122
-227,-216
-227,-216
156,156
-102,-104
-114,-119
-165,-157
140,133
111,116
-140,-159
-187,-196
-215,-203
-120,-104
-232,-231
-115,-122
120,122
151,141
-206,-203
160,150
155,156
159,146
-131,-127
138,145
137,131
133,139
-199,-205
-162,-172
-156,-172
-192,-190
-211,-229
134,144
143,137
-205,-212
145,143
188,156
-155,-158
102,-118
-140,-157
114,119
110,118
-180,-187
-198,-190
-222,-244
-140,-148
-365,-364
132,133
-104,-103
-102,100
-119,-122
-116,-115
-133,-135
-188,-194
-328,-334
122,125
108,101
-240,-269
114,135
150,144
-126,-135
126,122
155,169
101,116
-167,-187
-154,-141
-139,-160
-154,-141
-155,-165
-197,-191
-301,-299
161,165
-136,-143
-290,-360
155,163
138,148
-165,-166
110,112
134,136
-101,-104
-110,-114
-137,-160
-112,-124
-184,-178
-157,-180
-261,-277
-114,-115
193,191
-170,-156
170,163
111,118
134,131
120,108
145,143
-230,-227
-200,-199
-204,-220
123,131
165,184
-237,-252
136,135
153,145
-125,-129
-207,-197
-170,-164
-257,-275
-144,-140
127,135
225,240
-140,-147
113,111
-304,-278
-112,-108
195,187
108,112
108,112
140,125
125,122
-233,-240
-295,-300
-292,-313
-151,-159
107,112
226,247
-236,-263
112,111
-219,-216
117,118
138,133
135,137
184,162
108,103
-314,-351
-172,-209
110,106
190,192
-394,-461
-168,-158
147,158
107,-117
104,114
-147,-157
235,250
-177,-155
-267,-256
-126,-126
-183,-187
-154,-158
132,151
102,106
209,225
-317,-332
-126,-154
169,164
-195,-186
-126,104
-170,-173
-198,-192
180,172
104,-103
-257,-273
-132,-126
-152,-149
110,-126
104,-102
-172,-176
201,201
-237,-230
-121,-133
189,191
113,106
-248,-217
-147,-166
234,212
-177,-177
-284,-231
-107,-108
-218,-264
-154,-163
-121,-140
-146,-145
188,179
-327,-311
113,106
167,173
109,-105
-320,-334
144,145
-129,-107
-229,-235
-130,-129
184,190
169,157
160,146
-167,-169
170,162
-130,-127
-342,-350
-126,-125
-202,-207
156,126
110,129
126,123
-110,-102
152,158
-147,-137
183,186
123,111
157,150
-261,-276
145,145
-178,-203
-294,-320
-128,-122
-227,-225
122,119
126,136
-148,-161
-101,-102
140,143
-161,-170
196,204
119,121
174,155
-210,-184
-380,-398
132,125
-108,-110
142,139
-175,-179
-159,-162
119,117
108,146
-168,-178
-121,-123
-221,-242
-115,-111
215,196
-252,-264
-154,-159
-104,-108
122,120
-116,-123
-175,-185
-101,103
-163,-163
125,121
-127,-134
-184,-162
-125,-128
-199,-214
109,110
144,142
-371,-383
-216,-218
-113,-116
150,147
-154,-164
162,170
-213,-217
-124,-131
-130,-131
-244,-246
108,108
-172,-181
-117,-108
191,185
-282,-292
-168,-166
-116,-122
114,108
-123,-106
-123,-106
-119,-110
-156,-165
-168,-182
149,165
118,118
-166,-196
-164,-153
-108,-105
-253,-256
-106,115
-230,-235
-194,-222
118,118
138,128
118,118
-175,-186
-253,-243
-211,-219
-239,-241
-150,-134
-143,-151
-158,-157
193,187
199,203
-310,-294
175,180
174,172
-161,-151
-141,-132
101,-109
-267,-281
-189,-180
-189,-180
-163,-164
-285,-305
-166,-177
-189,-190
-196,-224
318,319
318,319
248,274
-242,-230
128,121
126,123
-139,-141
-201,-210
134,125
-196,-196
-196,-196
-141,-139
-124,-128
-290,-260
163,182
-136,-134
-211,-200
-139,-146
100,-108
141,141
-201,-190
-102,-106
145,140
145,143
102,106
175,179
130,152
-137,-130
-106,-114
129,131
-127,-118
-129,-126
-206,-228
-108,-102
139,142
-242,-237
109,104
170,182
131,126
121,115
170,160
161,170
-114,-127
100,-104
103,108
-108,-104
-213,-273
-270,-273
-125,-125
127,125
-290,-295
140,129
111,104
112,115
115,120
140,150
177,140
-150,-160
147,145
-104,-110
-123,-112
-125,-120
-125,-120
-148,-168
168,168
-268,-287
205,209
-116,-110
-130,-128
201,191
-125,-116
-190,-198
-175,-179
-165,-170
-143,-119
-165,-170
-200,-200
146,142
-101,-106
-388,-429
137,145
196,203
-124,-120
-135,-135
-135,-135
143,140
167,178
114,114
-258,-250
-195,-195
-112,-112
-158,-158
114,-118
115,115
-161,-161
-200,-200
134,134
192,192
-112,-112
-150,-150
111,111
105,109
125,115
-174,-165
-141,-135
-260,-282
-239,-253
-285,-298
133,131
148,136
106,100
-171,-209
-157,-160
-264,-272
143,144
-157,-151
-235,-243
113,116
-339,-330
136,130
-139,-155
-124,-119
-203,-228
154,172
142,143
-135,-137
-104,-108
-155,-157
-241,-234
-241,-234
-138,-124
286,249
-301,-287
118,115
131,143
-262,-270
-173,-187
-132,-142
-173,-187
-145,-131
-104,-106
-109,-117
156,159
-233,-250
-188,-197
-264,-233
-187,-193
160,155
-422,-425
160,153
141,141
-359,-334
-101,-104
-118,-118
-188,-188
139,135
-102,-126
-108,-116
-132,-137
-319,-351
-115,-114
-259,-273
112,111
-107,-116
-188,-201
121,120
108,104
-302,-303
-164,-168
-170,-175
-332,-332
105,102
109,112
-138,-138
-108,-115
193,213
-220,-206
-220,-206
102,102
-117,-115
112,113
-177,-174
146,134
115,117
-285,-257
-108,-113
-124,-128
-250,-250
-104,-110
-140,-146
111,119
-117,-128
182,197
-290,-318
134,111
119,132
-157,-148
143,155
-143,-144
125,136
129,128
-169,-173
108,105
-136,-141
-111,-114
205,216
-203,-213
113,111
101,109
168,171
146,143
-219,-221
-134,-140
-170,-174
-156,-156
133,158
-124,-123
-136,-136
-114,-123
200,191
-179,-153
-121,-122
141,147
131,115
118,156
188,185
-168,-152
-221,-207
-169,-162
120,108
-126,-129
111,115
-107,-101
-104,-105
313,315
-175,-164
162,152
180,198
182,180
-119,-114
133,133
-164,-182
-172,-162
-219,-221
123,124
102,101
115,112
-132,-133
-133,-125
267,261
-138,-144
151,156
129,136
-116,-126
149,136
-118,-117
-136,-148
209,210
-125,-119
102,105
111,110
-106,-106
-176,-205
-205,-205
107,-102
-105,-111
-201,-211
181,181
-107,-110
-211,-210
-148,-150
149,148
-122,-117
-198,-200
187,180
-153,-181
-102,-113
-145,-179
109,112
-157,-160
123,128
-112,-115
-182,-183
-131,-131
-179,-162
-126,-132
169,171
-110,-136
-180,-171
-111,-118
-102,-103
-167,-162
-239,-249
114,108
-128,-128
108,112
170,166
-149,-140
-253,-249
171,173
-227,-231
-171,-178
-175,-171
112,105
-190,-200
-191,-202
-128,-132
-207,-216
-381,-391
128,138
-160,-172
-126,-132
-155,-157
-154,-146
159,174
-231,-233
-178,-174
-205,-238
112,106
-140,-164
-227,-215
-120,-122
-113,-112
159,174
-233,-242
121,114
-149,-142
-185,-169
-129,-134
-145,-126
214,231
-160,-171
-200,-140
-124,-124
-176,-199
-164,-172
-115,-129
-260,-234
-156,-151
-287,-245
-108,-102
-159,-154
-209,-229
-170,-181
-116,-119
-223,-256
140,136
-119,-111
130,137
-226,-254
-222,-171
158,134
157,149
-331,-365
-116,-116
-122,-114
-175,-194
122,111
120,129
-287,-290
-287,-290
108,103
140,157
-132,-133
-108,-108
-108,-108
-156,-146
-156,-146
-144,-135
103,105
125,135
-356,-359
-198,-210
-173,-191
-107,103
106,106
-160,-166
-130,-125
-112,-126
105,-104
-145,-141
-126,-142
-137,-118
194,200
-146,-154
-301,-305
-175,-188
-165,-180
113,115
-153,-131
-140,-140
-153,-131
-145,-160
-110,-110
-150,-135
-125,-125
-190,-175
-105,100
-150,-175
-115,-110
-140,-140
-200,-200
-200,-250
-225,-200
-225,-250
-125,-145
-200,-190
-150,-155
-120,100
105,105
-155,-155
100,110
105,100
-105,-105
-105,-105
145,140
-125,-120
-160,-175
-120,-115
-200,-185
-165,-145
-110,100
-110,-110
-155,-145
-145,-140
-135,-125
-165,-165
-145,-145
-115,-120
-115,-120
135,125
-145,-155
-108,-122
-162,-146
215,184
-198,-174
100,-110
-126,-136
112,108
138,134
-225,-245
116,114
-196,-215
-126,-138
194,220
-158,-178
-126,-124
-172,-168
-156,-140
-188,-196
-172,-198
100,-110
-142,-138
-260,-275
-225,-255
132,136
114,100
230,210
-168,-184
-102,-112
-142,-146
146,144
116,-104
112,114
-130,-142
-162,-156
-136,-144
-220,-205
152,136
-108,-116
-184,-196
-104,-118
-116,-130
-120,-126
-166,-146
108,102
-225,-290
152,150
-134,-130
134,126
-142,-134
-134,-138
-240,-225
108,116
-156,-138
136,130
-152,-152
-230,-250
-184,-154
-166,-174
-154,-142
102,104
102,102
100,108
-144,-134
-132,-112
144,154
-251,-230
-275,-340
-164,-178
172,164
126,148
-142,-144
-158,-162
-126,-138
138,128
-148,-152
-162,-156
138,148
108,114
-142,-154
114,115
134,146
164,173
-210,-198
-132,-121
-247,-244
-122,-126
-129,-128
-150,-168
103,108
-139,-144
222,237
-159,-150
-141,-164
131,138
177,197
-136,-126
131,118
-118,-138
193,216
-118,-106
-161,-149
-120,-120
-117,-104
-116,-117
-228,-257
120,114
-184,-219
-121,-124
-184,-184
115,108
-171,-164
133,136
-115,-123
-133,-147
-155,-152
131,140
-158,-173
113,106
-138,-130
118,114
-262,-280
-113,-109
132,132
-136,-136
-115,-122
-142,-172
119,122
-108,-102
-157,-154
-120,-135
-136,-138
114,119
-162,-124
-110,-120
-102,107
-140,-156
126,124
-170,-203
103,-129
104,110
-274,-293
-139,-143
143,139
131,122
-167,-160
-241,-263
168,160
102,115
-130,-127
-170,-178
-176,-182
-141,-156
-162,-158
-103,126
137,140
114,108
153,151
-294,-291
-269,-278
-148,-159
-111,-117
-189,-192
-146,-137
-255,-235
-130,-134
-266,-264
149,146
142,138
-184,-178
157,156
-166,-155
126,-134
-176,-189
-126,-138
-266,-283
-172,-172
-267,-279
100,100
-156,-147
-105,100
153,153
146,141
-188,-188
-109,-114
151,138
-142,-158
-144,-136
-250,-263
-222,-244
-216,-224
-205,-245
-117,-114
-156,-163
-158,-154
-180,-184
187,200
125,117
103,102
-154,-157
-157,-158
-101,112
-149,-151
132,136
133,137
117,108
-184,-184
141,138
-140,-137
-235,-228
-172,-178
123,125
-144,-145
163,170
-106,100
-129,-119
-193,-183
-118,-124
-103,-103
130,122
-127,-136
168,152
101,106
-295,-300
205,136
-221,-231
-153,-150
-176,-167
-123,-127
144,133
-191,-200
-125,-126
173,171
200,191
117,111
-158,-160
-105,-113
-140,-130
131,129
132,126
-136,-135
119,119
104,106
-155,-140
180,193
136,118
124,138
-121,-117
-154,-153
-151,-152
123,118
-109,-104
-103,-109
107,102
154,172
-102,100
114,124
109,109
-164,-172
106,-110
-143,-147
121,117
131,125
121,117
114,124
-111,100
-129,-139
-126,-133
113,126
144,136
107,106
112,121
107,114
107,104
-103,-104
-175,-201
124,125
-108,-109
184,220
127,127
119,122
-146,-146
-115,-112
-211,-214
-120,-104
-142,-180
113,108
-112,-120
-128,-119
-207,-240
-171,-161
-104,101
-300,-255
-167,-177
-127,-128
-109,-109
-198,-227
153,148
-134,-139
-278,-299
-172,-186
-152,-164
-175,-166
120,126
-299,-306
-233,-244
-118,-124
-104,-107
-172,-174
-131,-132
-146,-154
-168,-172
-170,-168
-183,-182
-127,-120
111,111
-131,-132
-102,-102
119,127
-200,-206
-333,-342
-200,-270
108,108
128,136
-150,-183
-287,-294
-169,-164
-108,-124
-173,-166
-136,-129
-107,101
120,119
-192,-202
-116,-166
-153,-143
-146,-154
-265,-262
-155,-149
-102,100
107,-113
100,105
-192,-187
-141,-184
-136,-143
-172,-166
-123,-108
-124,-121
-167,-167
-260,-250
-135,-118
-195,-203
110,101
-191,-211
130,118
-153,-155
-168,-171
-102,-116
-201,-206
100,-108
-260,-260
-151,-139
-197,-205
120,124
-126,-112
104,103
-114,-124
-114,-104
-255,-290
-219,-209
-178,-186
-172,-178
-107,-108
100,-103
129,146
151,160
-224,-229
-196,-209
-298,-307
141,139
-109,-104
139,136
120,152
-139,-153
-179,-179
-110,-102
-133,-132
-135,-132
-251,-289
-208,-219
-139,-147
120,113
106,104
-109,-109
136,141
127,122
125,116
103,-117
-144,-147
-121,-130
128,124
-143,-153
-130,-124
-143,-141
136,132
-223,-227
-220,-275
104,-107
122,129
-171,-187
-127,-116
122,129
104,-107
-140,-150
172,167
109,107
134,130
113,117
-142,-140
136,132
-201,-207
-173,-204
149,151
-121,-117
127,141
-141,-144
-122,-118
-167,-166
-215,-209
121,118
-178,-197
-126,-119
103,-101
132,142
103,-101
-155,-138
138,114
146,146
-184,-175
132,161
-162,-184
-123,-137
-165,-153
145,148
121,122
128,134
128,125
-125,-115
-178,-164
134,133
108,103
146,168
131,115
122,126
-125,-118
127,132
120,109
-126,-126
-161,-139
-112,-112
-206,-198
141,139
-258,-240
168,166
141,139
207,210
-107,-107
-182,-183
119,133
-135,-170
161,158
130,128
149,191
173,157
152,148
-216,-226
119,113
-148,-134
106,104
-179,-180
-137,-132
-205,-220
-144,-136
-190,-184
-158,-161
-235,-290
-151,-166
-106,-116
111,106
125,148
-118,102
-116,100
-111,-124
-165,-167
-118,-126
-137,-117
-228,-240
-135,-151
103,-107
118,123
-159,-165
-215,-205
-172,-196
-206,-205
-175,-175
-122,-118
-158,-144
-120,-129
-120,-136
-106,102
-142,-158
100,100
105,-102
-117,-121
105,104
-198,-190
118,141
-194,-193
-163,-158
118,120
-207,-183
-150,-176
123,116
109,110
-198,-186
-124,-120
-103,-117
-169,-170
157,168
-218,-212
-183,-192
-111,-105
-136,-129
130,130
-157,-152
-124,-114
111,109
-114,-109
179,144
-124,-135
-177,-184
109,117
-227,-263
-193,-189
-225,-221
-164,-174
-166,-178
-110,104
116,136
-125,-126
145,143
-138,-138
106,-101
146,153
-180,-185
-145,-158
-143,-132
-211,-248
-103,-113
-119,-105
110,115
127,126
117,120
203,224
-112,-107
102,-113
164,168
103,-101
155,144
-141,-130
132,118
-235,-290
-123,-129
139,134
136,133
109,103
-146,-155
-178,-180
-104,-112
-132,-144
-150,-148
111,109
-155,-159
-164,-167
-143,-145
124,120
-122,-126
151,153
103,111
-121,-118
-164,-168
149,170
-163,-161
-122,-126
117,131
-223,-231
129,131
-165,-148
126,123
142,135
157,163
146,144
-106,-130
120,114
-163,-163
-147,-148
-122,104
109,115
-110,-118
-107,-126
175,189
106,-101
-178,-190
-115,-121
180,190
108,109
-204,-243
109,110
-168,-158
130,146
104,101
138,140
-110,-118
116,102
-194,-187
-194,-190
-130,-132
139,144
110,112
-103,-109
144,133
-152,-153
-173,-171
-158,-172
-160,-157
-130,-148
-112,-122
104,-107
-178,-173
142,132
-152,-164
-122,-132
-102,-116
-118,-125
-122,-128
103,100
-117,-123
-135,-128
-141,-150
-109,-112
139,127
-290,-275
-165,-150
109,103
-127,-129
102,-107
137,136
-136,-139
-154,-164
-145,-150
-111,-116
116,129
-133,-143
-143,-143
-122,-131
-226,-249
111,106
-210,-240
-141,-161
-117,-127
-237,-216
161,157
-145,-135
136,144
-101,101
-127,-114
-197,-198
-146,-132
140,128
-116,-126
-157,-146
-281,-289
-180,-180
-135,-150
-138,-131
-159,-162
-181,-179
-110,-115
-105,-133
-197,-222
-122,-129
-143,-168
-140,-149
-138,-131
-145,-138
130,120
-175,-171
126,108
-329,-338
-191,-194
-108,-115
-130,-135
-114,-108
111,106
-145,-138
-315,-296
-111,-108
-140,-156
103,-108
102,100
-108,-116
168,167
-124,-210
-200,-214
-146,-156
123,123
-115,107
124,132
-225,-203
113,114
-105,102
-135,-141
-109,-111
120,116
-205,-196
-166,-163
125,128
-135,-144
-127,-110
-120,-121
130,139
140,145
103,101
148,140
-260,-320
-107,-108
-109,-120
-127,-141
139,138
-112,-116
104,-114
-197,-169
110,102
-105,-105
-153,-140
-127,-137
136,127
-112,-104
-239,-240
-104,-105
112,116
-130,-138
109,110
134,135
-165,-164
108,109
167,178
231,241
123,112
-149,-155
135,134
-105,-110
-135,-136
178,185
-130,-146
-108,-125
-149,-147
-128,-130
136,137
-108,-111
120,-102
-143,-136
116,100
-108,102
-134,-119
-198,-202
-112,-110
-108,-128
-115,-107
-112,-116
281,281
-215,-204
-118,-116
-142,-149
-159,-159
-110,-108
171,174
241,235
-117,-125
124,119
-134,-134
-136,-124
102,-116
116,113
-162,-168
-106,103
100,101
-140,-153
-255,-275
123,128
-122,-122
-142,-141
-115,-121
-132,-133
200,205
-136,-134
-239,-246
-135,-136
-225,-184
105,109
-191,-193
-137,-130
152,156
-133,-144
-240,-228
100,-111
-308,-292
204,206
-138,-133
-174,-181
169,160
-127,-146
-132,-130
114,109
-143,-156
-167,-170
-135,-131
-141,-156
-172,-179
-135,-140
-178,-190
-139,-136
104,103
107,100
106,108
-156,-152
-160,-156
201,203
119,125
131,139
-111,-110
-232,-223
-153,-165
-164,-173
-168,-180
-220,-144
-134,-136
104,104
-191,-177
-135,-136
112,101
-152,-155
-161,-174
102,-105
-114,-124
-130,-127
-156,-166
-122,-127
-188,-195
-135,-123
116,127
162,145
160,166
-110,-118
177,213
-162,-189
110,100
103,-103
123,130
-172,-168
-146,-149
101,118
-193,-210
-124,-148
-134,-126
105,-104
-155,-161
-126,-131
-110,-118
-146,-170
-107,-102
-108,103
-168,-167
-124,-121
-133,-145
-145,-156
-162,-144
-223,-226
-108,-115
137,130
-147,-138
-122,-136
139,141
105,109
-112,-115
-139,-139
-165,-164
-108,-134
-173,-175
-229,-246
-153,-155
139,127
-130,-116
-124,-124
-122,-126
-138,-135
123,146
169,162
-134,-140
-158,-161
-112,-104
-248,-273
-210,-184
-151,-161
-151,-133
133,121
-164,-161
-117,-121
-142,-140
177,196
142,137
-135,-124
-125,-145
-148,-146
-125,-135
-142,-118
-169,-182
-109,-107
-190,-184
119,107
-127,-124
-180,-176
-134,-154
101,103
211,218
-119,-112
159,156
-136,-133
-101,-102
-136,-133
-255,-245
-112,-110
-116,-112
-164,-166
-124,-115
-200,-215
174,175
-235,-270
-163,-168
100,-101
135,123
-120,-117
-113,-114
-108,-106
-172,-184
-144,-146
-129,-135
105,104
116,106
-105,-108
-165,-164
-136,-133
-174,-176
-161,-166
-139,-139
116,126
-111,-115
110,108
-106,-130
-125,-119
-159,-174
-140,-111
-138,-148
-131,-109
158,176
-109,108
-202,-194
-179,-181
-136,-116
-116,-128
200,188
-203,-206
-106,112
-261,-271
-175,-151
-115,-113
-107,101
-124,-107
240,231
180,220
115,109
-150,-157
-116,-109
-241,-219
-156,-163
-131,-152
185,185
126,121
-198,-202
-109,100
-243,-239
-145,-150
-135,-125
-111,-108
-127,-122
-117,-125
113,113
-218,-204
-127,-114
-151,-164
-180,-178
-272,-241
246,250
-240,-227
-164,-148
-102,101
-129,-132
-101,-108
-151,-149
-229,-221
-101,101
224,226
-150,-153
224,226
-182,-191
-155,-142
-137,-142
-123,-123
-132,-130
-201,-201
-130,-114
-240,-247
120,114
183,178
-136,-140
-104,-115
-128,-136
118,127
131,129
-158,-168
-235,-237
-142,-198
-114,-113
131,140
-120,-123
100,108
-127,-129
-230,-233
153,133
-111,-114
-159,-149
102,100
101,100
-168,-158
-147,-144
-106,-110
-283,-280
149,159
147,140
-117,-116
-184,-196
-129,-133
145,155
-118,-114
-137,-151
-146,-149
212,190
-103,-110
-142,-146
106,-104
-120,-142
-153,-177
-187,-176
112,104
-121,-127
143,137
-130,-123
-301,-282
-130,-123
-143,-133
-128,-132
-119,-114
108,108
-109,-112
-108,-102
123,109
130,128
139,134
-158,-164
120,140
121,118
-214,-241
-116,-119
-139,-130
-141,-130
-138,-120
-121,-102
-185,-196
112,124
-176,-165
-110,108
132,136
-111,-112
128,129
-152,-146
-174,-188
-123,-115
149,136
-105,-107
-122,-132
-240,-146
-152,-136
-104,103
127,133
138,143
113,109
121,120
-142,-141
-115,-104
-133,-161
-107,-118
-174,-146
-405,-335
-172,-167
117,128
132,135
-177,-166
-270,-270
-140,-144
144,127
102,112
-284,-304
127,116
-141,-125
-251,-226
133,131
-106,100
-176,-204
100,-104
-110,-108
-118,-116
-172,-174
-105,-120
100,103
-158,-165
115,122
-249,-230
140,143
-246,-284
112,113
124,130
123,117
-225,-192
100,100
135,127
-196,-203
-124,-144
-105,-110
117,111
-127,-128
139,145
-276,-269
150,190
-249,-268
-162,-169
122,109
-108,-106
143,126
-181,-192
103,106
-245,-244
-195,-191
-170,-173
-130,-121
-199,-211
-135,-126
-223,-237
125,125
-183,-164
-126,-130
242,245
121,121
112,124
-140,-140
105,100
-185,-189
-149,-141
-144,-149
152,126
-162,-186
-121,-136
139,136
-118,-127
100,130
185,165
134,137
-201,-229
-138,-147
-111,-125
116,124
112,123
146,150
-106,100
-242,-269
-162,-182
-171,-157
-139,-134
-158,-152
-183,-191
-107,105
105,100
-108,-124
-105,-117
-189,-147
161,172
183,164
138,132
161,161
120,119
-156,-151
137,160
104,107
194,196
-170,-174
-135,-138
111,124
120,130
-176,-182
-173,-188
-108,-102
122,116
-171,-183
-117,-116
102,-105
-141,-149
-157,-160
197,211
191,199
148,144
119,126
-141,-139
-136,-131
-203,-201
-116,-108
-115,-130
-128,-126
-159,-161
-115,-130
114,106
-126,-127
-130,-148
107,-110
101,-124
100,-126
-101,-110
-125,-141
-146,-140
172,162
-254,-256
104,109
-195,-202
-106,-112
-214,-221
-192,-191
-164,-169
-195,-212
-107,-104
135,138
105,100
-118,-131
-125,-134
-135,-126
111,-101
-208,-263
-174,-180
113,120
111,113
-125,-147
134,137
-139,-138
-186,-185
102,102
-171,-169
-117,-105
-185,-181
102,-122
-118,-121
-107,-115
-105,-111
-184,-175
-243,-245
-240,-260
134,119
-102,100
-220,-210
149,166
105,-111
-114,-109
-209,-214
-164,-170
-115,-120
108,100
-208,-197
122,127
106,108
-212,-225
-134,-135
126,126
-133,-136
-119,-119
-109,-108
117,111
-166,-174
106,108
-124,-124
-137,-198
-202,-210
-116,-104
-121,-121
-103,-105
-174,-171
123,121
-151,-158
-118,-121
-109,-105
-205,-235
-185,-179
-164,-166
142,159
115,127
-167,-168
-148,-144
-113,-109
-134,-134
-113,-130
134,139
214,201
-174,-182
-124,-119
116,128
-119,-119
-188,-201
-228,-263
171,184
-204,-224
-249,-245
-124,-124
-124,-120
-162,-162
-116,-112
-127,-121
-142,-142
-119,-119
114,118
113,117
180,191
-136,-144
-234,-213
-164,-198
-151,-140
-182,-173
-180,-192
177,167
178,176
110,105
103,111
-256,-255
-139,-132
112,110
-127,-130
-101,101
113,120
-170,-167
116,134
-195,-191
-121,-120
242,240
147,143
-296,-295
-184,-188
145,150
149,140
203,209
-116,-116
-113,-113
-150,-157
-111,101
-113,-110
145,150
242,240
-169,-159
-137,-142
-122,-134
194,186
188,161
-180,-165
125,107
189,199
-124,-134
-174,-184
-110,-116
-149,-163
-151,-145
125,129
-174,-166
-125,-149
142,139
103,113
113,120
-116,-136
-136,-136
106,110
-115,-101
-105,100
137,144
148,152
-125,-121
-106,-104
-159,-155
-123,-128
193,184
148,150
-144,-168
-182,-175
-121,-135
120,114
-115,-122
118,117
-190,-181
-105,-109
132,137
-150,-140
-152,-146
-113,-122
123,123
-206,-224
-198,-196
100,-107
128,125
189,195
130,140
-123,-122
-166,-140
119,124
-136,-118
-123,-113
172,187
-117,-118
-184,-178
-110,-105
-134,-164
103,104
116,112
-109,-105
-191,-199
219,193
-117,-108
-190,-184
109,108
-152,-153
105,107
-111,-127
124,141
-206,-192
-229,-218
-146,-142
-109,-108
-113,101
-116,-134
136,142
-136,-125
175,167
118,120
-178,-184
118,116
-185,-187
124,121
108,113
-113,108
-246,-263
114,125
-165,-158
167,173
114,108
-114,-112
-115,-119
202,202
-128,-143
135,117
105,105
-139,-159
105,107
145,142
195,187
-108,-104
105,105
-138,-143
-260,-270
-194,-184
-120,-125
-143,-161
-127,-118
-112,-108
101,105
101,-109
-239,-260
-182,-196
-123,-118
-139,-160
-130,-105
-142,-136
-135,-141
-262,-260
-118,-103
-197,-205
124,120
-140,-155
103,100
-116,-115
-117,-123
106,104
-118,-126
-129,-124
-201,-195
-275,-270
-169,-164
106,104
133,148
-154,-154
-108,-106
-193,-181
-139,-141
-190,-191
-128,-150
-215,-235
-163,-166
-133,-125
-141,-134
-131,-150
-109,104
-101,-112
-193,-202
134,114
134,114
-137,-137
120,121
-158,-163
-225,-206
-141,-149
-120,-121
125,119
-101,-101
-187,-178
-188,-178
142,150
141,144
-225,-196
-144,-156
110,114
-197,-179
176,170
-158,-176
117,-103
-175,-201
-112,-118
-109,-101
-130,-141
-160,-169
156,158
116,118
-158,-158
-115,-114
103,103
-117,-118
-190,-185
-105,-105
-170,-158
-128,-130
-104,-124
110,-106
151,150
-111,-123
-129,-147
-182,-191
-135,-146
-253,-226
124,126
-188,-192
129,128
173,191
-123,-124
-180,-184
140,147
-134,-138
-202,-210
-116,-124
-105,-111
-154,-136
179,177
-107,103
-210,-186
142,150
133,130
-330,-330
-177,-187
-160,-162
115,117
100,103
-237,-251
-130,158
-116,-114
100,102
-126,-129
142,140
-140,-163
-145,-165
-269,-274
122,115
150,136
-117,-128
207,171
110,103
-113,-122
-117,-122
123,118
-135,-132
-188,-188
-159,-168
111,112
-269,-271
-105,100
-125,-120
-149,-165
111,127
-156,-152
112,108
-114,-104
-240,-330
-158,-178
-124,-130
-157,-186
-126,-113
-106,-123
102,104
-161,-180
-152,-151
-164,-142
-161,-137
128,126
-149,-161
127,157
-185,-184
-233,-249
154,154
124,118
-145,-164
-172,-164
-140,-138
-255,-260
161,157
-152,-155
-230,-242
-225,-235
141,127
130,128
-223,-216
-198,-148
-119,-107
116,122
-102,-110
105,114
-200,-200
170,186
-115,-120
-127,-116
156,144
-156,-172
-202,-208
132,130
-170,-183
-135,-138
-109,-123
-123,-110
-198,-202
194,203
-216,-240
116,108
149,145
-192,-188
109,109
146,157
-114,-106
-112,-132
251,271
118,120
-108,-107
206,216
-141,-112
139,134
112,114
141,145
104,101
-171,-180
-205,-194
144,154
125,122
-263,-280
121,130
113,111
-170,-165
-263,-280
106,116
110,130
114,127
253,246
-212,-222
128,160
146,137
103,101
238,198
-146,-168
-225,-217
-171,-170
-114,-132
-120,-125
-128,-138
-336,-359
-180,-200
-237,-244
141,145
-231,-231
118,124
108,105
178,173
-104,-105
-280,-295
-137,-141
144,149
155,158
-173,-172
-208,-194
-106,104
155,173
-151,-146
-140,-128
-111,-116
-158,-138
-109,-114
-136,-141
-271,-268
-158,-156
126,129
-139,-135
190,194
-165,-160
142,159
-148,-151
-130,-182
-109,100
107,-103
-117,-107
-138,-135
-193,-190
190,194
125,128
-131,-134
-104,-113
124,136
-319,-343
-127,-125
-112,-114
-171,-175
108,110
-118,-112
117,124
-127,-131
-128,-141
-137,-137
-128,-141
133,132
-197,-228
-136,-134
-178,-192
179,192
116,116
123,116
-200,-182
-129,-131
124,126
-212,-210
-134,-107
127,130
-181,-177
-235,-270
-170,-190
-175,-177
-195,-200
-135,-151
-103,-112
-101,103
108,118
-112,-117
150,150
-233,-219
168,172
-172,-183
-142,-135
-160,-164
-175,-161
-212,-193
-171,-170
-107,101
-167,-169
-117,-113
-116,-114
-184,-175
117,118
139,133
102,-118
104,108
-143,-148
194,240
162,157
-166,-158
154,142
-103,-106
-140,-145
-104,-122
-142,-134
-213,-238
-114,-119
-219,-219
-143,-150
114,112
139,131
-169,-164
-116,-112
-116,-112
179,146
-179,-147
129,127
-119,-118
129,127
-179,-147
155,158
-119,-118
-143,-138
103,100
-112,-112
125,121
-171,-174
-192,-210
-124,-121
-162,-174
-102,-101
146,136
-155,-152
172,165
133,124
-207,-209
-196,-219
-182,-189
-132,-119
-101,100
-135,-126
102,104
-218,-210
-118,-128
186,201
-130,-132
165,173
134,141
-205,-200
-127,-120
-204,-217
-155,-140
108,104
118,108
-175,-169
-102,-112
-119,-112
-211,-202
-147,-157
141,126
100,101
-134,-115
105,104
175,168
-253,-261
-142,128
-172,-173
-130,-127
-117,-105
115,124
183,191
-191,-192
-131,-149
-117,-102
-124,-130
-260,-264
193,204
-131,-138
-116,-127
120,108
-111,-118
111,114
-158,-144
-158,-144
-134,-138
-103,-102
-120,-117
-161,-170
-245,-254
138,130
124,110
-205,-210
-132,-137
-106,-125
-153,-126
136,139
-187,-186
-126,-123
-151,-130
-210,-260
-114,-110
151,156
-193,-233
-147,-157
-143,-126
105,101
-208,-208
113,117
-243,-246
-144,-118
-292,-291
-139,-137
109,113
105,103
-125,-124
120,-104
121,134
-196,-205
-178,-170
-160,-172
-205,-226
149,159
120,111
-108,110
-282,-305
-114,-125
109,100
100,106
-224,-217
-127,106
-184,-215
-122,-128
-115,-116
163,148
106,104
107,117
-200,-189
-221,-244
-270,-273
-141,-145
-114,-108
167,179
-120,-126
-104,-115
228,224
-161,-169
-126,-128
-245,-257
-241,-235
-143,-136
134,117
-113,-130
-320,-260
223,245
-186,-174
-146,-140
-117,-101
-168,-158
128,124
-126,-126
115,126
-216,-230
-195,-170
-116,-111
-153,-156
-162,-156
-112,-123
210,170
-158,-174
106,109
111,106
-108,113
192,175
-110,-101
133,150
-164,-146
-231,-214
-171,-165
-168,-164
-273,-264
-160,-158
122,120
130,128
115,102
144,137
-122,-125
102,104
111,-101
133,114
162,176
-130,-135
120,118
-190,-172
156,178
101,106
-108,-107
159,155
101,103
100,109
144,143
-148,-150
100,109
105,107
-173,-163
-145,-142
129,127
-174,-178
115,109
175,176
-104,-102
156,152
124,136
-188,-182
101,111
105,105
111,113
106,113
-108,-111
-137,-125
115,130
219,213
127,117
-135,-137
-136,-133
130,134
-153,-125
-103,100
-135,-142
110,140
181,163
142,178
136,134
-161,-161
138,166
173,164
120,-108
-114,-114
-251,-233
-123,-111
-128,-122
-105,-111
169,163
148,106
-200,-211
101,-133
-115,-133
-102,-107
137,159
160,170
-138,-122
-197,-207
137,117
-227,-240
158,114
155,157
127,123
-157,-153
-102,100
-132,-135
-112,-112
-298,-340
125,131
-103,109
-202,-200
149,153
-161,-162
126,129
-158,-159
161,167
150,146
-137,-146
112,114
109,112
-312,-329
108,110
115,107
102,112
-183,-153
-165,-159
-236,-230
101,105
113,118
-220,-212
-134,-121
-107,-106
101,100
106,102
-255,-260
-196,-192
-139,-138
134,135
-115,-119
107,103
-130,-132
-122,-116
111,129
-213,-197
-185,-189
-139,-138
115,107
-130,-118
-255,-215
-210,-188
-137,-143
-142,-136
-289,-292
188,203
-272,-264
-139,-134
150,144
-224,-204
-234,-237
-141,-135
-183,-173
-149,-177
-179,-169
-113,-141
-180,-162
-243,-246
-144,-129
-122,-134
168,160
-120,-174
-108,-117
141,143
-160,-157
-211,-226
-272,-280
156,162
-137,-138
-125,-122
104,106
-130,-126
-138,-127
-143,-141
-160,-171
141,143
-197,-195
-151,-149
155,158
-165,-154
-125,-126
-149,-145
-127,-123
-285,-328
-106,-115
102,101
105,112
111,103
-119,-168
-140,-145
-200,-184
-149,-145
-125,-126
-125,-133
100,-126
-118,-127
132,144
-261,-266
-164,-158
159,178
-134,-146
-139,-131
-350,-320
161,142
-172,-190
-125,-148
113,107
161,160
-113,-120
100,100
-130,-125
-151,-148
-116,-104
-160,-162
-114,-108
-114,-108
125,118
102,101
179,176
106,119
199,193
125,128
156,156
-104,-111
109,102
-126,-149
165,172
-180,-186
143,138
165,147
111,112
149,147
126,120
106,110
101,-113
189,195
106,108
107,103
-262,-280
131,134
110,103
-119,-120
108,-102
130,120
126,106
-124,-140
149,147
105,103
-116,-130
130,116
143,162
115,129
140,163
-257,-291
116,-108
-127,-131
134,105
208,218
-136,-150
-101,-124
131,142
-116,-110
-250,-259
154,159
-180,-186
109,115
-150,-188
154,160
-109,101
-158,-174
136,135
-153,-153
107,113
-240,-247
-145,-139
192,207
-147,-178
101,116
-289,-290
143,140
-174,-155
-153,-151
-109,-113
-206,-217
113,108
-159,-148
-200,-198
-108,-113
-226,-256
-104,111
-171,-200
-108,100
-257,-238
-208,-244
106,107
-115,-118
198,205
130,130
-108,-128
-135,-144
-109,102
-132,-128
-119,-128
-177,-177
162,165
141,138
-165,-155
-109,-107
-132,-130
-164,-165
228,228
-247,-255
129,140
-211,-222
-159,-171
-257,-259
-167,-173
-121,-128
-206,-210
-148,-144
-106,112
-155,-166
126,130
-109,-116
217,226
-224,-247
-155,-143
-259,-274
-215,-209
-169,-188
104,103
-111,-119
-144,-127
-118,-109
127,114
-211,-196
-180,-175
-147,-143
-238,-221
115,114
-176,-160
119,123
-204,-190
-231,-237
-123,-130
112,117
-264,-279
-220,-238
-104,-108
-143,-139
-104,-104
-159,-155
-170,-168
108,101
197,195
197,195
-122,-118
176,161
105,106
101,108
-239,-205
145,150
-165,-153
206,205
-120,-116
131,141
109,103
-131,-140
-159,-185
-164,-179
-159,-150
-240,-238
-104,-109
112,118
206,205
190,189
107,105
-139,-138
-257,-284
113,121
-153,-140
-104,-123
-200,-200
-119,-124
-241,-251
150,160
-125,-119
110,118
145,147
-104,-111
113,121
-178,-259
-111,-110
-138,-136
-269,-262
-108,101
-127,-116
-183,-186
120,120
189,197
-213,-260
138,154
-111,-109
126,119
-118,-115
-112,100
-136,-138
166,166
107,-101
133,137
-115,108
130,124
-140,-127
-277,-244
-103,100
105,128
-144,-144
108,114
-345,-369
115,117
-121,-114
119,114
111,113
129,127
118,121
-104,-105
-124,-127
130,118
102,-102
151,159
-142,-137
-104,-105
141,118
109,104
-208,-214
104,-115
158,175
-108,-104
149,198
152,139
-117,-114
-124,-119
-132,-132
149,149
-137,-137
-132,-108
-160,-162
-163,-156
-145,-155
-182,-163
-107,-121
-150,-147
-124,-137
-155,-144
-133,-139
-197,-185
-203,-202
-145,-142
-139,-127
-138,-128
-113,-105
-160,-153
-151,-152
-129,-138
-136,-134
127,120
-124,-119
-126,-123
132,136
-128,-133
-160,-155
-114,-120
-158,-160
-130,-117
115,111
-102,-105
118,117
-109,-109
116,118
-121,-117
-177,-179
-124,-130
-166,-158
-165,-150
-144,-145
-105,103
-105,-119
-105,-109
162,166
-162,-188
-116,-118
-130,-136
-166,-168
-108,-108
132,130
-138,-134
-210,-225
112,112
-156,-152
-162,-152
138,144
-162,-184
-245,-220
-115,-117
-156,-135
-146,-140
112,110
128,118
-108,-108
-125,-128
-223,-217
-126,-115
-222,-225
-120,-126
-134,-132
-156,-164
-130,-126
110,114
126,112
-126,-130
-124,-108
-200,-235
116,104
-124,-134
-164,-184
116,112
-164,-166
-180,-230
-138,-132
100,106
-148,-116
-130,-158
102,122
-102,100
-126,-142
-130,-152
-178,-174
102,104
-120,-118
-164,-174
120,122
-156,-142
-200,-205
-116,-104
-116,-126
-102,-102
102,-122
-148,-148
114,136
-138,-142
-112,-108
-225,-210
-148,-152
188,260
-184,-240
-148,-162
100,102
-148,-156
-118,-110
-133,-155
-136,-138
142,137
-106,-132
-142,-144
-196,-182
-148,-141
184,158
-196,-180
-168,-164
-111,-102
136,132
-120,-120
-156,-149
-156,-154
-167,-167
148,145
-108,-106
-111,-112
-213,-230
-139,-149
-188,-215
-168,-167
103,111
115,112
-145,-137
108,-118
108,-118
-143,-162
-158,-183
162,181
119,125
-113,-121
125,109
-152,-148
-115,-126
-104,-101
-179,-180
-244,-225
148,144
-118,-129
151,164
-265,-293
154,171
-106,-107
-141,-136
-102,-120
125,121
-110,-118
-150,-163
-117,-117
-108,-114
-208,-228
-161,-142
116,120
-112,-118
164,134
-211,-195
140,137
-107,-105
-131,-135
-164,-160
112,102
-146,-157
-121,-132
-101,106
-131,-122
-178,-209
141,131
-106,106
-108,-107
-207,-238
-111,-112
110,-132
-105,-104
-215,-220
-129,-135
-122,-121
-157,-148
134,118
131,127
155,155
-225,-245
-112,-110
-210,-225
-114,-107
-196,-209
108,118
-172,-190
-158,-142
-122,-117
-194,-198
167,165
110,104
113,105
169,156
-217,-234
-141,-125
126,112
-183,-176
-104,-115
-182,-190
134,124
-190,-199
-134,-151
-211,-208
159,155
106,102
114,104
124,-101
-229,-252
-136,-142
-112,-113
-177,-194
-139,-126
118,112
106,115
-200,-164
-225,-220
-108,-108
-119,-129
-153,-162
-127,-127
-133,-140
173,174
-188,-207
-125,-119
-114,-111
154,152
-110,-106
116,114
-125,-120
-190,-188
-106,-110
125,122
-147,-154
128,114
-158,-157
189,192
-185,-211
-132,-129
105,106
105,106
115,114
115,114
110,110
-110,-102
-139,-140
100,-114
-252,-253
-102,102
-132,-140
-178,-191
-121,-140
-108,-108
136,124
-154,-158
-112,-111
-115,-123
119,110
151,136
-125,-129
-192,-213
-145,-133
-107,-113
-157,-160
-144,-139
-255,-250
156,151
-121,-119
107,-110
106,100
-360,-390
104,-102
-102,-122
154,144
-134,-160
-150,-127
-134,-149
-115,-113
-141,-140
-125,-133
-234,-243
128,125
-108,-106
110,103
114,122
-184,-275
104,-104
106,110
-111,-115
-155,-159
-121,-115
-115,-119
-117,-112
-128,-132
-210,-217
118,114
-156,-154
100,-112
103,103
-245,-230
118,119
-139,-140
146,153
146,153
-132,-134
-102,-148
-129,-125
-145,-137
-164,-150
-118,-102
-126,-106
144,130
114,110
-136,-122
-110,-105
-108,-112
-178,-177
-175,-180
-138,-154
-191,-192
122,119
-168,-160
-133,-133
-152,-172
-191,-210
155,161
-119,-135
107,105
-116,104
-108,-114
-271,-380
-126,-121
-126,-135
-175,-165
116,106
165,159
-157,-185
-125,-115
-144,-133
-144,-133
-149,-136
169,151
-155,-161
-112,-134
-127,-106
-144,-158
-313,-276
-124,-126
-112,-119
-244,-238
-116,-105
123,166
123,166
-183,-162
-129,-113
-127,-119
-151,-150
-102,-106
-101,-107
-111,-106
-124,-142
-246,-238
-194,-206
-111,-105
101,108
164,157
108,-103
-220,-215
181,200
100,105
-158,-157
-130,-137
-147,-132
100,-110
-205,-210
-263,-282
134,132
108,108
147,130
-101,-119
114,116
103,-102
-244,-258
148,154
-116,-144
-109,101
-113,-117
-126,-106
-108,-110
-221,-238
-190,-194
120,112
118,119
144,132
-136,-124
-133,-145
-113,100
-225,-270
170,154
108,106
111,126
-258,-283
-210,-211
-111,103
133,129
-154,-130
142,153
111,130
107,109
-164,-166
113,115
-140,-141
-101,100
-126,-121
111,124
-172,-130
103,109
-114,-123
200,193
-104,-103
-275,-280
-202,-267
141,130
-125,-113
-152,-142
-143,-145
-112,-110
111,125
118,102
-134,-136
-120,-103
-111,-106
188,184
205,175
103,100
-175,-188
-176,-159
-116,-130
-124,-130
-130,-135
-106,-102
-130,-146
-117,-136
118,126
-139,-126
-101,-103
-150,-168
182,217
163,126
-126,-146
-180,-191
-169,-147
-148,-164
135,139
-105,-110
118,111
-123,-140
-113,-105
-148,-139
127,131
149,144
-130,-130
124,127
-137,-123
-142,-158
118,113
-163,-162
118,120
-129,-118
-168,-175
-132,-131
122,150
-142,-167
-117,-120
-117,-120
147,156
117,120
108,114
-108,122
-123,-135
-159,-194
152,162
-128,-145
103,-104
108,110
109,-105
-140,-137
165,181
-167,-175
-105,106
176,194
-108,-148
-157,-148
129,124
-202,-190
-108,-114
-160,-161
-127,-136
-111,-117
124,-112
167,185
-145,-142
-290,-295
-163,-181
-157,-178
-139,-152
-154,-168
-124,-116
-111,-108
-110,-112
-113,-116
-177,-207
-118,-108
-117,-109
-102,106
147,152
-120,-108
-171,-173
-191,-219
-178,-165
-123,-127
-160,-165
-169,-167
-177,-189
101,-103
-134,-138
-137,-124
-104,-124
-122,-133
-123,-115
-108,-112
-117,-104
-180,-162
-147,-157
105,-106
-122,-138
-120,-123
-165,-181
120,134
108,118
-126,-126
-133,-152
-110,-121
108,126
-116,-102
-180,-168
-119,-137
-141,-161
-198,-230
123,121
113,115
-260,-335
-136,-137
-115,-108
-114,-101
187,187
-255,-257
-122,-120
-126,-136
-116,-112
110,106
-115,-117
-140,-156
-288,-318
-122,-127
142,142
-126,-137
114,117
-161,-162
-183,-183
152,145
-230,-259
-126,-132
-152,-157
103,105
103,105
-140,-159
100,-108
-268,-248
-126,-115
150,145
-132,-114
103,-104
116,120
-198,-209
-128,-140
-126,-110
112,122
101,102
137,116
-118,-139
139,137
-114,-110
126,112
-130,-154
-145,-136
163,153
-131,-125
132,136
-116,-126
179,170
113,109
118,130
165,165
106,-114
-197,-206
-135,-128
-140,-142
105,-104
-225,-225
125,131
128,129
-118,100
137,138
-172,-166
120,107
144,155
-141,-151
139,129
147,157
-151,-152
-158,-149
127,105
116,131
-225,-203
-121,-113
113,-111
103,105
110,-108
-148,-145
194,168
115,-109
102,-111
136,123
149,150
-151,-128
-123,-122
-106,-101
-150,-147
177,190
-205,-207
107,-115
-136,-136
-109,106
-184,-163
-159,-159
-110,-114
-163,-176
-144,-130
-138,-154
-111,-116
-146,-159
146,162
-293,-277
125,106
103,-102
-157,-154
123,127
-193,-180
-176,-178
110,105
110,105
-117,-120
-187,-187
-115,-108
-147,-188
-143,-137
116,130
-240,-237
-174,-108
-135,-134
-143,-141
108,107
-230,-250
-157,-158
-138,-165
-128,-128
-124,-128
-164,-180
-139,-148
-140,-131
-120,-114
-290,-350
-199,-191
-133,-115
-101,-104
-160,-152
-172,-179
102,-108
-142,-133
-283,-246
-269,-255
104,107
-214,-178
-196,-205
-103,-104
-120,-125
106,103
-132,-127
-210,-211
122,127
-125,-137
-132,-125
108,101
-182,-165
-177,-161
-284,-276
117,110
-211,-179
-177,-186
-166,-175
109,109
-199,-192
-116,-136
-139,-134
-105,-114
-150,-156
-102,116
-186,-209
-236,-217
-292,-306
125,124
-153,-169
-167,-173
-134,-134
-117,-112
-115,-124
-144,-141
-112,-118
-143,-131
145,137
-196,-186
-107,-118
-107,-119
-135,-136
117,127
-215,-245
-111,-104
-199,-214
-120,-120
-123,-115
-123,-115
161,152
-186,-187
-125,-132
129,143
117,119
-161,-166
-131,-125
-147,-155
124,115
-165,-153
-105,-110
-200,-190
-114,-116
107,104
114,107
123,111
-222,-233
-129,-143
124,114
-118,-117
-120,-115
-122,-136
-145,-153
119,116
-271,-303
103,101
-176,-192
-129,-104
110,109
124,113
-183,-183
-196,-198
-118,-115
-145,-147
-105,-106
-107,-102
207,191
108,104
122,113
-102,106
101,106
136,152
156,160
-140,-140
-156,-158
-105,-104
113,104
179,188
139,140
235,212
-138,-134
-177,-183
144,139
-107,-105
-108,-108
-117,-118
141,132
132,132
-138,-143
-137,-141
117,131
-101,-112
199,209
141,125
163,148
-140,-142
-172,-176
150,158
-124,-121
-133,-145
112,114
210,207
152,148
100,-104
-174,-176
-103,-104
120,113
177,174
182,174
141,147
-134,-138
-168,-150
115,113
-110,-128
-173,-186
-162,-168
-114,104
122,110
-131,-158
159,182
-153,-150
-193,-207
-122,-126
-170,-165
-126,-120
183,164
-127,-133
170,174
170,174
120,114
-164,-162
165,161
114,114
-124,-126
188,184
-161,-172
-246,-237
-129,-131
-122,-123
-104,-103
114,108
-173,-167
122,100
-118,-128
116,130
172,182
-153,-141
-153,-141
137,126
-116,-124
156,182
-187,-170
-164,-152
-144,-162
-135,-128
107,111
-148,-149
-117,-120
148,149
-116,-117
-185,-179
-174,-174
-151,-156
119,120
-175,-199
-113,-115
-159,-178
120,118
-287,-314
125,117
-111,-110
-210,-214
-143,-131
-163,-159
-138,-143
-217,-221
-156,-136
-158,-155
-125,-109
-144,-152
-132,-122
-155,-160
-110,-110
-330,-275
109,-116
-126,-129
-146,-135
-138,-145
101,-109
-160,-157
-301,-310
-170,-172
-207,-208
117,115
-144,-138
-106,-107
-315,-320
110,112
-266,-239
-123,-123
-150,-146
-131,-126
-119,-121
-154,-155
-119,-119
-240,-310
-112,-112
-102,100
-101,-106
-190,-185
131,126
-175,-178
-102,100
-129,-130
102,118
136,126
100,-109
169,168
-159,-152
142,139
-162,-163
103,118
-116,-116
-139,-151
115,116
-114,-127
-273,-259
148,142
-115,-113
123,127
-116,-114
-131,-141
-104,-118
-179,-162
139,144
-183,-171
116,115
142,151
-151,-146
116,128
-174,-192
-101,-110
-115,102
136,142
-130,-130
-224,-219
-116,-106
169,149
134,136
-145,-139
-166,-166
-121,-123
195,208
176,183
105,105
-108,-106
-183,-176
-117,-133
107,124
140,142
109,143
114,-102
153,170
106,107
-113,-113
-111,-133
-109,-108
115,115
-136,-116
115,122
-171,-206
-140,-155
100,-116
143,141
-119,-110
140,140
140,141
141,159
126,113
147,157
-113,-121
184,197
146,144
-146,-152
129,124
-178,-165
-130,-132
-114,-111
-147,-138
113,117
115,123
105,107
131,130
-132,-131
-165,-164
116,115
138,122
137,120
-219,-200
105,102
-203,-217
-205,-218
-107,-114
115,100
-133,-132
117,128
-235,-210
-104,-120
-156,-146
-140,-151
-186,-188
-104,-102
-160,-160
123,116
-109,-108
111,-109
151,141
113,120
-180,-164
-107,-110
-169,-170
-234,-240
-115,-115
-221,-221
-149,-153
-219,-227
-101,-123
-163,-162
134,136
-115,-115
-106,-107
109,108
-113,-114
-140,-147
101,-117
-107,100
-160,-114
-191,-194
-236,-271
-183,-185
139,134
-149,-152
105,-105
-110,-109
-177,-185
-164,-174
-129,-151
-136,-135
-147,-151
-104,-114
-180,-170
-151,-167
-151,-146
-114,-117
101,-102
-117,-120
131,135
-125,-134
-215,-212
-183,-183
-118,-119
-118,-121
-122,-122
-142,-135
-114,-132
-128,-131
-201,-228
-111,-117
145,148
-168,-165
155,154
-172,-176
-121,-129
-150,-163
-112,-119
-126,-117
-142,-141
-166,-166
109,131
-201,-199
-201,-199
-129,-144
-243,-269
-157,-163
105,-102
-126,-124
127,125
-131,-134
-116,-115
-173,-171
-125,-118
-125,-135
-180,-750
-177,-186
144,130
-104,114
147,134
-114,-112
-196,-194
-107,-116
102,115
-104,115
118,110
-144,-159
118,115
-147,-136
-158,-182
135,117
123,124
159,174
-117,-135
182,155
-113,-114
-161,-157
148,154
-131,-134
-103,102
-131,-124
-171,-181
156,162
-188,-148
-161,-167
144,132
158,165
174,163
-145,-150
110,100
-105,-107
-126,-117
-136,-138
-113,105
102,-116
145,129
-147,-161
-134,-132
182,182
-105,-122
153,154
-139,-142
-154,-154
114,110
-131,-136
149,129
-107,-102
157,147
-178,-162
140,130
-170,-171
111,107
-124,-125
101,-101
-136,-145
-138,-141
-106,-117
-104,103
-102,-108
-241,-241
146,153
-125,-127
150,152
-366,-382
127,129
-159,-160
103,-110
-140,-135
111,102
105,111
-122,-158
-119,-117
-126,-134
-154,-154
-190,-187
156,154
-105,-103
126,136
-121,-123
-170,-171
113,110
-106,-107
-162,-162
-109,-108
100,-106
105,108
110,104
-206,-180
-159,-167
-124,-135
-232,-247
165,160
-115,-133
120,101
-161,-155
-116,-110
110,115
100,-122
-105,112
126,125
-120,-108
-119,-109
-184,-183
-253,-253
113,110
-122,-121
193,192
-117,-126
-139,-145
109,120
103,-103
107,110
107,110
-126,-116
-184,-182
112,110
-108,100
-124,-142
-225,-205
-172,-188
148,142
-122,-136
159,151
-147,-149
-186,-215
111,110
123,108
-138,-138
-101,-104
-287,-288
138,134
104,-106
265,230
-202,-187
-108,100
104,-111
-156,-182
-126,-124
-121,-127
-109,-128
-215,-214
-102,-108
-132,-127
104,114
105,-105
-114,-137
-147,-152
-127,-112
-170,-213
-148,-173
121,111
-130,-138
-183,-192
106,106
173,164
-252,-240
-104,-114
-112,-114
105,103
-106,105
-111,-107
-131,-128
-148,-161
-144,-136
-200,-183
-104,101
-181,-189
-106,-113
-104,-101
118,-102
-243,-247
-162,-126
-176,-188
-106,-108
-127,-125
-210,-216
-110,-110
-150,-163
-183,-186
-185,-190
-101,104
130,114
146,126
123,123
-114,-109
-105,105
-105,-107
-119,-119
102,-101
-199,-206
-120,-127
145,142
-191,-179
-108,-111
108,102
-201,-210
-130,-138
-182,-187
116,112
-101,106
-139,-158
-112,-146
-121,-119
-103,100
-179,-180
-163,-167
126,116
-180,-200
-105,101
136,152
-188,-215
114,-101
-195,-201
100,-102
-108,101
-118,-108
133,133
-106,-105
-107,-110
-173,-170
-176,-172
134,138
-124,-109
109,-103
125,118
-225,-225
105,111
-123,-120
138,137
-118,-122
-130,-128
-101,107
-135,-136
146,144
-128,-132
-142,-144
-118,-138
-200,-215
160,157
-171,-177
-123,-127
-188,-188
-132,-135
-122,-120
-105,-105
-113,-103
-117,-125
117,117
154,139
-191,-170
-127,-134
136,134
-108,-103
153,138
-126,-123
-148,-162
-141,-148
-106,-119
107,-105
-131,-125
-141,-142
-157,-165
113,114
155,155
-125,-121
-141,-143
-144,-144
-178,-178
116,146
-135,-123
120,121
-137,-141
-164,-155
-109,-115
-111,-117
126,137
133,124
-180,-161
161,189
114,100
106,105
-121,-127
117,122
-136,-154
-133,-136
-178,-157
153,162
-243,-228
127,117
-166,-178
-198,-200
-152,-178
105,105
-114,-117
-138,-140
-138,-140
-153,-146
-137,-143
-139,-133
-185,-185
-150,-144
117,114
-214,-222
128,128
-169,-189
139,140
139,140
-178,-190
-175,-169
103,-113
108,104
-115,-123
-162,-158
-136,-142
106,107
130,138
-183,-175
-136,-120
-181,-196
-213,-233
-134,-126
104,103
-137,-136
-183,-193
123,132
-113,-112
-262,-237
-249,-255
-196,-275
127,124
-138,-139
-135,-145
-162,-167
-167,-159
-102,-102
116,114
-121,-117
-101,-101
-130,-133
-130,-133
-114,-125
-113,-135
-188,-196
-213,-196
-126,-137
142,127
106,105
120,105
-153,-141
131,118
-123,-135
-131,-135
-120,-131
-130,-126
-125,-120
-134,-151
148,144
-225,-240
-225,-200
-145,-144
158,108
-127,-118
144,122
-176,-177
180,140
-139,-136
109,104
-144,-152
111,118
-113,-128
103,-102
-111,-111
147,144
-113,-118
-161,-156
117,118
-119,-122
-216,-227
128,114
-154,-159
-139,-137
-103,101
-131,-118
104,-101
-111,-123
139,141
-129,-138
-151,-159
-118,-122
155,146
-131,-126
-199,-233
152,147
-112,-110
120,117
-121,-134
-121,-134
-107,-108
-156,-173
-102,-127
-109,-112
119,107
-127,-116
-157,-142
-151,-156
133,126
-113,-111
-211,-204
125,118
-111,-104
-124,-126
-135,-137
-164,-173
-156,-154
-122,-122
126,134
-163,-164
113,102
146,132
-156,-130
-149,-147
160,142
112,122
110,105
-150,-135
-104,-112
-130,-125
-137,-127
-151,-150
-174,-172
115,124
-153,-145
128,129
133,152
-136,-149
-111,-111
136,138
-131,-127
-103,-104
102,-105
101,107
-246,-267
-160,-157
-107,-108
138,131
-160,-159
132,116
134,122
-210,-210
-118,-120
135,129
-139,-138
-142,-139
-125,-126
155,134
-101,-113
-257,-234
-103,107
226,174
-144,-126
100,-108
-142,-141
-118,-114
-104,-106
-162,-162
-174,-168
-163,-179
-110,-138
-214,-227
-104,-120
-141,-147
-121,-136
153,166
139,160
104,108
-184,-191
-159,-161
-125,-126
-119,-125
-143,-145
-221,-224
-221,-224
-138,-146
-118,-111
-153,-164
-122,-123
-125,-132
-142,-154
102,103
125,134
-118,-117
104,-102
-166,-170
120,121
105,-101
-147,-143
-200,-182
-215,-130
-114,-107
-189,-205
-134,-143
-164,-176
-120,-130
151,130
-106,114
-101,-102
-149,-130
-114,-111
-103,-114
-133,-125
-114,-107
-126,-120
134,114
140,141
-106,-109
150,152
-115,-116
-149,-141
-149,-141
-156,-167
-174,-174
105,114
-187,-186
115,119
-132,-154
-120,-121
-106,-102
-129,-127
-195,-195
125,118
114,112
173,167
108,100
-206,-196
-159,-157
-232,-248
-154,-108
-206,-192
-126,-134
-122,-115
103,110
109,103
-135,-131
-210,-230
-140,-150
173,205
109,100
-235,-245
-165,-173
-125,-116
137,143
-110,-113
-108,-110
-193,-205
100,-104
100,-108
-110,-109
-173,-175
118,116
140,130
-152,-168
-300,-320
116,118
-134,-156
-110,-115
-101,102
115,114
-104,-104
-227,-239
107,102
-102,-112
-112,-109
-200,-225
-111,-112
148,144
-191,-233
-191,-230
110,107
-146,-144
114,-102
103,102
-129,-131
-112,-110
-233,-233
110,113
-118,-114
103,110
-205,-225
-145,-158
128,127
-227,-265
-275,-293
128,136
-166,-162
128,117
110,113
-107,-109
-144,-133
-232,-230
148,146
100,-109
-101,-106
-172,-200
123,123
-125,-135
-134,-123
107,103
107,103
108,103
128,123
116,112
-143,-140
-191,-197
151,145
-180,-181
118,116
-105,-103
-122,-120
133,131
-101,-112
-125,-131
142,145
129,121
112,116
-113,-116
-130,-140
146,137
-179,-178
-286,-310
-286,-310
125,105
-135,-129
-141,-134
134,134
-103,-110
-103,-110
125,125
-150,-145
108,102
102,-106
-121,-121
-205,-230
-107,-101
-238,-222
150,163
136,131
-129,-128
-107,-124
-110,-109
-133,-143
116,116
-117,-131
-201,-189
-161,-160
-161,-160
-129,-136
110,118
-192,-200
-116,-117
142,142
123,125
-128,-131
131,114
-101,-104
-147,-121
144,116
-127,-126
-231,-231
-150,-149
-150,-149
-112,102
-134,-137
152,160
-106,-111
-132,-112
166,172
210,186
-117,-109
-101,-116
-151,-151
-149,-143
-107,-114
-132,-119
-169,-174
-140,-137
-111,-115
-104,-123
173,177
-258,-248
145,153
118,130
108,116
111,112
-110,-102
-189,-202
-158,-157
-104,104
-106,-104
109,107
119,130
283,299
-124,-120
-215,-300
111,116
-110,-109
-220,-243
-189,-196
-186,-224
-102,-122
104,-101
103,101
-118,-117
-122,-156
-131,-127
247,235
-138,-136
-170,-180
-196,-193
110,111
-112,-127
-134,-131
-166,-161
-172,-213
-106,101
109,-104
-107,-110
128,124
-140,-127
-104,100
201,207
-133,-131
-164,-169
-197,-200
100,103
-109,-112
-262,-246
-184,-184
118,122
117,120
-140,-143
-123,-120
-108,100
126,118
-122,-117
-248,-260
-220,-227
-101,-103
123,144
-178,-197
173,171
144,144
-135,-142
-111,-123
-168,-169
-132,-134
102,103
119,118
129,129
-189,-212
106,109
-181,-182
-126,-125
186,188
-354,-349
201,190
179,177
-120,-120
-157,-159
-119,-117
105,100
103,105
103,-106
142,143
-167,-166
150,145
-193,-191
-120,-120
142,157
-388,-353
-115,-115
179,165
102,100
-178,-179
-126,-127
-184,-154
-138,-154
-229,-228
-151,-153
114,111
-120,-126
172,180
-137,-126
-191,-234
-122,-144
-139,-156
-135,-117
-144,-137
-115,-117
-227,-240
-103,103
102,107
-150,-145
-117,-111
128,131
-149,-157
-193,-190
-123,-105
-153,-142
117,132
-148,-151
-104,-109
-162,-158
-105,-117
-218,-226
-121,-122
114,115
-187,-186
-134,-126
140,139
-164,-180
-188,-184
-137,-139
-149,-147
-102,101
-146,-129
-168,-174
119,111
-149,-158
-139,-143
111,101
-189,-191
-192,-165
-148,-161
-109,-114
-175,-183
-155,-151
-134,-130
-102,-115
120,100
-270,-323
-141,-149
112,114
-191,-193
-131,-127
-132,-140
131,138
-134,-121
105,105
-245,-249
-173,-174
-108,-109
-144,-143
-107,-103
120,108
-271,-308
-144,-136
147,175
-180,-219
101,101
-120,-130
227,201
-106,-124
115,-107
-169,-161
-161,-154
-132,-134
-118,-118
-102,-102
126,130
-252,-253
-135,-137
146,148
-190,-240
-128,-135
-118,-117
125,138
-132,-123
-101,-106
-175,-179
159,167
-111,-119
-130,-122
-112,-108
-164,-187
-118,-116
-105,-113
-119,-132
-119,-132
128,116
-148,-153
183,223
124,128
-146,-164
102,108
-140,-130
-102,101
102,-113
-181,-187
-154,-154
-139,-143
-144,-165
-144,-134
130,121
-143,-130
-111,-105
174,189
109,105
-157,-150
-158,-152
-101,106
115,125
-159,-162
-106,-107
-138,-162
-125,-129
-144,-146
-104,-122
154,138
-141,-132
-121,-121
100,-109
-151,-165
-132,-121
-156,-137
-147,-157
-152,-176
-122,-128
-112,-134
206,238
-139,-124
-116,-120
144,140
-139,-128
-121,-122
-269,-284
-136,-139
-170,-178
-164,-184
138,156
-171,-178
106,103
122,125
-143,-148
114,116
114,116
191,183
118,126
108,100
-154,-161
-113,-117
-140,-134
-137,-166
-165,-160
-142,-139
139,145
-135,-120
-149,-139
146,141
-156,-192
109,117
186,167
114,116
109,113
-122,-136
107,106
-255,-275
-135,-126
-194,-237
-175,-262
134,144
-155,-148
-107,-106
165,165
-144,-150
110,100
147,155
-107,-103
152,159
-105,-104
-205,-211
126,122
-113,-114
-164,-166
-106,-107
137,137
-140,-143
-355,-384
121,125
-109,-115
120,138
-103,-105
113,105
137,138
-117,-121
-136,-149
-111,-105
158,157
105,101
106,105
-303,-310
-386,-350
113,115
-107,-105
100,100
119,115
-200,-183
132,129
-109,-113
-108,-116
122,126
172,180
-129,-126
120,128
-185,-201
-321,-353
-256,-268
-186,-183
132,141
-149,-155
-152,-153
-111,-118
135,123
196,214
140,136
-278,-270
-142,-146
-102,104
-198,-198
140,137
-170,-161
-230,-222
205,235
-140,-141
-135,-136
-165,-157
115,103
-270,-261
-144,-164
-160,-159
-139,-140
109,118
-144,-122
-115,-124
-115,-124
-112,-106
-145,-143
-276,-276
205,221
-143,-143
118,117
-151,-148
128,128
-183,-190
-171,-163
-153,-152
-167,-170
114,117
-209,-184
-151,-147
-105,-112
-185,-201
-261,-278
114,110
-155,-156
-120,-124
-138,-128
137,141
-275,-310
-202,-211
-256,-251
126,115
-266,-252
-229,-184
-167,-177
-177,-166
-187,-184
198,173
-120,-117
-147,-147
142,124
115,112
-129,-127
-103,-122
110,-102
-138,-163
-164,-171
-136,-135
-235,-260
-154,-143
-181,-194
-170,-196
192,198
-107,-133
-135,-171
153,149
109,120
-134,-149
-103,101
-134,-129
-184,-152
-193,-217
-139,-139
-195,-214
-164,-153
-226,-229
-183,-210
212,205
-133,-129
-155,-159
-166,-189
-162,-135
-166,-150
114,120
-157,-187
-242,-249
-242,-281
-138,-132
-139,-135
-141,-128
108,104
104,106
-119,-106
-156,-149
-153,-172
-205,-235
179,193
130,114
126,128
-166,-182
114,121
101,-102
-106,-127
-142,-139
-128,-123
-153,-161
135,144
108,102
-103,-113
-182,-183
-142,-139
147,137
129,124
127,133
-138,-135
143,151
-114,-113
-146,-149
-172,-165
-113,-118
-154,-157
103,-102
-101,-109
-139,-129
-172,-163
-150,-169
172,177
103,-103
117,124
-132,-118
150,128
100,102
-147,-158
124,115
-120,-115
-182,-200
-101,-101
-179,-188
-141,-128
150,146
100,108
-188,-198
103,121
-139,-127
102,119
-133,-155
103,-102
-113,-117
-156,-164
119,128
176,196
-165,-140
-166,-153
135,124
-127,-131
118,128
-152,-144
104,109
-111,-108
-107,-107
-199,-201
109,103
-103,-107
-161,-165
-120,-106
160,176
-142,-132
118,124
140,160
-114,-128
130,120
-170,-177
-152,-159
-105,-131
-101,100
-133,-141
-118,-120
-138,-137
103,110
184,182
-272,-272
-112,101
173,194
-178,-178
-135,-161
-121,-120
-107,108
-109,-111
-250,-279
168,169
-105,115
112,121
179,189
-235,-252
-176,-194
-238,-239
-122,-124
-158,-160
104,107
-158,-151
-115,103
-129,-141
119,114
-275,-290
156,161
-119,-107
-112,-105
220,230
-262,-274
-147,-140
-217,-218
-118,-117
-132,-129
-132,-129
110,124
-141,-124
-117,-124
-294,-332
157,156
128,122
-114,-133
171,169
-348,-378
-101,-106
-258,-255
106,-106
-189,-201
120,125
120,125
-132,-122
-113,-114
-178,-225
-150,-122
-160,-183
148,178
-125,-123
127,136
100,-128
107,106
-153,-156
-231,-248
-112,-116
-131,-124
-172,-179
106,104
-157,-189
108,-102
-140,-144
-132,-151
107,120
-132,-127
-180,-170
-182,-213
104,-118
-144,-122
-186,-186
-126,-142
119,135
-115,-126
113,112
-154,-265
102,109
-212,-258
155,153
108,105
101,-113
-142,-164
-245,-244
-119,103
-151,-149
105,-105
110,117
168,157
-206,-222
-167,-173
-127,-134
-165,-158
-152,-138
106,102
137,150
-185,-200
161,149
-117,-113
-124,-127
-129,-113
-173,-178
-120,-125
180,180
-166,-174
-132,-147
-164,-130
-128,-133
-116,-118
100,-107
128,131
-207,-203
204,210
-115,-153
-119,-127
-116,-111
-195,-228
-178,-216
145,126
-112,-112
-171,-182
-116,-119
-177,-167
-122,-121
108,126
135,131
-227,-228
130,138
108,-102
-102,108
-239,-204
-174,-211
-149,-139
-149,-139
-159,-185
-138,-139
-160,-132
-144,-138
-122,-113
-104,-114
-155,-147
-172,-169
-127,-124
-178,-166
-133,-135
-142,-130
-194,-201
-149,-135
-137,-148
115,113
-142,-151
-101,103
-148,-143
101,-116
-142,-127
-105,101
100,105
110,111
135,135
-140,-145
111,101
-148,-152
-137,-150
-157,-160
-162,-159
-101,-102
125,119
100,-102
119,116
-102,111
106,115
-140,-150
-127,-113
-137,-132
-151,-142
-130,-135
-142,-139
130,120
122,118
104,116
-152,-166
-164,-168
-104,-104
-124,-120
-116,108
126,168
144,132
102,-116
-164,-156
-130,-172
-132,-118
-118,-106
134,124
-130,-118
-148,-134
-124,-134
-154,-144
-190,-210
122,122
-126,-126
106,-102
-215,-205
120,126
-144,-166
108,-104
-126,-116
-120,-122
-134,-122
-122,-122
-184,-196
136,136
122,130
-118,-126
-190,-198
-162,-168
114,104
-116,-118
-110,-116
-174,-205
-136,-130
-130,-122
-205,-170
108,-104
106,-142
108,106
-136,-148
-200,-180
-120,-142
134,118
108,108
-124,-120
-126,-130
-215,-210
112,122
-260,-340
-126,-156
-118,-112
-130,-126
134,158
-172,-205
-166,-188
144,156
-108,110
-142,-146
-174,-188
-180,-178
-122,-126
-120,-124
-108,114
152,138
-152,-158
-108,108
-154,-164
121,120
-130,-142
112,130
118,126
114,106
-106,-116
-215,-225
-154,-142
160,164
-174,-166
-176,-171
-105,-118
-142,-115
107,102
-128,-135
174,179
-321,-306
107,112
-149,-138
-121,-131
-116,-126
-210,-205
-114,-115
-114,-119
-102,-152
103,101
-116,-124
-126,-122
-107,104
106,-104
128,139
-242,-241
117,115
-164,-167
142,149
-122,-113
-225,-221
-125,-125
-121,-115
136,131
-173,-176
-115,-122
-123,-122
-111,-108
106,-109
-223,-223
-116,-131
-104,-106
136,138
-115,-112
-226,-242
116,117
-110,-109
-101,-105
-144,-141
-105,-108
106,134
-101,-102
-111,-112
146,148
156,157
-130,-139
-115,-111
-180,-164
115,108
-138,-142
-115,-111
-156,-155
-153,-164
-127,-121
-114,-111
-119,-122
130,133
110,100
-255,-264
176,157
143,131
-127,-123
143,142
114,114
119,114
-127,-131
-135,-123
-111,-114
-146,-162
-195,-187
-160,-164
-210,-216
-106,-113
-267,-265
-134,-138
150,152
-160,-170
-141,-146
121,131
-116,-113
-118,-136
118,129
-164,-173
-124,-118
132,131
-102,-103
101,101
-199,-199
-183,-161
136,162
-133,-145
-137,-141
100,108
-120,-110
-118,-127
-216,-233
-131,-116
-124,-140
-202,-170
111,113
117,111
-195,-197
-116,-118
-138,-152
113,-101
149,143
-119,-139
-141,-136
104,-104
-133,-135
-165,-169
-136,-122
-135,-139
-174,-172
116,112
148,164
-125,-158
136,141
-166,-165
-152,-164
-162,-163
-130,-127
-146,-134
-131,-132
-120,-124
-143,-130
-122,-116
-154,-159
-230,-232
-250,-230
-112,-111
119,129
-120,-141
-118,-107
162,146
129,134
203,205
-117,-114
106,146
118,125
-180,-175
-128,-131
-145,-140
-110,-108
-205,-194
103,109
133,145
-114,-109
-107,-101
-289,-292
-135,-135
-123,-114
-292,-270
139,134
-117,-119
-101,-104
110,125
139,136
-103,-106
-103,-102
-203,-248
-151,-157
-129,-122
-105,-101
-144,-146
143,145
-126,-125
-310,-330
-118,-102
113,115
100,-108
-104,-110
134,138
100,-152
-145,-139
112,104
-129,-127
-106,-120
-162,-156
-121,-123
126,126
112,-103
-128,-132
-180,-198
-141,-140
-147,-150
-103,-111
136,116
-122,-125
-144,-152
132,135
-106,-134
136,136
-155,-180
124,110
-103,-103
-146,-162
-162,-210
115,110
105,107
-112,-123
-202,-219
-196,-218
-163,-160
129,129
-139,-154
124,128
122,121
-109,-110
-201,-215
-119,-137
-162,-166
-122,-120
-180,-191
-110,-117
111,106
103,110
-106,-124
-309,-332
-121,-123
-190,-230
-101,-108
140,139
100,-109
-135,-138
-108,-113
-102,-134
140,156
-101,-104
-114,-110
-142,-135
-271,-272
-210,-211
-297,-307
-113,-110
-162,-205
100,-109
-119,-129
-129,-133
115,113
-138,-142
108,-101
-130,-133
-188,-213
-270,-275
-137,-146
-189,-169
-165,-178
-121,-115
-225,-247
-239,-243
105,103
-101,-119
104,100
105,100
-118,-128
126,123
120,118
-126,-120
-188,-138
-104,-113
-133,-139
-157,-148
-104,-108
-240,-260
-127,-126
105,105
124,128
-108,-126
150,150
-137,-134
-101,-101
-159,-159
-149,-149
-132,-135
-225,-207
-225,-271
-138,-151
129,123
-108,-118
-130,-164
-225,-271
-175,-168
-108,-125
-136,-139
-257,-283
-207,-221
118,112
-235,-250
104,115
-138,-152
155,167
-127,-135
-125,-140
-194,-201
102,102
-218,-223
-125,-133
-132,-134
170,183
-113,-119
-261,-260
-147,-144
-220,-209
-121,-126
118,119
-119,-127
100,-104
156,166
-101,101
100,-104
-119,-127
-166,-142
-164,-169
-321,-322
-109,-105
101,109
130,138
-215,-188
-108,-105
-127,-132
121,124
126,133
-190,-240
-184,-187
-109,106
-111,-123
-184,-187
-312,-283
149,150
140,151
-120,-118
102,117
-118,-118
-108,-119
-103,-106
177,183
-171,-215
-205,-198
-190,-205
-115,-111
201,220
112,105
121,120
-146,-152
-144,-127
-140,-127
-179,-182
120,146
127,134
224,227
-144,-133
-140,-131
-148,-145
-295,-330
-138,-120
142,132
149,155
-188,-162
-106,-106
100,-119
110,-106
105,-102
-216,-250
-142,-135
-142,-135
156,139
-105,101
-152,-123
-160,-161
-239,-266
-172,-170
-145,-124
100,132
-155,-157
-114,104
-111,112
210,187
105,110
-141,-170
-263,-268
102,115
103,104
166,162
-154,-157
-171,-198
-241,-226
-104,-116
138,117
118,112
156,156
-140,-138
-144,-150
-106,-117
224,190
161,175
-276,-284
114,110
-102,103
-109,-109
-110,-113
-172,-220
-120,-123
-115,-135
-177,-183
-116,-116
-353,-372
160,156
-108,-108
-170,-172
130,147
-101,-101
184,126
-104,104
-174,-156
-108,-103
-136,-148
125,118
112,-107
-123,-141
-191,-196
130,147
-131,-118
-102,103
-102,-116
-106,-106
-227,-218
-145,-170
-150,-158
180,202
-143,-124
-116,-123
-108,-104
105,108
-160,-146
-165,-161
101,100
-118,-118
-106,-111
-213,-239
-209,-216
228,190
105,104
124,123
-102,-124
105,108
114,102
120,121
-129,-135
-214,-207
151,147
108,101
112,116
-170,-170
210,197
-126,-134
-178,-169
-159,-162
125,144
-106,-105
-113,-117
126,141
116,117
-192,-203
160,142
129,136
-143,-148
-146,-163
-239,-223
160,142
-129,-135
125,124
-114,-115
-172,-187
106,-106
131,125
-108,104
171,159
133,137
-107,103
-253,-284
108,103
128,131
-153,-130
101,101
-125,-135
136,138
127,125
-106,102
-105,-119
191,206
-110,-109
-105,-109
-128,-119
-101,101
-120,-113
-152,-170
111,112
137,129
-106,111
-105,107
256,267
-135,-150
127,133
-170,-167
126,130
-151,-137
-145,-138
-144,-127
-125,-127
125,118
186,193
-129,-123
-107,-110
151,145
-109,109
122,134
-217,-215
-112,-122
-284,-248
-131,-158
-107,104
-242,-258
-179,-169
-167,-182
117,103
125,127
100,103
-132,-131
-200,-216
-220,-213
-123,-138
-245,-242
-221,-189
-104,-128
-218,-205
-247,-223
-124,-129
-194,-205
-182,-183
104,103
-111,105
-266,-285
-207,-221
-273,-251
-124,-126
-196,-215
-179,-178
-152,-154
-114,-124
-127,-124
-206,-235
-218,-186
-162,-185
-179,-178
-114,-124
-190,-194
-128,-127
-123,-126
-220,-227
-172,-159
-198,-280
-197,-196
-173,-186
-144,-170
-405,-440
-103,102
-288,-294
-205,-225
-148,-143
112,107
112,112
-128,-143
-221,-221
102,102
-124,-117
-109,-108
-177,-180
-129,-155
-270,-297
-134,-116
108,105
-235,-225
-118,-110
118,114
-323,-356
-125,-135
135,129
-144,-146
108,108
-110,-114
-265,-312
-106,102
-164,-174
-218,-223
-147,-146
-140,-141
104,101
-301,-285
-120,-124
-273,-254
-196,-175
-118,-128
116,108
148,141
-159,-157
-116,-106
213,201
-126,-130
-135,-154
-129,-133
116,104
182,163
-133,-137
103,103
-116,-120
-132,-108
-158,-166
157,134.13
-130,-134
-219,-225
166,157
160,147
241,234
-163,-165
-125,-119
110,110
144,152
119,127
-104,-146
-191,-211
123,125
112,117
-200,-220
199,174
-134,-146
-116,-103
-112,-130
-159,-147
-140,-152
128,128
-136,-141
140,145
128,127
113,111
-108,-110
-152,-158
-128,-132
106,-104
-101,105
253,239
-151,-145
136,137
-120,-123
102,116
116,103
-148,-158
-157,-182
-125,-116
-107,-113
242,246
173,202
166,160
-117,-123
-111,-107
-101,-113
-135,-129
100,108
-164,-172
-115,-114
-178,-213
265,264
152,147
-111,-118
-104,104
-117,-124
-116,-113
-102,-103
102,101
139,140
116,134
-109,-103
-109,-106
-130,-143
108,-156
-102,-103
146,189
-123,-125
-124,-106
250,236
-115,-111
-130,-111
111,120
-112,-106
122,142
112,105
140,126
101,125
-224,-294
-132,-145
-127,-126
-144,-152
-304,-316
-265,-269
-128,-127
-114,-110
-187,-187
-117,-110
148,176
141,152
147,160
-108,-106
101,-103
-144,-140
-160,-165
-150,-161
-243,-258
171,180
109,108
100,-106
-104,-103
-260,-268
-117,-118
-320,-289
-207,-227
112,115
103,108
110,105
-168,-136
-158,-154
148,145
-126,-130
-198,-226
-344,-348
-109,-126
-101,104
-125,-134
-148,-145
-240,-231
-111,-106
126,146
-116,-110
-105,-113
-145,-157
-106,-110
-142,-155
-145,-157
-191,-179
106,120
128,115
-210,-215
107,105
-153,-157
-137,-152
-157,-148
-154,-118
-169,-179
151,141
-306,-294
-157,-170
-235,-210
-137,-137
-212,-209
-117,-124
166,163
-105,102
-188,-185
134,132
-115,109
-183,-174
-382,-328
-154,-144
-185,-175
-176,-161
-164,-215
152,125
-175,-179
-154,-154
-175,-161
-232,-214
-136,-121
-140,-146
-171,-174
-163,-198
-158,-136
-185,-244
-375,-390
-153,-151
-168,-154
111,103
-190,-155
119,-103
142,137
-148,-135
-111,-106
-189,-198
179,218
-162,-156
-172,-171
-138,-138
-146,-158
-141,-144
162,176
135,123
-138,-145
130,102
-133,-145
-146,-162
-199,-197
125,118
-167,-164
-132,-146
-125,-127
-131,-155
-143,-140
162,168
-105,104
116,148
-117,-102
-149,-122
-115,-127
120,114
-128,-131
122,123
-106,-110
-149,-149
-183,-179
-164,-167
-142,-143
-143,-124
130,124
-126,-122
134,143
-113,-107
193,170
-122,-121
152,182
103,-101
-161,-150
-122,-121
-264,-263
114,103
120,109
-136,-121
275,220
-139,-145
131,118
117,126
-119,-113
124,112
114,116
103,101
107,-102
-138,-132
-189,-185
-193,-185
-110,-145
-164,-134
106,108
-101,-114
169,166
138,147
236,238
-103,-104
136,122
157,120
121,101
105,103
153,145
-140,-148
107,-103
130,132
225,233
-165,-179
-150,-176
104,117
124,105
114,111
130,-120
-148,-135
-240,-200
-207,-233
-115,-122
-109,-119
118,-111
109,108
-118,-125
133,148
-140,-133
-165,-148
-122,-118
108,112
-174,-158
-120,-117
-109,-102
-121,-119
-103,-114
-125,-137
-108,-120
190,174
-140,-162
-105,-111
-133,-148
-164,-166
110,120
-105,-104
-147,-141
-103,103
176,172
-128,-127
-134,-148
137,140
-130,-131
174,162
-111,-112
112,111
-162,-165
113,111
-145,-157
-106,-105
131,171
-253,-267
-138,-142
-107,-123
-117,-136
104,114
-156,-145
175,171
136,110
167,173
-193,-196
-203,-198
-220,-255
-108,-107
-128,-131
-170,-184
-190,-172
-145,-157
-111,-105
-111,109
-156,-155
-146,-156
-110,-101
-112,-101
-298,-350
-140,-131
-126,-132
-176,-175
-172,-170
-130,-134
-316,-287
-153,-151
-105,-102
-148,-152
-117,-128
-227,-215
-134,-126
-158,-162
156,150
-178,-179
-132,-134
-147,-141
-320,-330
-128,-128
-126,-134
-190,-162
-124,-107
-119,-115
-150,-143
-166,-136
-188,-196
-157,-159
162,157
-136,-110
-150,-146
-163,-152
-500,-320
-176,-181
-101,-101
-105,-107
119,101
-165,-165
-183,-189
-166,-152
-152,-162
117,113
-123,-118
118,104
-208,-209
-134,-139
-160,-146
-202,-192
-227,-233
-110,-103
-116,-117
-117,-124
-188,-180
156,152
-153,-147
-136,-140
107,112
-129,-153
144,157
-162,-198
117,121
-145,-149
-108,-112
-115,-117
160,152
-222,-245
-178,-194
-132,-122
-163,-179
120,128
-254,-235
-113,-125
129,126
-151,-165
-129,-132
132,116
-136,-159
-263,-287
-121,-123
-299,-348
-108,-109
-127,-133
132,116
-299,-348
-123,-126
-150,-165
-188,-182
142,143
106,110
160,137
-109,-101
162,170
-141,-137
-151,-146
-190,-200
-136,-132
-174,-177
-279,-305
122,126
186,166
114,119
-126,-129
-146,-142
-117,-123
-187,-185
-248,-271
-116,-117
-192,-198
-164,-158
-130,-129
-103,-106
-157,-162
-107,108
139,139
-156,-157
102,-119
106,-103
-244,-239
174,144
109,-106
-162,-136
118,139
109,112
-109,-111
-111,-116
-194,-209
104,100
-194,-182
-106,-103
106,109
-167,-176
115,112
122,125
102,108
-188,-164
-102,108
121,121
-122,-127
-165,-164
-161,-171
-101,-101
-200,-203
-106,-103
146,145
-149,-146
-127,-140
231,216
-132,-110
138,100
120,116
146,136
-304,-323
124,116
-217,-222
123,145
268,265
112,116
-144,-130
-105,101
-124,-124
-120,-114
134,131
132,137
184,179
-102,-118
-147,-135
126,132
-154,-177
247,241
-181,-168
121,117
-143,-144
-158,-154
-108,-114
108,106
-135,-135
-133,-130
-157,-163
-176,-160
-121,-131
134,139
-109,-115
-245,-246
135,135
-213,-200
103,104
119,120
-176,-176
117,104
-113,-120
114,112
114,114
-118,-107
-143,-155
140,139
-114,-115
-241,-294
108,109
104,107
-132,-148
126,120
-275,-284
139,145
-148,-148
-116,-117
-115,-111
-148,-157
-229,-242
108,103
-185,-166
117,108
-132,-122
-203,-204
-142,-126
-103,-103
-103,-108
133,135
-130,-128
125,121
-257,-285
-159,-154
-112,-112
117,131
100,-103
125,121
-166,-172
-150,-141
106,-113
-164,-169
-210,-265
-128,-117
-307,-317
-134,-129
-176,-180
148,142
138,129
-151,-163
-170,-190
-158,-149
137,126
-114,-114
-189,-191
-175,-157
135,135
-156,-158
-304,-325
-136,-150
216,238
-138,-137
-193,-194
112,113
-102,104
114,120
108,105
-123,-114
-130,-130
-121,-143
135,135
-123,-114
-102,104
-117,-124
-271,-258
103,103
-148,-149
124,120
-142,-134
117,120
-151,-149
103,102
161,163
-170,-171
-178,-170
-101,-105
-154,-137
114,107
-103,-101
100,100
-132,-146
-108,-116
-109,-111
106,107
-108,-115
-173,-180
111,122
-145,-150
-144,-153
-118,-120
-159,-162
151,156
-108,101
-150,-156
102,-118
-185,-192
-113,-137
-165,-175
-141,-132
-126,-158
123,120
116,121
122,123
-106,-112
-184,-181
-134,-134
-112,-119
220,200
-186,-175
-103,105
194,136
-234,-226
-130,-192
-213,-226
-109,-124
-145,-150
104,-118
194,198
115,122
116,119
119,121
-130,-115
-134,-130
-140,-140
-129,-134
-217,-234
107,102
142,142
105,-110
-131,-140
-142,-157
-124,-124
177,171
105,-110
113,117
-210,-226
-195,-199
104,-104
-130,-129
-120,-118
-280,-262
-113,-121
109,108
-140,-155
116,114
105,-103
123,119
-102,-111
-144,-155
141,128
-105,120
-179,-174
-128,-142
-282,-307
-138,-134
-133,-139
-130,-154
133,163
105,103
-108,-108
120,120
102,-103
-139,-137
-162,-154
103,103
-107,-119
120,120
141,136
-123,-125
102,101
-113,-111
-130,-134
-201,-203
104,-109
114,114
148,139
-198,-172
-120,-117
-111,-106
-132,-137
-239,-232
-242,-264
102,101
137,149
136,137
-115,-120
124,127
100,105
-135,-135
-259,-265
102,112
-115,-108
131,116
-280,-274
-163,-162
-153,-144
-186,-172
-113,103
-132,-152
-104,-124
122,111
116,118
-154,-235
124,123
121,125
-101,-109
-125,-123
-227,-263
115,-105
-129,-128
-233,-221
-117,-143
-120,-113
-107,-102
-130,-143
-123,-104
-129,-130
147,147
-183,-189
-124,-121
-215,-260
-152,-148
-137,-133
102,100
-122,-121
-172,-184
129,131
-102,-146
153,178
107,115
-135,-116
-123,-132
-105,-115
-126,-119
-132,-123
129,117
-166,-166
111,103
102,121
-116,-119
-143,-143
112,110
-135,-124
-132,-148
-147,-165
-137,-135
203,217
178,157
-130,-142
120,122
-120,-116
112,104
-172,-152
-109,-111
108,107
-123,-122
-119,-104
-146,-133
-121,-125
-158,-183
137,159
-131,-137
-117,-115
-218,-201
-125,-133
-172,-165
-127,-137
-204,-228
120,112
-134,-144
102,101
-131,-135
-118,-126
-120,-132
-208,-186
105,-101
125,125
-207,-206
116,117
-189,-168
-121,-116
-240,-255
-218,-221
139,148
-124,-118
-161,-156
-150,-152
-112,-114
-198,-207
-127,-109
111,110
124,125
160,163
114,116
-199,-216
-142,-155
-118,-126
-132,-140
-180,-178
-119,-126
129,126
-140,-152
-164,-149
-144,-137
-113,-113
-125,-135
-146,-145
-120,-145
-133,-138
113,108.09
112,116
-134,-124
-210,-210
-145,-143
-159,-149
104,-111
-106,-107
100,-105
-146,-158
-106,-116
154,161
-193,-183
-108,-105
-106,-114
-178,-175
-143,-132
-106,101
165,158
122,119
-152,-148
-225,-231
-134,-158
-256,-232
-120,-111
116,121
116,128
-185,-174
-106,-114
118,108
-125,-133
-126,-133
147,151
-154,-140
-157,-161
-120,-121
-114,-116
102,-108
101,100
-153,-145
-196,-196
-113,-112
116,117
147,159
108,121
177,190
-124,-127
-107,-113
-103,-106
-122,-136
102,-103
-105,-102
138,127
-265,-266
-244,-234
-126,-121
147,146
191,192
-128,-125
-162,-161
102,-102
-122,-133
-157,-147
113,110
-184,-173
-131,-118
-194,-174
156,155
-134,-148
-112,110
-130,-126
-125,-124
-125,-117
138,135
-125,-117
-120,-120
130,129
-101,-109
112,110
-201,-198
-141,-125
-115,-120
-121,-113
-112,-103
-127,-134
122,118
-124,-130
143,141
-175,-165
-116,-115
-155,-164
109,107
-155,-178
-184,-180
-178,-182
-149,-147
-117,-118
-149,-147
-130,-126
136,128
113,-101
119,121
-149,-146
-133,-131
112,108
-117,-119
148,128
-135,-132
-140,-140
-102,-146
-143,-128
-110,-114
-136,-136
106,100
-208,-222
162,161
191,211
-154,-143
107,100
-111,-131
-110,-117
-200,-225
103,-116
108,-130
127,123
-173,-190
-128,-123
133,138
-156,-149
-173,-179
149,140
-188,-180
100,-106
-162,235
-137,-138
147,125
111,110
-124,-125
-180,-172
125,121
181,191
120,110
-152,-172
-123,-128
-175,-191
-193,-187
-154,-170
112,102
-148,-166
123,119
-119,-116
116,105
158,164
-124,-120
-231,-235
-180,-166
-178,-184
-136,-132
-104,-102
-153,-156
-245,-250
-125,-126
120,122
-133,-129
126,126
206,214
130,116
-201,-206
-247,-251
105,108
137,125
118,112
-170,-171
-132,-122
-112,-106
110,122
-167,-161
-128,-126
-134,-138
-194,-197
-275,-271
120,126
-165,-147
100,117
-163,-158
116,110
-161,-157
-128,-135
-120,-119
-232,-204
136,151
-127,-133
-135,-136
109,107
-101,-118
-274,-264
125,123
116,108
-103,-111
-157,-159
-120,-145
-127,-135
-155,-147
-211,-221
-129,-123
-109,-113
103,-104
-126,-130
112,122
-108,-103
103,101
100,-116
-104,110
-104,-103
-104,-103
-172,-172
-132,-142
-175,-170
-149,-155
-247,-263
108,119
109,-105
-200,-211
114,112
-113,-105
138,148
-104,-105
-125,-128
-126,-120
-172,-175
154,138
-122,-128
114,128
144,310
-203,-194
-143,-151
-160,-157
-194,-174
-107,-105
-168,-168
-118,-130
-110,-106
142,148
-142,-147
-109,-113
-124,-126
-108,-103
-185,-186
-127,-132
-137,-136
144,255
-218,-205
-171,-187
153,131
134,121
-124,-126
-145,-140
132,126
117,130
176,163
-152,-146
124,133
-242,-237
-194,-185
-125,-127
-225,-208
-164,-165
-137,-139
125,119
110,108
-130,-131
154,152
173,156
176,171
-115,-117
100,105
-184,-169
114,107
-138,-136
-167,-171
-125,-108
171,169
120,124
113,111
-208,-202
103,-107
-104,-102
-119,-124
-195,-180
-110,-113
165,166
126,118
-155,-158
-125,101
-150,-135
125,126
162,150
-101,-103
-127,-120
-110,-120
-219,-212
-113,-106
120,107
-130,-138
-150,-164
-169,-171
124,128
-104,-104
-131,-138
133,134
103,-104
106,102
112,124
-150,-161
-158,-131
-180,-179
-135,-114
-108,-110
109,107
175,169
-120,-119
-116,-113
-238,-246
-105,103
-109,-115
-144,-136
-139,-135
-105,-117
-129,-114
-142,-156
240,249
-111,-108
-118,-115
-196,-206
-130,-114
-224,-170
121,118
235,202
-108,-113
-133,-152
-106,-102
-133,-149
118,120
173,159
130,123
-176,-181
-138,-141
-161,-152
-128,-135
-158,-153
-133,-149
-130,-120
-144,-138
-120,-120
152,144
266,232
140,136
-138,-138
103,104
-116,-109
-117,-133
110,-142
-182,-170
-119,-110
104,104
103,105
-183,-175
201,184
118,117
-131,-135
107,-104
-136,-137
-116,-112
-118,-111
-134,-130
-156,-175
-130,-131
106,106
-185,-229
-204,-213
118,119
126,110
-148,-153
-108,-107
-116,-107
136,138
-179,-197
-179,-194
-141,-150
118,122
127,132
100,-106
-163,-153
-136,-129
100,100
-117,-122
-118,-119
108,102
106,102
-248,-237
-111,-113
122,128
-174,-176
-164,-174
-107,105
135,118
-123,-141
116,100
-129,-130
-131,-122
-330,-310
-115,-123
-130,-130
-264,-241
120,114
-140,-144
-156,-165
117,120
-123,-125
165,185
-169,-182
-172,-172
-141,-132
-129,-121
-137,-135
-225,-217
115,112
125,124
102,112
-144,-120
104,103
117,121
-174,-180
-109,-106
121,136
-111,-118
-127,-119
109,110
-163,-194
112,107
-118,-108
100,-106
-152,-164
-325,-349
-171,-188
-102,100
112,114
110,112
-136,-140
-181,-165
-150,-159
117,116
-149,-151
-178,-179
-162,-164
116,107
-252,-263
-284,-304
-152,-136
118,118
144,134
-111,-106
-149,-147
-115,-111
-230,-231
166,155
-243,-255
-173,-164
177,171
-139,-145
-187,-208
-140,-142
-117,-109
116,106
196,188
-159,-150
191,194
128,129
-130,-136
140,135
-152,-172
-108,-118
-132,-136
-179,-193
102,-102
-217,-198
112,110
137,137
179,178
-132,-127
-116,102
195,173
136,135
-157,-154
-135,-136
-162,-173
-139,-141
126,136
-167,-184
-133,-141
126,128
-212,-220
-156,-153
211,228
149,151
-116,-122
162,154
-116,100
-170,-169
-141,-130
-168,-190
128,123
-103,100
-156,-156
122,134
-150,-158
-146,-140
-148,-157
-124,-112
-146,-164
-148,-150
-102,108
-196,-188
-117,108
-105,-105
-137,-136
-115,-119
-184,-235
-109,-106
-112,-123
100,101
-142,-134
100,103
192,191
-163,-163
-178,-168
101,112
114,112
-102,110
-252,-243
145,160
-160,-172
-158,-164
177,164
-120,-124
-175,-161
-104,-104
-108,102
111,127
-142,-138
-143,-144
139,135
125,112
136,154
102,100
144,139
-155,-159
-123,-107
108,-104
-150,-136
-145,-146
124,124
184,185
-147,-144
-117,-113
-125,-122
117,116
-111,-120
104,103
-118,-162
-179,-180
124,112
141,151
-207,-211
233,217
-126,-113
-130,-118
107,108
-113,-127
167,161
-115,-113
140,150
108,113
-305,-282
-130,-133
113,102
-135,-136
116,118
-255,-240
125,133
132,119
-125,-114
110,101
-105,-113
-144,-129
188,224
115,124
140,114
-188,-177
-147,-162
-125,-109
-160,-175
-174,-168
108,116
144,133
-116,-107
-112,-118
-175,-178
-219,-229
113,105
102,107
-136,-126
-335,-356
-125,-116
147,136
-118,-113
-101,103
-109,-112
110,110
-298,-331
108,-103
-190,-177
-192,-178
-148,-143
-140,-136
-105,-101
108,-108
-116,-119
-152,-147
-149,-144
-108,-104
-127,-104
-125,-126
-212,-204
-118,-123
107,109
-154,-112
-137,-136
122,118
108,100
-318,-348
-168,-159
-102,-110
-159,-158
-158,-149
-138,-156
-147,-140
134,134
-153,-152
118,111
-226,-256
-111,-122
-143,-162
-154,-160
-135,-131
-128,-110
-126,-120
-179,-169
140,137
-104,-106
-153,-151
-128,-128
-132,-142
-135,-137
-184,-179
-247,-261
-111,-115
-106,-106
112,-134
-139,-139
113,100
165,174
110,-115
-213,-238
-107,-102
-136,-124
-109,-102
-155,-171
107,108
-337,-310
-141,-137
-164,-174
122,138
119,118
113,116
-163,-159
-150,-157
-208,-210
-107,106
-156,-155
-190,-265
-321,-287
-119,-117
116,118
-169,-183
-102,-102
123,115
-141,-151
-164,-143
116,115
-149,-144
-163,-165
-123,-127
-120,-120
-108,-102
166,165
124,123
132,144
108,-102
116,104
-123,-124
125,123
-126,-2200
-257,-256
-133,-125
136,140
106,107
104,104
122,121
-134,-129
-119,-117
-106,-108
-109,-107
164,158
-131,-119
-154,-146
164,158
138,139
-109,-116
-140,-146
103,102
145,139
107,106
131,126
131,122
-109,-127
-106,-123
112,118
-191,-231
117,132
-138,-131
-165,-155
109,107
150,149
-154,-163
105,103
-221,-243
-206,-225
-133,-140
165,177
-150,-138
-138,-142
-148,-146
118,107
-119,-118
-159,-173
-200,-204
127,120
119,120
-106,-101
-106,101
158,169
106,106
103,100
116,-104
-114,-116
107,104
-220,-245
112,110
-151,-138
-115,-113
121,126
122,116
-110,-107
-112,-112
-105,-102
100,-109
147,155
-253,-278
-110,-106
171,167
-113,-119
-115,-113
123,116
-124,-117
-178,-235
121,131
107,111
113,115
116,112
-102,-109
-110,-116
154,156
115,112
-264,-254
-113,-113
-115,-119
118,117
-139,-142
-253,-256
-113,-101
134,140
103,-107
-106,-108
-132,-132
-186,-199
-295,-295
138,148
-112,102
-228,-200
-247,-221
-156,-147
133,139
-183,-183
105,-110
-152,-166
-185,-170
132,124
-284,-291
115,119
-124,-104
-114,106
-129,-136
-342,-352
-176,-182
-154,-149
-111,-125
-115,-115
-119,-128
-115,-112
111,110
-102,111
-270,-289
102,102
-144,-135
-294,-306
152,142
-154,-138
-102,104
-151,-146
-137,-151
-160,-160
113,104
-124,-123
-231,-233
-173,-180
-122,-148
122,117
-132,-125
-163,-159
112,112
120,120
-144,-133
-154,-150
-148,-141
-180,-181
-154,-153
-114,-116
-219,-227
-127,-125
-135,-156
-134,-120
-114,-115
124,125
-167,-164
-124,-115
-141,-143
-156,-158
-114,-108
117,119
-218,-224
-195,-236
-168,-172
109,102
-122,-135
-290,-288
120,126
110,119
-186,-158
-210,-235
-164,-162
-114,-111
-142,-129
-189,-186
-153,-133
111,125
-220,-210
108,-106
-122,-130
-190,-192
143,147
-131,-126
-115,-115
-262,-244
-173,-198
-126,-122
-110,-113
-153,-142
-112,-120
-133,-125
-116,-110
-185,-171
-115,-109
118,133
130,130
-128,-128
118,-105
116,122
-145,-138
-178,-179
-114,-109
-107,-102
-172,-158
-120,-133
102,104
124,105
-130,-135
-173,-157
135,134
-128,-114
110,109
-131,-132
-164,-161
-113,-124
-191,-187
105,-104
-123,-118
-117,-124
138,128
126,123
-197,-187
-197,-191
-190,-202
133,121
100,115
104,104
100,114
-178,-188
112,106
-148,-162
-116,-118
-172,-184
-230,-260
-196,-184
134,134
-198,-210
-142,-142
-190,-172
-180,-174
100,116
-118,-132
-174,-196
-205,-240
-168,-174
-144,-138
-172,-190
-116,-104
-180,-188
106,108
102,-108
-112,-142
-162,-178
-190,-200
-188,-196
-240,-240
-146,-138
128,114
-225,-245
-156,-162
-142,-144
-164,-154
-110,100
-152,-144
-136,-158
-172,-184
-184,-166
-162,-190
-188,-168
120,114
-240,-255
-148,-154
-144,-152
-260,-290
124,126
-112,-102
-110,-118
-174,-168
-152,-158
-120,-146
-172,-184
-162,-164
100,112
-118,-132
-200,-190
-124,-126
-132,-132
-118,-120
-230,-260
134,124
100,-104
122,118
-166,-188
-134,-126
-142,-152
-235,-295
-158,-144
-106,100
-138,-142
120,108
-142,-154
-112,-108
-260,-275
132,138
-120,-118
-156,-154
-275,-290
-122,-142
-148,-146
-255,-290
100,-106
118,122
132,120
-166,-162
-112,-116
-205,-230
144,130
106,106
-166,-154
104,-102
220,235
-168,-168
116,110
100,102
-172,-162
-120,-112
132,136
-184,-180
156,160
-110,-102
177,177
-116,-124
-112,-108
102,-102
245,240
-144,-144
106,-106
100,-112
-188,-196
-120,-110
122,132
-118,100
-103,-104
-156,-168
198,190
132,124
-142,-144
-106,-108
-108,-112
146,144
-112,-122
-120,-120
-120,-120
-275,-295
-118,-112
132,138
-132,-120
-136,-142
130,134
118,114
118,114
126,140
-144,-154
-116,110
-108,-108
-108,-102
114,110
-108,-118
-120,-120
-104,-102
-118,-134
-126,-122
-118,-130
134,144
134,130
-116,-118
120,120
-108,108
-106,-112
130,130
-106,-102
-138,-116
132,132
-144,-144
-188,-260
-162,-154
144,144
-122,-138
108,108
154,140
-116,-120
118,130
-162,-164
114,108
128,132
-102,100
-108,-110
108,114
-106,104
-168,-196
-146,-130
130,134
-124,-130
100,106
130,116
108,116
136,128
-142,-142
-190,-180
-190,-200
-162,-188
108,120
-122,-124
-180,-178
-138,-152
116,-102
114,116
-134,-136
-198,-178
-168,-180
-162,-144
-184,-210
-215,-220
-198,-180
-142,-136
-178,-178
-144,-156
-126,-118
-132,-138
-108,-120
166,144
118,118
-134,-152
-174,-168
-130,-130
-158,-166
-166,-178
-178,-188
-180,-190
-138,-144
-126,-124
-164,-146
-102,106
-112,-116
-116,-136
120,118
104,100
-154,-188
-215,-225
-136,-136
-168,-166
-180,-205
-118,-130
-184,-180
-184,-178
-112,-108
-126,-134
-130,-124
-180,-196
-106,100
-162,-178
-245,-225
-190,-172
-180,-188
144,144
-158,-162
-126,-130
-138,-148
118,106
103,116
106,102
-180,-166
-146,-138
-172,-169
116,125
-118,-120
-194,-188
-200,-168
-115,-113
-111,-108
112,116
-144,-166
-142,-162
100,112
-116,-112
-112,-108
-178,-166
-144,-138
-190,-196
108,108
106,104
-220,-190
-184,-196
-126,-130
-108,-106
-112,-102
-152,-134
-162,-168
-108,-118
-102,102
-166,-166
-290,-260
-124,-124
-198,-198
-102,-104
-132,-126
-124,-130
104,108
100,100
129,128
-101,-126
-115,-111
101,102
-164,-168
-164,-161
-112,-110
-142,-130
-138,-124
254,253
-133,-133
-135,-146
-129,-123
-155,-149
-136,-142
101,-105
-142,-135
-161,-141
-124,-115
-164,-157
-124,-120
-105,-118
-102,101
-146,-129
247,235
-130,-137
-115,-118
143,126
-160,-150
-140,-146
123,121
-133,-131
-107,103
-117,103
-142,-144
-118,-105
-104,-112
100,100
-140,-128
208,175
-118,-118
-116,-130
-137,-143
-151,-153
-101,102
141,140
-116,-120
-150,-135
-123,-136
109,-102
104,101
222,171
-111,-132
-103,-107
-127,-129
141,137
-106,-105
101,100
-157,-144
158,154
-153,-154
-110,-118
-110,-105
-117,-121
-107,-104
128,125
-147,-148
-126,-121
-122,-123
-143,-137
118,130
-101,104
-130,-136
-183,-176
184,171
-158,-166
-130,-145
-152,-145
-130,-129
-132,-134
137,136
-138,-163
-168,-198
122,113
-150,-147
116,116
-154,-147
147,136
-102,-112
-214,-222
149,133
109,100
134,126
-147,-140
116,106
-147,-128
-118,-135
142,127
-101,-104
-216,-193
118,-104
-154,-145
-110,-104
130,137
119,101
-134,-126
-115,-119
-133,-155
-138,-143
-125,-122
-137,-129
125,130
-115,-103
-134,-141
-131,-120
-146,-128
130,135
-102,-102
-130,-139
-111,-120
-120,-120
-114,-106
-133,-121
-119,-106
-132,-134
115,114
-130,-118
-211,-159
-211,-159
-119,-115
-124,-114
-112,-109
117,116
-107,-104
-122,-114
-142,-131
-170,-200
113,118
-132,-130
143,140
-114,-111
-129,-118
114,107
-292,-287
-135,-137
101,-110
-120,-120
107,109
104,103
-150,-153
-159,-149
-178,-168
109,111
-110,-126
-272,-272
-127,-125
-194,-187
117,115
-134,-134
-117,-120
100,-104
-128,-110
-106,100
101,-111
-133,-124
-155,-151
114,121
-123,-123
-221,-229
-111,-109
-147,-143
104,101
128,125
-115,-112
-220,-220
-135,-147
-135,-147
-198,-185
114,115
-122,-123
-168,-150
-117,-123
-117,-123
-123,-124
-125,-116
139,141
-138,-131
152,148
-138,-130
-143,-136
-128,-130
-175,-178
-105,-104
105,100
109,-107
-113,-109
158,156
-131,-135
-108,-116
101,102
113,113
-105,101
119,120
-137,-134
-175,-169
-127,-132
-161,-163
118,124
-117,-125
109,108
-124,-127
190,188
-160,-160
-123,-131
-131,-130
120,128
-119,-114
128,116
-123,-105
-172,-172
-116,-116
-210,-210
-105,-106
128,120
119,118
-121,-121
148,148
-152,-145
-154,-169
101,120
-120,-119
101,112
-139,-134
120,120
-197,-206
-102,-107
-149,-142
-115,-111
168,172
-197,-116
138,124
-196,-205
101,102
-122,-118
-121,-127
-125,-136
-179,-200
-120,-124
-132,-132
-145,-145
-102,-102
197,188
-180,-180
-159,-159
-131,-131
119,102
-133,-126
-109,-102
-127,-127
100,100
-164,-154
-189,-158
-128,-128
-105,103
-132,-136
174,186
-107,-105
145,133
-163,-160
114,110
-113,-120
-157,-154
-125,-123
-188,-188
-121,-122
-137,-119
127,123
-192,-195
-109,-108
-105,-107
-154,-149
114,116
-105,-102
-143,-135
-208,-213
113,103
-126,-138
-114,-105
-137,-138
-141,-141
-126,-134
118,119
-132,-127
-131,-124
116,106
-177,-170
120,115
-103,-104
-136,-129
-184,-176
120,115
-156,-156
-134,-168
-130,-130
-114,-117
-156,-151
116,111
-124,-114
103,-101
-102,-102
-124,-115
-110,-121
-128,-120
-299,-287
110,104
-132,-124
-130,-136
-122,-122
-150,-150
-118,-103
113,124
-125,-145
-110,-110
-107,-110
-118,-117
-138,-134
-178,-176
126,135
-166,-166
134,130
108,102
-121,-118
-314,-275
-142,-138
-105,-104
-125,-142
-295,-318
149,178
-133,-130
-137,-134
106,101
129,120
146,117
-115,-117
-144,-154
-143,-141
-105,101
-177,-174
-108,-119
109,113
-147,-161
-228,-239
100,102
-144,-144
-156,-171
-102,-101
-131,-122
130,144
120,117
-139,-133
-169,-161
-165,-145
-126,-106
-144,-132
-170,-166
120,102
-152,-148
119,116
-104,-116
-173,-194
-109,-121
123,121
-106,-116
-110,-102
-125,-126
-131,-129
140,133
-104,-106
184,184
-103,-102
112,110
107,104
-130,-131
128,110
-145,-137
-125,-125
-108,-107
-137,-130
-116,-104
-155,-161
140,149
109,106
112,119
121,118
128,130
-118,-103
123,126
-165,-170
-101,-105
-125,-113
-130,-129
112,106
-147,-138
-112,-115
-148,-148
-133,-123
-111,-121
106,106
121,118
103,111
110,105
133,127
-161,-152
124,115
-145,-143
-145,-140
119,109
-138,-130
-154,-150
127,127
-122,-118
-162,-159
-111,-121
-110,-110
112,117
-102,-137
-148,-137
133,120
-159,-153
-136,-130
123,125
-115,-103
-114,-109
-142,-132
140,146
-136,-131
-132,-128
-111,-121
124,120
-127,-132
-111,-121
116,139
-111,-121
102,106
-117,-123
112,110
-125,-109
-111,-110
-142,-135
166,172
-138,-144
-170,-163
-141,-133
171,161
110,116
-115,-110
112,104
116,109
-112,-110
-125,-106
100,101
111,101
-140,-137
125,123
-114,-117
-112,-121
-184,-184
-159,-157
100,106
-125,-120
-176,-172
-111,-121
-106,-104
-107,-110
145,145
105,101
-142,-141
-144,-146
-133,-121
-206,-184
-205,-218
133,127
-122,-106
103,118
-187,-168
106,-101
-111,-107
124,128
121,110
-102,-113
-102,-113
-152,-139
-113,-124
-182,-160
-177,-182
-166,-169
-108,-120
-111,-121
116,103
-127,-135
137,129
-111,-121
-117,-117
121,109
-160,-162
-154,-166
-121,-126
-121,-126
-159,-156
-187,-190
-153,-142
-120,-114
-131,-122
108,104
111,109
-151,-125
-217,-221
-111,-121
130,110
-166,-168
-104,-107
119,-101
101,-105
101,-105
-139,-122
-128,-127
-109,-111
-109,-106
-130,-135
113,107
-181,-200
-220,-220
174,171
-131,-132
-128,-125
-101,102
-107,-109
-101,-102
-110,-110
-142,-148
-140,-160
115,-111
128,-107
-115,-110
-116,-116
-140,-140
-390,-223
134,129
-108,-120
-181,-185
-108,-108
-109,109
-105,-105
111,-111
-137,-143
-162,-154
-128,-128
-154,-154
115,115
-123,-122
-106,-112
-123,-114
-154,-148
112,116
-140,-135
-133,-121
-108,-109
-112,-113
105,123
144,132
-123,-126
120,119
102,-109
-115,-125
123,122
111,115
-119,-108
-156,-185
114,117
-132,-146
-133,-151
-123,-160
-120,-122
-102,158
-101,-103
-121,-102
113,109
-102,-128
111,111
133,136
118,113
-110,-115
-180,-188
-103,104
-145,-141
-155,-151
-150,-160
-214,-120
162,158
108,100
100,100
122,116
-125,-128
-122,-122
135,138
-140,-137
-168,-149
108,112
-137,-125
-152,-137
-143,-143
-207,-190
-208,-125
137,143
-113,-108
-136,-138
100,-102
-139,-143
-132,-148
-230,-212
107,111
-200,-242
-156,-157
-110,-111
-118,-123
-120,-122
-135,-132
-123,-112
106,106
-107,-107
-143,-143
-112,-112
-140,-140
-210,-225
-150,-139
-140,-140
-145,-129
-148,-141
133,125
-152,-149
-130,-132
-147,-143
-141,-139
169,172
-196,-196
-161,-161
-102,-101
-183,-183
-109,-108
-130,-137
-108,-108
-200,-252
122,118
-145,-142
118,111
-145,-137
-126,-126
-179,-182
-140,-138
-110,-108
123,125
-191,-191
-104,-108
106,107
134,132
-175,-140
-141,-143
-128,-128
-103,-103
-113,-107
-122,-125
107,104
-132,-123
-150,-145
117,117
-345,-312
-125,-107
112,116
231,214
-150,-140
-112,-110
-147,-155
-130,-130
-137,-137
-136,-141
-103,-103
-163,-163
-147,-139
-102,107
-102,-105
-200,-206
-105,-105
-107,-111
158,160
-122,-126
-145,-145
-126,-125
149,154
100,-102
-151,-145
-130,-128
118,112
-119,-122
117,111
129,130
-106,-107
105,107
-105,-104
110,114
-109,-112
-120,-125
-124,-135
111,111
111,110
-124,-122
135,141
104,107
134,139
-103,103
-104,-106
120,114
-148,-154
-106,-105
-160,-158
187,175
-129,-128
100,102
-113,-111
109,108
-166,-164
147,149
-116,-115
135,132
104,-104
-104,-105
138,137
-137,-135
-112,-108
-114,-115
-121,-120
128,132
101,100
125,126
-108,-108
-114,-120
-134,-137
-122,-123
-135,-130
-238,-236
149,148
101,100
-119,-116
-107,-110
132,134
-123,-126
-128,-122
-185,-207
-105,-116
112,105
110,105
-125,-110
-114,-114
-108,102
-139,-163
101,102
-125,-121
133,121
117,136
179,185
-119,-111
-127,-116
-167,-148
126,119
113,112
-135,-124
-155,-150
-111,-122
-109,-108
103,113
106,106
-118,-116
-103,-101
167,171
-110,-107
-128,-134
-174,-188
-124,-127
-159,-150
-149,-159
-192,-186
-162,-172
-119,-114
-134,-131
-204,-205
-113,-116
-125,-125
-135,-131
-129,-120
-109,-113
-149,-151
-163,-165
-137,-138
-146,-151
-148,-144
-151,-167
108,107
-184,-194
108,105
-159,-169
-133,-137
-106,-101
-133,-125
-124,-124
-137,-139
-113,-111
-175,-170
-122,-118
-171,-181
-102,-103
115,113
-184,-180
-123,-124
-137,-137
107,104
-170,-163
114,108
-138,-133
-117,-114
-153,-157
-146,-138
-112,-111
-120,-131
-134,-133
-153,-154
-120,-119
-124,-108
-256,-269
-112,-111
-202,-206
106,105
-117,-121
-213,-182
121,122
-117,-120
144,143
-154,-153
-163,-165
-124,-123
-117,-117
-119,-116
-186,-183
-179,-199
-134,-137
-244,-217
-136,-139
-118,-115
182,183
-126,-126
-128,-128
-162,-163
-125,-125
-141,-160
-129,-127
-132,-118
-192,-172
-104,-110
126,124
-212,-228
111,112
-125,-129
-111,-114
125,130
-126,-113
-126,-126
-126,-126
-117,-119
-119,-124
-180,-174
-138,-144
-108,-107
130,133
-123,-130
145,142
111,109
112,114
133,134
-102,-103
149,148
-127,-117
-184,-182
-110,-109
-116,-134
-101,101
116,116
-114,100
159,155
-154,-159
140,123
100,101
149,139
101,-109
101,103
116,113
-153,-148
-141,-143
-115,-114
114,101
121,105
-111,-113
121,-110
108,112
157,155
104,104
-120,-120
-140,-127
146,151
128,116
-101,101